-- phpMyAdmin SQL Dump
-- version 5.1.1
-- https://www.phpmyadmin.net/
--
-- Host: 127.0.0.1
-- Generation Time: Jun 27, 2022 at 08:48 AM
-- Server version: 10.4.22-MariaDB
-- PHP Version: 8.1.2

SET SQL_MODE = "NO_AUTO_VALUE_ON_ZERO";
START TRANSACTION;
SET time_zone = "+00:00";


/*!40101 SET @OLD_CHARACTER_SET_CLIENT=@@CHARACTER_SET_CLIENT */;
/*!40101 SET @OLD_CHARACTER_SET_RESULTS=@@CHARACTER_SET_RESULTS */;
/*!40101 SET @OLD_COLLATION_CONNECTION=@@COLLATION_CONNECTION */;
/*!40101 SET NAMES utf8mb4 */;

--
-- Database: `exp`
--

-- --------------------------------------------------------

--
-- Table structure for table `agent`
--

CREATE TABLE `agent` (
  `agid` int(11) NOT NULL,
  `perid` int(11) DEFAULT NULL,
  `agname` varchar(25) NOT NULL,
  `agadd` varchar(35) NOT NULL,
  `adnic` varchar(15) NOT NULL,
  `aplicant_id` int(11) NOT NULL,
  `district` varchar(50) NOT NULL
) ENGINE=InnoDB DEFAULT CHARSET=utf8mb4;

--
-- Dumping data for table `agent`
--

INSERT INTO `agent` (`agid`, `perid`, `agname`, `agadd`, `adnic`, `aplicant_id`, `district`) VALUES
(82, 92, 'AG සුමිත් අසංක ආරියතිලක', 'ගුරුවෙලයාය, දේවගිරිය.', '901462348V', 80, 'Matale'),
(83, 93, '', '', '', 80, 'Matale'),
(84, 94, '', '', '', 81, 'Matale'),
(85, 95, '', '', '', 82, 'Matale'),
(86, 96, 'සමන් දිසානායත', 'පලාපත්වල', '758567899ඪ', 83, 'Matale');

-- --------------------------------------------------------

--
-- Table structure for table `ampara`
--

CREATE TABLE `ampara` (
  `gncode` int(3) NOT NULL,
  `gnname` varchar(29) DEFAULT NULL,
  `divsec` int(2) DEFAULT NULL
) ENGINE=InnoDB DEFAULT CHARSET=utf8;

--
-- Dumping data for table `ampara`
--

INSERT INTO `ampara` (`gncode`, `gnname`, `divsec`) VALUES
(1, 'රිදීඇල', 1),
(2, 'බක්මීදෙණිය', 1),
(3, 'දෙහිඅත්තකණ්ඩිය', 1),
(4, 'කදිරාපුර', 1),
(5, 'මාවනාගම', 1),
(6, 'ලිහිණියාගම', 1),
(7, 'සේරුපිටිය', 1),
(8, 'සදමඩුල්ල', 1),
(9, 'සඳුන්පුර', 1),
(10, 'පරණගම', 1),
(11, 'ඉහලගම', 1),
(12, 'නවමැදගම', 1),
(13, 'වැව්මැදගම', 1),
(14, 'ගල්ඔඩේ', 2),
(15, 'පලතුරුවැල්ල', 2),
(16, 'පුළුන්ගස්මුල්ල', 2),
(17, 'සේරන්කඩ', 2),
(18, 'උනාපාන', 2),
(19, 'හාගම්වෙල', 2),
(20, 'කිරවාන', 2),
(21, 'පදියතලාව', 2),
(22, 'තලාපිටියඔය වම', 2),
(23, 'සරණගම', 2),
(24, 'පල්ලෙගම', 2),
(25, 'මොරදෙණිය', 2),
(26, 'තලාපිටඔය දකුණ', 2),
(27, 'හෝලිකේ', 2),
(28, 'කෙහෙල්උල්ල', 2),
(29, 'මිරිස්වත්ත', 2),
(30, 'කොළමන්තලාව', 2),
(31, 'දොරකුඹුර', 2),
(32, 'මරංගල', 2),
(33, 'කෝමාන', 2),
(34, 'බෝගමුයාය', 3),
(35, 'ටැම්පිටිය', 3),
(36, 'පූලාවල', 3),
(37, 'බැදිරැක්ක', 3),
(38, 'උණුවතුර බුබුල', 3),
(39, 'ඉද්දපොල', 3),
(40, 'තැපැල්පොල', 3),
(41, 'මහඔය', 3),
(42, 'සමගිපුර', 3),
(43, 'බොරපොල', 3),
(44, 'කෑලවින්න', 3),
(45, 'දඔදෙණිය', 3),
(46, 'කැකිරිහේන', 3),
(47, 'කුඩාහරස්ගල', 3),
(48, 'ලාහුගල', 3),
(49, 'පොල්ලේබැද්ද', 3),
(50, 'අරන්තලාව', 3),
(51, 'පියංගල', 4),
(52, 'නුගේලන්ද උතුර', 4),
(53, 'නුගේලන්ද දකුණ', 4),
(54, 'බක්කිඇල්ල', 4),
(55, 'රජගලතැන්න දකුණ', 4),
(56, 'රජගලතැන්න උතුර', 4),
(57, 'ගොනාගොල්ල', 4),
(58, 'ගලපිටගල බටහිර', 4),
(59, 'ගලපිටගල නැගෙනහිර', 4),
(60, 'කොත්මලේ', 4),
(61, 'මායාදුන්න', 4),
(62, 'නවගිරියාව', 4),
(63, 'බණ්ඩාරදූව', 4),
(64, 'ලාතුගල', 4),
(65, 'බොක්කබැද්ද', 4),
(66, 'කෙහොඹාන', 4),
(67, 'වළගම්පුර', 4),
(68, 'වැරැන්කැටගොඩ', 4),
(69, 'සේනාගමඋතුර', 4),
(70, 'සේනාගම දකුණ', 4),
(71, 'ගෝනගල', 4),
(72, 'වෙහෙරගම නැගෙනහිර', 4),
(73, 'වෙහෙරගම බටහිර', 4),
(74, 'ගැමුණුපුර', 4),
(75, 'සියඔලාවැව', 4),
(76, 'රජගම උතුර', 4),
(77, 'රජගම දකුණ', 4),
(78, 'සුහදගම උතුර', 4),
(79, 'සුහදගම දකුණ', 4),
(80, 'කුමාරිගම', 4),
(81, 'කෝමාරිය', 4),
(82, 'උදාගිරිගම බටහිර', 4),
(83, 'උදාගිරිගම නැගෙනහිර', 4),
(84, 'ගලහිටියාගොඩ', 4),
(85, 'මහකණ්ඩිය', 4),
(86, 'කහටගස්යාය', 4),
(87, 'වැලිකහගොල්ල', 4),
(88, 'දෙමටමල්පැලැස්ස', 4),
(89, 'උහන', 4),
(90, 'උහන තිස්සපුර බටහිර', 4),
(91, 'උහන තිස්සපුර නැගෙනහිර', 4),
(92, 'උදයපුර', 4),
(93, 'සඳනදපුර', 4),
(94, 'වීරගොඩ උතුර', 4),
(95, 'වීරගොඩ දකුණ', 4),
(96, 'දඩයම්තලාව බටහිර', 4),
(97, 'දඩයම්තලාව නැගෙනහිර', 4),
(98, 'විජයපුර නැගෙනහිර', 4),
(99, 'විජයපුර බටහිර', 4),
(100, 'කුමුදුගම', 4),
(101, 'රුහුණුගම', 4),
(102, 'බුද්ධංගල', 4),
(103, 'පාලම් කදවුර', 4),
(104, 'හිමිදුරාව', 4),
(105, 'අභයපුර', 4),
(106, 'ද‍බේතලාව', 5),
(107, 'සාමපුර', 5),
(108, 'කරංගාව', 5),
(109, 'ගැමුණුපුර', 5),
(110, 'තිස්සපුර', 5),
(111, 'නවගම්පුර', 5),
(112, 'සේනානායකපුර', 5),
(113, 'ජයවර්ධනපුර', 5),
(114, 'ඉන්ද්‍රසාරපුර', 5),
(115, 'මිහිදුපුර', 5),
(116, 'සද්ධාතිස්සපුර', 5),
(117, 'කොටවෙහෙර', 5),
(118, 'පරගහකැලේ නැගෙනහිර', 5),
(119, 'පරගහකැලේ බටහිර', 5),
(120, 'අඔගහවැල්ල', 5),
(121, 'අඔමල්තලාව', 5),
(122, 'නාමල්තලාව', 5),
(123, 'නාමල්ඔය 02', 5),
(124, 'පොල්වගා ජනපදය', 5),
(125, 'වාවින්න උතුර', 5),
(126, 'වාවින්න දකුණ', 5),
(127, 'නාමල්ඔය 01', 5),
(128, 'මධ්‍යම කදවුර 01', 6),
(129, 'මධ්‍යම කදවුර 02', 6),
(130, 'මධ්‍යම කඳවුර 03', 6),
(131, 'මධ්‍යම කදවුර 05', 6),
(132, 'මධ්‍යම කදවුර 06', 6),
(133, 'මධ්‍යම කදවුර 04', 6),
(134, 'සාලම්වකේණි 03', 6),
(135, 'සාලම්වකේණි 04', 6),
(136, 'සාලම්වකේණි 05', 6),
(137, 'සාලම්වකේණි 01', 6),
(138, 'සාලම්වකේණි 02', 6),
(139, 'සෙරිකල්මුනේ 03', 6),
(140, 'සොරිකල්මුනේ 01', 6),
(141, 'සෙරිකල්මුනේ 02', 6),
(142, 'චවලකඩේ', 6),
(143, 'නාවිදන්වේලි 02', 6),
(144, 'අන්නමලේ 03', 6),
(145, 'අන්නමලේ 02', 6),
(146, 'නාවිදන්වේලි 01', 6),
(147, 'අන්නමලේ 01', 6),
(148, 'වීරමුනේ 04', 7),
(149, 'සමන්තුරෙයි 08', 7),
(150, 'සමන්තුරෙයි 06', 7),
(151, 'සමන්තුරෙයි දෙමළ පළාත් 01', 7),
(152, 'සමන්තුරෙයි දෙමළ පළාත් 04', 7),
(153, 'සමන්තුරෙයි දෙමළ පළාත් 02', 7),
(154, 'සමන්තුරෙයි 01', 7),
(155, 'සමන්තුරෙයි 02', 7),
(156, 'සමන්තුරෙයි 05', 7),
(157, 'කරුවඩ්ඩුකාල් 01', 7),
(158, 'කරුවඩ්ඩුකාල් 03', 7),
(159, 'කරුවඩ්ඩුකාල් 02', 7),
(160, 'සමන්තුරෙයි 11', 7),
(161, 'සමන්තුරෙයි 10', 7),
(162, 'සමන්තුරෙයි 09', 7),
(163, 'සමන්තුරෙයි 07', 7),
(164, 'සමන්තුරෙයි 04', 7),
(165, 'සමන්තුරෙයි දෙමළ පළාත් 03', 7),
(166, 'මඩ්ඩකලපුතරවායි 02', 7),
(167, 'මඩ්ඩකලපුතරවායි 01', 7),
(168, 'සමන්තුරෙයි 03', 7),
(169, 'වීරමුනායි 03', 7),
(170, 'වීරමුනායි 02', 7),
(171, 'වීරමුනායි 01', 7),
(172, 'සමන්තුරෙයි 12', 7),
(173, 'මල්වත්ත 02', 7),
(174, 'බොලොක් \'ජේ\' නැගෙනහිර 01', 7),
(175, 'බොලොක් \'ජේ\' බටහිර 02', 7),
(176, 'කල්ලාරිච්චෙල් 02', 7),
(177, 'බොලොක් \'ජේ\' බටහිර 01', 7),
(178, 'කල්ලාරිච්චෙයි 03', 7),
(179, 'උදංග 01', 7),
(180, 'උදංග 02', 7),
(181, 'විලිනයදි 01', 7),
(182, 'සෙනෙල්ග්‍රාමම් 01', 7),
(183, 'සෙන්නෙල්ග්‍රාමම් 02', 7),
(184, 'බ්ලොක් \'ජේ\' නැගෙනහිර 03', 7),
(185, 'බොලොක් \'ජේ\' නැගෙනහිර 02', 7),
(186, 'මලයාදිකිරමම් 01', 7),
(187, 'මලයාදිකිරමම් 03', 7),
(188, 'මල්වත්ත 03', 7),
(189, 'මල්වත්ත 01', 7),
(190, 'මල්කම්පිද්දි', 7),
(191, 'මලයාදිකිරමම් 04', 7),
(192, 'මලයාදිකිරමම් 02', 7),
(193, 'විලිනයිඩි 02', 7),
(194, 'විලිනයිඩි 03', 7),
(195, 'කල්ලාරිච්චෙල් 01', 7),
(196, 'වලාතපිට්ටි 02', 7),
(197, 'වලාතපිට්ටි 01', 7),
(198, 'මල්වත්ත 04', 7),
(199, 'කල්මුණ-1', 8),
(200, 'කල්මුණ-1A', 8),
(201, 'කල්මුණ-1B', 8),
(202, 'කල්මුණ-1C', 8),
(203, 'කල්මුණ-1D', 8),
(204, 'කල්මුණ-1E', 8),
(205, 'කල්මුණ-2', 8),
(206, 'කල්මුණ-2A', 8),
(207, 'කල්මුණ-2B', 8),
(208, 'කල්මුණ-3', 8),
(209, 'කල්මුණ-3A', 8),
(210, 'පන්දිරිප්පු-1', 8),
(211, 'පන්දිරිප්පු-1A', 8),
(212, 'පන්දිරිප්පු-1B', 8),
(213, 'පන්දිරිප්පු-1C', 8),
(214, 'පන්දිරිප්පු-2', 8),
(215, 'පන්දිරිප්පු-2A', 8),
(216, 'පන්දිරිප්පු-2B', 8),
(217, 'පන්දිරිප්පු-2C', 8),
(218, 'නට්පඩ්ඩිමුනාඉ TD 1', 8),
(219, 'නට්පඩ්ඩිමුනාඉ TD 2', 8),
(220, 'නට්පඩ්ඩිමුනාඉ TD 3', 8),
(221, 'චෙන්නෛපෙන්ඩිරිප්පු-1', 8),
(222, 'චෙන්නෛපෙන්ඩිරිප්පු-1A', 8),
(223, 'චෙන්නෛපෙන්ඩිරිප්පු-1B', 8),
(224, 'පෙරියනීලවනෛ-1', 8),
(225, 'පෙරියනීලවනෛ-1A', 8),
(226, 'පෙරියනීලවනෛ-1B', 8),
(227, 'පෙරියනීලවනෛ-2', 8),
(228, 'පෙරියනීලාවනි මුස්ලිම් කොටස 01', 9),
(229, 'පෙරියනීලාවනී මුස්ලිම් කොටස 02', 9),
(230, 'මරුදමූනේ 01', 9),
(231, 'මරුදමූනේ 02', 9),
(232, 'මරුදමූනේ 03', 9),
(233, 'මරුදුමුනේ 04', 9),
(234, 'මරුදුමුනේ 05', 9),
(235, 'මරුදමූනේ 06', 9),
(236, 'නට්පිටිමුනේ මුස්ලිම් කොටස 03', 9),
(237, 'නට්පිටිමූනේ මුස්ලිම් කොටස 02', 9),
(238, 'නට්පිටිමුනේ මුස්ලිම් කොටස 01', 9),
(239, 'නට්පිටිමුනේ මුස්ලිම් කොටස 05', 9),
(240, 'නට්පිටිමුනේ මුස්ලිම් කොටස 04', 9),
(241, 'ඉස්ලාමාබාත් සහ කල්මුණේ නගරය', 9),
(242, 'කල්මුනේ මුස්ලිම් කොටස', 9),
(243, 'කල්මුනේකුඩි 01', 9),
(244, 'කල්මුනේකුඩි 03', 9),
(245, 'කල්මුනේකුඩි 02', 9),
(246, 'කල්මුනේකුඩි 04', 9),
(247, 'කල්මුනේකුඩි 05', 9),
(248, 'කල්මුනේකුඩි 06', 9),
(249, 'කල්මුනේකුඩි 08', 9),
(250, 'කල්මුනේකුඩි 09', 9),
(251, 'කල්මුනේකුඩි 07', 9),
(252, 'කල්මුනේකුඩි 10', 9),
(253, 'කල්මුනේකුඩි 11', 9),
(254, 'කල්මුනේකුඩි 12', 9),
(255, 'කල්මුනේකුඩි 13', 9),
(256, 'කල්මුනේකුඩි 14', 9),
(257, 'සායින්දමරුදු 1', 10),
(258, 'සායින්දමරුදු 2', 10),
(259, 'සායින්දමරුදු 3', 10),
(260, 'සායින්දමරුදු 4', 10),
(261, 'සායින්දමරුදු 5', 10),
(262, 'සායින්දමරුදු 6', 10),
(263, 'සායින්දමරුදු 7', 10),
(264, 'සායින්දමරුදු 8', 10),
(265, 'සායින්දමරුදු 9', 10),
(266, 'සායින්දමරුදු 10', 10),
(267, 'සායින්දමරුදු 11', 10),
(268, 'සායින්දමරුදු 13', 10),
(269, 'සායින්දමරුදු 12', 10),
(270, 'සායින්දමරුදු 17', 10),
(271, 'සායින්දමරුදු 14', 10),
(272, 'සායින්දමරුදු 15', 10),
(273, 'සායින්දමරුදු 16', 10),
(274, 'මාවඩිපල්ලි බටහිර', 11),
(275, 'මාවඩිපල්ලි නැගෙනහිර', 11),
(276, 'මාලිගෙයිකාඩු බටහිර', 11),
(277, 'මාලිගෙයිකාඩු මධ්‍ය', 11),
(278, 'මාලිගෙයිකාඩු නැගෙනහිර', 11),
(279, 'කාරයිතීවු 03', 11),
(280, 'කාරයිතීවු 02', 11),
(281, 'කාරයිතීවු 01', 11),
(282, 'කාරයිතීවු 06', 11),
(283, 'කාරයිතීවු 05', 11),
(284, 'කාරයිතීවු 04', 11),
(285, 'කාරයිතීවු 08', 11),
(286, 'කාරයිතීවු 07', 11),
(287, 'කාරයිතීවු 10', 11),
(288, 'කාරයිතීවු 09', 11),
(289, 'කාරයිතීවු 11', 11),
(290, 'කාරයිතීවු 12', 11),
(291, 'නින්දවුර් 24', 12),
(292, 'නින්තවූර් 11', 12),
(293, 'නින්දවුර් 12', 12),
(294, 'නින්දවුර් 01', 12),
(295, 'නින්දවුර් 02', 12),
(296, 'නින්දවුර් 13', 12),
(297, 'නින්දවුර් 14', 12),
(298, 'නින්දවුර් 15', 12),
(299, 'නින්තවූර් 03', 12),
(300, 'නින්දවුර් 04', 12),
(301, 'නින්තවූර් 16', 12),
(302, 'නින්දවුර් 17', 12),
(303, 'නින්දවුර් 18', 12),
(304, 'නින්දවුර් 05', 12),
(305, 'නින්දවුර් 06', 12),
(306, 'නින්දවුර් 19', 12),
(307, 'නින්දවුර් 25', 12),
(308, 'නින්දවුර් 20', 12),
(309, 'නින්දවුර් 07', 12),
(310, 'නින්දවුර් 08', 12),
(311, 'නින්දවුර් 21', 12),
(312, 'නින්දවුර් 22', 12),
(313, 'නින්දවුර් 09', 12),
(314, 'නින්දවුර් 10', 12),
(315, 'නින්දවුර් 23', 12),
(316, 'දීඝවාපි-01', 13),
(317, 'ඔලුවිල් 01', 13),
(318, 'ඔලුවිල් 04', 13),
(319, 'ඔලුවිල් 06', 13),
(320, 'ඔලුවිල් 05', 13),
(321, 'ඔලුවිල් 03', 13),
(322, 'ඔලුවිල් 02', 13),
(323, 'පාලමුනෛ-06', 13),
(324, 'ඔලුවිල් 07', 13),
(325, 'පාලමුනෛ-02', 13),
(326, 'පාලමුනෛ-01', 13),
(327, 'පාලමුන 03', 13),
(328, 'පාලමුනෛ-04', 13),
(329, 'පාලමුන 05', 13),
(330, 'අඩ්ඩාලචේන 02', 13),
(331, 'අඩ්ඩාලචේන 09', 13),
(332, 'අඩ්ඩාලචේන 10', 13),
(333, 'අඩ්ඩාලචේන 08', 13),
(334, 'අඩ්ඩාලචේන 06', 13),
(335, 'අඩ්ඩාලචේන 01', 13),
(336, 'අඩ්ඩාලචේන 11', 13),
(337, 'අඩ්ඩාලචේන 03', 13),
(338, 'අඩ්ඩාලචේන 07', 13),
(339, 'අඩ්ඩාලචේන 12', 13),
(340, 'අඩ්ඩාලචේන 14', 13),
(341, 'අඩ්ඩාලචේන 13', 13),
(342, 'අඩ්ඩාලචේන 04', 13),
(343, 'අඩ්ඩාලචේන 15', 13),
(344, 'අඩ්ඩාලචේන 16', 13),
(345, 'අඩ්ඩාලචේන 05', 13),
(346, 'අඩ්ඩාලචේන 17', 13),
(347, 'දීඝවාපිය 02', 13),
(348, 'ඉරක්කාමම් 07', 14),
(349, 'වරිප්පත්තාන්චේනයි 01', 14),
(350, 'ඉරක්කාමම් 02', 14),
(351, 'ඉරක්කාමම් 08', 14),
(352, 'ඉරක්කාමම් 09', 14),
(353, 'ඉරක්කාමම් 06', 14),
(354, 'ඉරක්කාමම් 01', 14),
(355, 'ඉරක්කාමම් 03', 14),
(356, 'වරිප්පත්තාන්චේනයි 03', 14),
(357, 'ඉරක්කාමම් 05', 14),
(358, 'ඉරක්කාමම් 04', 14),
(359, 'වරිප්පත්තාන්චේනයි 02', 14),
(360, 'ආලීම් නගර්', 15),
(361, 'ඉසංගනිසීමයි', 15),
(362, 'පල්ලිකුඩියිරුප්පු 02', 15),
(363, 'පට්ටියඩිපිට්ටි', 15),
(364, 'අක්කරපත්තුව-6', 15),
(365, 'අක්කරපත්තුව-5', 15),
(366, 'අක්කරපත්තුව-4', 15),
(367, 'අක්කරපත්තුව-16', 15),
(368, 'අක්කරපත්තුව-15', 15),
(369, 'අක්කරපත්තුව-14', 15),
(370, 'අක්කරපත්තුව-13', 15),
(371, 'අක්කරපත්තුව-12', 15),
(372, 'අක්කරපත්තුව-11', 15),
(373, 'අක්කරපත්තුව-1', 15),
(374, 'නගර කොට්ඨාශය-3', 15),
(375, 'අක්කරපත්තුව-10', 15),
(376, 'නගර කොට්ඨාශය-2', 15),
(377, 'අක්කරපත්තුව-2', 15),
(378, 'අක්කරපත්තුව-3', 15),
(379, 'අක්කරපත්තුව-17', 15),
(380, 'අක්කරපත්තුව-18', 15),
(381, 'අක්කරපත්තුව-20', 15),
(382, 'අක්කරපත්තුව-21', 15),
(383, 'පල්ලික්කුඩියිරිප්පු-1', 15),
(384, 'අක්කරපත්තුව-19', 15),
(385, 'නගර ‍කොට්ඨාශය-1', 15),
(386, 'නගර කොට්ඨාශය-5', 15),
(387, 'නගර කොට්ඨාශය-4', 15),
(388, 'අක්කරෙයිපත්තු 8/1', 16),
(389, 'අක්කරෙයිපත්තු 9', 16),
(390, 'අක්කරෙයිපත්තු 8/3', 16),
(391, 'අක්කරෙයිපත්තු 8/2', 16),
(392, 'අක්කරෙයිපත්තු 7/1', 16),
(393, 'අක්කරෙයිපත්තු 7/2', 16),
(394, 'වාච්චිකුඩා', 16),
(395, 'කන්නෙගිග්‍රාමය 01', 16),
(396, 'අලිගම්බයි', 16),
(397, 'අක්කරෙයිපත්තු 7/4', 16),
(398, 'අක්කරෙයිපත්තු 7/3', 16),
(399, 'අක්කරෙයිපත්තු 7', 16),
(400, 'අක්කරෙයිපත්තු 8', 16),
(401, 'සින්නමුගත්තුවාරම්', 16),
(402, 'කෝලාවිල් 03', 16),
(403, 'නාවක්කාඩු', 16),
(404, 'කෝලාවිල් 02', 16),
(405, 'කෝලාවිල් 01', 16),
(406, 'පනංකාඩු', 16),
(407, 'සින්නපනංකාඩු', 16),
(408, 'කන්නෙගිග්‍රාමය 02', 16),
(409, 'ආලයඩිවෙම්බු', 16),
(410, 'කීනවත්ත', 17),
(411, 'මුවංගල', 17),
(412, 'ගල්මඩුව', 17),
(413, 'උක්සිරිපුර', 17),
(414, 'හෙළගම්පුර', 17),
(415, 'කරලෑව', 17),
(416, 'හිඟුරාණ', 17),
(417, 'දිවියාගල', 17),
(418, 'පාදාගොඩ', 17),
(419, 'පහලලන්ද', 17),
(420, 'හිඳකළුගම', 17),
(421, 'කළුගොල්ල', 17),
(422, 'දේවාලහිඳ', 17),
(423, 'කොක්නහර', 17),
(424, 'මොරගහපල්ලම', 17),
(425, 'දමන', 17),
(426, 'අලහේන', 17),
(427, 'මඩවලලන්ද', 17),
(428, 'මඩාන', 17),
(429, 'එග්ගල්ඔය', 17),
(430, 'කෙත්සිරිගම', 17),
(431, 'ගල්කන්ද', 17),
(432, 'පල්ලන්ඔය', 17),
(433, 'කිවුලේගම', 17),
(434, 'තිඕරිගොල්ල', 17),
(435, 'අම්බලන්ඹය', 17),
(436, 'වෙහෙරගල', 17),
(437, '18 ඒ ජනපදය', 17),
(438, 'තොට්ටම', 17),
(439, 'කුමන', 17),
(440, 'වඩිනාගල', 17),
(441, 'පන්නල්ගම', 17),
(442, 'බත්මිටියාව', 17),
(443, 'තම්බට්ටාඉ 2', 18),
(444, 'තම්බට්ටාඉ 1', 18),
(445, 'තම්බිලුවිල් 01 බස්නාහිර', 18),
(446, 'තම්බිලුවිල් 01 නැගෙනහිර', 18),
(447, 'තම්බිලුවිල් 01 දකුණ', 18),
(448, 'සගමම්', 18),
(449, 'තම්බිලුවිල් 02 බටහිර', 18),
(450, 'තම්බිලුවිල් 02 උතුර', 18),
(451, 'තම්බිලුවිල් 02 නැගෙනහිර', 18),
(452, 'තිරුක්කෝවිල් 03', 18),
(453, 'තිරුක්කෝවිල් 01', 18),
(454, 'තිරුක්කෝවිල් 02', 18),
(455, 'විනායගපුරම්-04', 18),
(456, 'විනායගපුරම්-01', 18),
(457, 'විනායගපුරම්-02', 18),
(458, 'තිරුක්කෝවිල් 04', 18),
(459, 'කාඤ්සිරංකුඩා', 18),
(460, 'කඤ්සිකුඩියාරු', 18),
(461, 'විනායගපුරම්-03', 18),
(462, 'සංකමන් ග්‍රාමම්', 18),
(463, 'තාන්ඩියඩි', 18),
(464, 'තංකවෙලායුතපුරම්', 18),
(465, 'සංගමන් කණ්ඩි', 19),
(466, 'සින්න උල්ල', 19),
(467, 'සින්න පුත්තුක්කුඩියිරුප්පු', 19),
(468, 'වික්ටර් වත්ත - ඒකක 02', 19),
(469, 'වට්ටිවේලි', 19),
(470, 'වික්ටර් වත්ත - ඒකක 01', 19),
(471, 'රසාක් මවුලානා නගර්', 19),
(472, 'සර්වෝදය පුරම්', 19),
(473, 'පොතුවිල් 02 - ඒකක II', 19),
(474, 'කුණ්ඩුමඩු', 19),
(475, 'පොතුවිල් 02 - ඒකක 2', 19),
(476, 'පාක්‍යවත්ත 2', 19),
(477, 'පසරිච්චේනයි', 19),
(478, 'පොතුවිල් නගරය', 19),
(479, 'පාක්‍යවත්ත ඒකක 1', 19),
(480, 'කෝමාරි ඒකක 02', 19),
(481, 'කෝමාරි ඒකක 01', 19),
(482, 'කලපුකට්ටු', 19),
(483, 'ජලාල්දීන් චතුරශ්‍රය', 19),
(484, 'හිදායා පුරම් ඒකක 2', 19),
(485, 'හිදායා පුරම් ඒකක 1', 19),
(486, 'කණකර් කිරාමම්', 19),
(487, 'හිජිරා නගරය', 19),
(488, 'පොතුවිල් 01- ඒකක 1', 19),
(489, 'Madhuranchenai', 19),
(490, 'ඉන්ස්පෙක්ටර් ඒත්තම්', 19),
(491, 'පොතුවිල් 02 - ඒකක 1', 19),
(492, 'කඳහිගම', 20),
(493, 'හුලන්නුගේ බටහිර', 20),
(494, 'හුලන්නුගේ', 20),
(495, 'ලාහුගල පැරණිගම', 20),
(496, 'ලාහුගල', 20),
(497, 'දේවාලගොඩ', 20),
(498, 'පන්සල්ගොඩ', 20),
(499, 'පානම බටහිර', 20),
(500, 'ශාස්ත්‍රවෙල', 20),
(501, 'පානම මධ්‍යම', 20),
(502, 'පානම උතුර', 20),
(503, 'පානම දකුණ', 20);

-- --------------------------------------------------------

--
-- Table structure for table `anuradhapura`
--

CREATE TABLE `anuradhapura` (
  `gncode` int(3) NOT NULL,
  `gnname` varchar(22) DEFAULT NULL,
  `divsec` int(2) DEFAULT NULL
) ENGINE=InnoDB DEFAULT CHARSET=utf8;

--
-- Dumping data for table `anuradhapura`
--

INSERT INTO `anuradhapura` (`gncode`, `gnname`, `divsec`) VALUES
(1, 'බුද්ධංගල', 1),
(2, 'ඇලිකිඹුලාගල', 1),
(3, 'අභයපුර', 1),
(4, '‍මෛත්‍රීපුර', 1),
(5, 'පරාක්‍රමපුර', 1),
(6, 'බී යාය', 1),
(7, 'බිසෝකොටුව', 1),
(8, 'සුදර්ශනගම', 1),
(9, 'බාලයාවැව', 1),
(10, 'මහසෙන්පුර', 1),
(11, 'ඌරෑව', 1),
(12, 'කුඹුක්වැව', 1),
(13, 'රුවන්පුර', 1),
(14, 'බෝගහ වැව', 1),
(15, 'පදවිය', 1),
(16, 'හල්මිල්ලවැටිය', 2),
(17, 'කණුගහවැව', 2),
(18, 'හේරත්හල්මිල්ලෑව', 2),
(19, 'බෙල්ලන්කඩවල', 2),
(20, 'පුංචිමුදාගම', 2),
(21, 'වාහල්කඩ ඩී 6', 2),
(22, 'වාහල්කඩ ඩී 5', 2),
(23, 'වාහල්කඩ ඩී 4', 2),
(24, 'කහටගොල්ලෑව', 2),
(25, 'තම්මන්නාව', 2),
(26, 'කුංචුට්ටුව', 2),
(27, 'ගලවැව', 2),
(28, 'තිත්තගෝනැව', 2),
(29, 'කුරුළුගම', 2),
(30, 'සිංහල ඇටවීරවැව', 2),
(31, 'ඊතල්විද්දවැව', 2),
(32, 'ගෝනුමැරියාව', 2),
(33, 'කැබිතිගොල්ලෑව', 2),
(34, 'ඉහල උස්ගොල්ලැව', 2),
(35, 'අයියතිගේවැව', 2),
(36, 'බණ්ඩාරඋල්පත', 2),
(37, 'කිරිකෙටුවැව', 2),
(38, 'ගෝනුහද්දෙනාව', 2),
(39, 'තිඹිරිවැව', 2),
(40, 'කිරිමැටියාව', 2),
(41, 'වත්තේවැව', 2),
(42, 'ප්‍රබෝධගම', 3),
(43, 'පරණහල්මිල්ලෑව', 3),
(44, 'ලෝලුගස්වැව', 3),
(45, 'පුහුදිවුල', 3),
(46, 'හීරල්ලුගම', 3),
(47, 'ඇතාකඩ', 3),
(48, 'ඇටවීරගොල්ලෑව', 3),
(49, 'කඩවත් රඹෑව', 3),
(50, 'මහකුඹුක්ගොල්ලැව', 3),
(51, 'කිඩවරන්කුලම', 3),
(52, 'ආනේකටිටිය', 3),
(53, 'පෙරියකුලම', 3),
(54, 'පූනෑව', 3),
(55, 'ඉ‍සින්බැස්සගම', 3),
(56, 'මහදිවුල්වැව', 3),
(57, 'කිඩාගලේගම', 3),
(58, 'මොරගොඩ', 3),
(59, 'උණගස්වැව', 3),
(60, 'කිරිගල්වැව', 3),
(61, 'අගුනොචීචිය', 3),
(62, 'ඇකිරිකන්ද', 3),
(63, 'දුම්රිය නගරය', 3),
(64, 'කඩවත්ගම', 3),
(65, 'කුඩාකුඹුක්ගොල්ලෑව', 3),
(66, 'යකාවැව', 3),
(67, 'තමිමැන්නාඇලවක', 3),
(68, 'පුල්එළිය', 3),
(69, 'විරාල්මුරුප්පුව', 3),
(70, 'වල්පොල', 3),
(71, 'කටුවෙල', 3),
(72, 'මැදවචීචිය බටහිර', 3),
(73, 'මැදවචීචිය නැගෙනහිර', 3),
(74, 'කනදරාදිවුල්වැව', 3),
(75, 'හැළඹගස්වැව', 3),
(76, 'සංගිලිකනදරාව', 3),
(77, 'ලිඳවැව', 3),
(78, 'කරම්බන්කුලම', 3),
(79, 'දෙමටමල්ගම', 4),
(80, 'තන්තිරිමලේ', 4),
(81, 'නෙලුම්විල', 4),
(82, 'සඳමල්එලිය', 4),
(83, 'තුප්පිටියාව', 4),
(84, 'ඇත්දත්කල්ල', 4),
(85, 'රන්දූව', 4),
(86, 'පලුගස්වැව', 4),
(87, 'මන්නාරම් හන්දිය', 4),
(88, 'කුඩාවිලච්චිය', 4),
(89, 'මහවිලචීචිය', 4),
(90, 'පේමඩුව', 4),
(91, 'කිරල්පැටියාව', 4),
(92, 'නවෝදාගම', 4),
(93, 'ඔයාමඩුව', 4),
(94, 'හැළඔවැව', 4),
(95, 'දුනුමඩලාව', 4),
(96, 'හැලඔගස්වැව', 5),
(97, 'අසිරික්ගම', 5),
(98, 'ගම්බිරිස්ගස්වැව', 5),
(99, 'අලුත්ගම', 5),
(100, 'ගල්පොත්තේගම', 5),
(101, 'මහ ඇහැටුවැව', 5),
(102, 'මානින්ගමුව', 5),
(103, 'ඇලයාපත්තුව', 5),
(104, 'දිගනේගම', 5),
(105, 'කරබෑව', 5),
(106, 'ගල්කඩවල', 5),
(107, 'පූවරසන්කුලම', 5),
(108, 'පානියන්කඩවල', 5),
(109, 'පරසන්ගස්වැව', 5),
(110, 'මාන්කඩවල', 5),
(111, 'සාලියපුර', 5),
(112, 'අශෝකාරාමය', 5),
(113, 'පෙරිමියන්කුලම', 5),
(114, 'කටුකැලියාව', 5),
(115, 'පුසියන්කුලම', 5),
(116, 'මහ මාන්කඩවල', 5),
(117, 'ඉලාන්දගහවැව', 5),
(118, 'විහාර කල්ලංචිය', 5),
(119, 'විහාර පාලුගම', 5),
(120, 'ෙද්වානම්පියතිස්ස පුර', 5),
(121, 'අභයවැව', 5),
(122, 'පෑතිස්පුර', 5),
(123, 'බණ්ඩාර පුලියන්කුලම', 5),
(124, 'ජයන්ති ග්‍රාමය', 5),
(125, 'තෙප්පන්කුලම', 5),
(126, 'තන්නායම්කුලම', 5),
(127, 'සාලිය මාවත', 5),
(128, 'ශුද්ධ නගරය', 5),
(129, 'තිසාවැව', 5),
(130, 'වෙස්සගිරිය', 5),
(131, 'ඉසුරුමුනිය', 5),
(132, 'පණ්ඩුලගම', 5),
(133, 'පහලගම', 5),
(134, 'මහ බුලංකුලම', 5),
(135, 'උලුක්කුලම', 5),
(136, 'කෝලිබැන්දවැව', 6),
(137, 'මැදගම', 6),
(138, 'කදුරුගස්දමන', 6),
(139, 'සියඹලාගස්වැව', 6),
(140, 'කටුකෑලියාව', 6),
(141, 'වහමල්ගොල්ලෑව යාය 5', 6),
(142, 'සංගිලිකනදරාව', 6),
(143, 'දිවියාඋඩබැන්දවැව', 6),
(144, 'තල්ගහවැව', 6),
(145, 'ගල්කන්දේගම', 6),
(146, 'බාලහොදවැව', 6),
(147, 'පිහිඹියගොල්ලෑව', 6),
(148, 'ගල්වීරගොල්ලෑව', 6),
(149, 'අඹගහවැව', 6),
(150, 'තාමරහල්මිල්ලෑව', 6),
(151, 'වේවැල්කැටිය', 6),
(152, 'ඉහලකොලොන්ගස්වැව', 6),
(153, 'කෝණකුඹුක්වැව', 6),
(154, 'කැදෑව', 6),
(155, 'කල්ලංචිය', 6),
(156, 'ගෝනෑව', 6),
(157, 'ඉකිරිගොල්ලෑව', 6),
(158, 'වහමල්ගොල්ලෑව', 6),
(159, 'වහමල්ගොල්ලෑව යාය 3', 6),
(160, 'පල්ලංකුලම', 6),
(161, 'මහවැව', 6),
(162, 'පණ්ඩුකාභයපුර', 6),
(163, 'කාටුපුලියන්කුලම', 6),
(164, 'සඳමල්ගම', 6),
(165, 'රඹෑව', 6),
(166, 'නබඩගස්වැව', 6),
(167, 'මහකනදරාව ද.ඉ. යාය 2', 6),
(168, 'කපිරික්ගම', 6),
(169, 'පීනගම', 6),
(170, 'මීමල්වැව', 6),
(171, 'රොටවැව', 6),
(172, 'කුඩාගම', 6),
(173, 'මහකනදරාව ද.ඉ යාය 1', 6),
(174, 'කිරිගල්ලාව', 7),
(175, 'රත්මල්ගහවැව', 7),
(176, 'කුඩාපට්ටිය', 7),
(177, 'මහකුබුක්වැව', 7),
(178, 'පලිප්පොතන', 7),
(179, 'ගොනුමේරු වැව', 7),
(180, 'තුරුකුරාගම', 7),
(181, 'මහකිරිඉබ්බාව', 7),
(182, 'මහගල්කනදේගම', 7),
(183, 'ඩච්චිහල්මිල්ලෑව', 7),
(184, 'මහා හල්මිල්ලෑව', 7),
(185, 'කුඹුක්ගොල්ලේව', 7),
(186, 'පන්ඩරැල්ලෑව', 7),
(187, 'සම්පත්ගම', 7),
(188, 'තලත්තැව', 7),
(189, 'මහවැව', 7),
(190, 'කහටගස්දිගිලිය නැගෙනහිර', 7),
(191, 'කහටගස්ඩිගිරිය බටහිර', 7),
(192, 'කොක්මඩුව', 7),
(193, 'මොරගහවැල', 7),
(194, 'සමාධි ගම', 7),
(195, 'මෙකිච්චාව', 7),
(196, 'රන්පත්විල', 7),
(197, 'බෙත්කේව තුලාන', 7),
(198, 'මහමේසලේව', 7),
(199, 'කොහොඹගස්කඩ', 7),
(200, 'කෝන්වැව', 7),
(201, 'අඹගහවැව', 7),
(202, 'පන්වැල්ල', 7),
(203, 'මී කුබුක්වැව', 7),
(204, 'ටික්කම්පොතාන', 7),
(205, 'පුන්චිහල්මිල්ලෑව', 7),
(206, 'වැලිගොල්ලැව', 7),
(207, 'දිවුල්වැව', 7),
(208, 'දිගන්හල්මිල්ලෑව', 7),
(209, 'කෙලෙනිවැව', 7),
(210, 'නෙලුගොල්ලනඩ', 7),
(211, 'ඇල්ලවැව', 7),
(212, 'නෙකුටුනු වැව', 7),
(213, 'කනඩරා රත්මලේ', 7),
(214, 'වහල්කඩ ඩී 2', 8),
(215, 'වාහල්කඩ ඩී 1', 8),
(216, 'මරදන්මඩුව', 8),
(217, 'පහලදිවුල්වැව', 8),
(218, 'වීරසෝලේ', 8),
(219, 'අනොඹලොන්දෑව', 8),
(220, 'කපුගොල්ලෑව', 8),
(221, 'වාගොල්ලාකඩ', 8),
(222, 'දුටුවැව', 8),
(223, 'මොරවැව', 8),
(224, 'තවලම්හම්මිල්ලෑව', 8),
(225, 'තිඹිරිඇත්තාවල', 8),
(226, 'නිකවැව', 8),
(227, 'වැලිමුවපොතාන', 8),
(228, 'කිවුලේකඩ', 8),
(229, 'පුහුලේවැව', 8),
(230, 'රත්මලේ', 8),
(231, 'වෙළංගහඋල්පත', 8),
(232, 'මරදන්කඩවල', 8),
(233, 'හොරො‍‍‍පොතාන', 8),
(234, 'මැදවච්චිය හන්දිය', 8),
(235, 'මුක්කරවැව', 8),
(236, 'ඉහළ අගුනච්චිය', 8),
(237, 'රස්නකවැව', 8),
(238, 'සිංහල වලහාවිද්දවැව', 8),
(239, 'ගම්මහේගේවැව', 8),
(240, 'මොරකෑවැව', 8),
(241, 'නානුමිල්ලවැව', 8),
(242, 'තිරප්පන්කඩවල', 8),
(243, 'පරංගියාවාඩිය', 8),
(244, 'නබඩවැව', 8),
(245, 'පුලියන්කඩවල', 8),
(246, 'විලේවැව', 8),
(247, 'වඩිගවැව', 8),
(248, 'කල්පේ', 8),
(249, 'දෑකැතිපොතාන', 8),
(250, 'දෙමටවැව', 8),
(251, 'දියතිත්තවැව', 8),
(252, 'කෝන්වැව', 9),
(253, 'ඇල්ලවැව', 9),
(254, 'කටාරම්පුර', 9),
(255, 'දුටුවැව', 9),
(256, 'පෙරටීටුපලගම', 9),
(257, 'කොකාවැව', 9),
(258, 'දුටුවැව පැරණිගම', 9),
(259, '21ජනපදය නැගෙනහිර', 9),
(260, '21 ජනපදය බටහිර', 9),
(261, 'උල්පත්ගම', 9),
(262, 'උපුල්දෙනිය', 9),
(263, 'හිඹුටුගොල්ලෑව', 9),
(264, 'මයිලගස්වැව', 9),
(265, 'ඉහලගම', 9),
(266, 'ගලෙන්බිදුනුවැව', 9),
(267, 'කරුවලගස්වැව', 9),
(268, 'පලුගොල්ලාගම', 9),
(269, 'අළුත් දිවුල්වැව', 9),
(270, 'ගැටලාව', 9),
(271, 'හුරුළුනිකවැව', 9),
(272, 'ඉළුක්බ‍ඩයාගම', 9),
(273, 'කුඩා ගලෙන්බිදුනු වැව', 9),
(274, 'තම්මැන්නාගම', 9),
(275, 'සිවලාකුලම', 9),
(276, 'ගෝමරන්කල්ල', 9),
(277, 'හුරුළුනිකවැව යාය 03', 9),
(278, 'කුඹුක්වැව', 9),
(279, '‍ජනසිරිගම', 9),
(280, 'කුරුණැගල ජනපදය', 9),
(281, 'නුවරගම් ‍‍ජනපදය', 9),
(282, 'හුරුළු ජයපුර', 9),
(283, 'සුනන්ද මාවත', 9),
(284, 'ගල්වඩුවාගම', 9),
(285, 'මුරියකඩවල', 9),
(286, 'ඉහල ගල්කුලම', 9),
(287, 'හුරළූමීගහපට්ටිය', 9),
(288, 'නුවරඑලිය ජනපදය', 9),
(289, 'පඩිකාරමඩුව', 9),
(290, 'යකල්ල', 9),
(291, 'මානන්කට්ටිය', 9),
(292, 'වන්නන්කුලම්', 9),
(293, 'උක්කුලංකුලම', 10),
(294, 'මහාකනදරාව - යාය 03', 10),
(295, 'මහකනදරාව - යාය 02', 10),
(296, 'මහකනදරාව - යාය 01', 10),
(297, 'මරදන්කුලම', 10),
(298, 'දොරමඩලාව', 10),
(299, 'කුංචිකුලම', 10),
(300, 'හේනවත්ත', 10),
(301, 'නුවරවැව', 10),
(302, 'කුරුන්දන්කුලම', 10),
(303, 'කන්නටීටිය', 10),
(304, 'මිහින්තලේ', 10),
(305, 'රුවන්ගම', 10),
(306, 'නාමල්වැව', 10),
(307, 'බෝගහයාය', 10),
(308, 'පොතාන', 10),
(309, 'සීප්පුකුලම', 10),
(310, 'තම්මැන්නාව', 10),
(311, 'කසමඩුව', 10),
(312, 'කටුකැලියාව', 10),
(313, 'කටීටඹුවාගම', 10),
(314, 'කහපත්විලගම', 10),
(315, 'ඉහළගම', 10),
(316, 'මරදන්කල්ල', 10),
(317, 'වෙල්ලාරගම', 10),
(318, 'නුවරවැව', 11),
(319, '(I) පියවර (I) කොටස', 11),
(320, 'මහ ‍කලත්තෑව', 11),
(321, 'තරියන්කුලම', 11),
(322, 'නෙලුන්කන්නිය', 11),
(323, 'කුඩා නෙලුම්කුලම', 11),
(324, 'කීරික්කුලම', 11),
(325, 'තම්මැන්නාපුර', 11),
(326, 'වන්නිතම්මැන්නාව', 11),
(327, 'තම්මැන්නාකුලම', 11),
(328, '(I) පියවර (II) කොටස', 11),
(329, '(II) පියවර (III) කොටස', 11),
(330, '(II) පියවර (II) කොටසක්', 11),
(331, 'පොතානේගම', 11),
(332, '(III)පියවර (III)කොටස', 11),
(333, '(II) පියවර (I) කොටස', 11),
(334, '(II)පියවර (IV) කොටස', 11),
(335, 'වන්නියන්කුලම (IV)', 11),
(336, 'වන්නියන්කුලම (V)', 11),
(337, 'වන්නියන්කුලම (VI)', 11),
(338, 'ඥාණිකුලම', 11),
(339, 'කවරක්කුලම', 11),
(340, 'මහාපාලාඩිකුලම', 11),
(341, '(III)පියවර (I)කොටස', 11),
(342, '(III)පියවර (II)කොටස', 11),
(343, 'වන්නියන්කුලම (III)', 11),
(344, 'වන්නියන්කුලම (I)', 11),
(345, 'වන්නියන්කුලම (II)', 11),
(346, 'සුචරිතගම', 11),
(347, 'කිඹුලාකඩ', 12),
(348, 'ශ්‍රාවස්තිපුර', 12),
(349, 'කුඩානෙළුබෑව', 12),
(350, 'ශ්‍රාවස්තිවත්ත', 12),
(351, 'අලුත්වැව', 12),
(352, 'ආමනේ', 12),
(353, 'මහ නෙළුබෑව', 12),
(354, 'දිවුල්වැව', 12),
(355, 'හිදෝගම', 12),
(356, 'පාවක්කුලම', 12),
(357, 'උතුරු කළුවිල', 12),
(358, 'මඩවලගම', 12),
(359, 'නාච්චාදූව', 12),
(360, 'නාච්චාදූව නව නගරය', 12),
(361, 'පලයාකුලම', 12),
(362, 'සුහදගම', 12),
(363, 'තුරුවිල', 12),
(364, 'කළුආරච්චියාගම', 12),
(365, 'පහලවැව', 12),
(366, 'කුකුල්කටුව', 13),
(367, 'ඉට්ටිකුලම', 13),
(368, 'රනෝරාව', 13),
(369, 'මහලිදවැව', 13),
(370, 'බෝගහවැව', 13),
(371, 'අඹගහවැව', 13),
(372, 'ඇහැටුවාගම', 13),
(373, 'තල්ගස්වැව', 13),
(374, 'හුණුවිලගම', 13),
(375, 'හොරුවිල', 13),
(376, 'ලිඳවැව', 13),
(377, 'කුසුම්පුර', 13),
(378, 'මුදිතාගම', 13),
(379, 'රලපනාවගම', 13),
(380, 'අඩම්පනේ', 13),
(381, 'අන්දරවැව', 13),
(382, 'රලපනාව ජනපදය', 13),
(383, 'නොච්චියාගම', 13),
(384, 'දුනුදඹුවැව', 13),
(385, 'තිඹිරිවැව', 13),
(386, 'කටුපත්වැව', 13),
(387, 'පහල මාරගහවැව', 13),
(388, 'නැලවගම', 13),
(389, 'පහල හල්මිල්ලෑව', 13),
(390, 'හල්මිල්ලකුලම', 13),
(391, 'දුනුපොතගම', 13),
(392, 'දොඹවලගම', 13),
(393, 'පහමුණේගම', 13),
(394, 'නාවක්කුලම', 13),
(395, 'ගාලදිවුල්වැව', 13),
(396, 'ජයගම', 13),
(397, 'අමුණුකොලේ', 13),
(398, 'මිහිරිපුර', 13),
(399, 'පහලකෙඩිතෝක්කුව', 13),
(400, 'රන්කෙත්ගම', 13),
(401, 'ඔත්තප්පුව', 13),
(402, 'යාය 13 -18', 14),
(403, 'යාය 16-17', 14),
(404, 'වෙහෙරගල', 14),
(405, 'යාය 12', 14),
(406, 'යාය 9-10', 14),
(407, 'යාය 11', 14),
(408, 'යාය 15', 14),
(409, 'ගැමුණුපුර', 14),
(410, 'යාය 07', 14),
(411, 'තුඹුල්ලේගම', 14),
(412, 'රන්දෙණිගම', 14),
(413, 'යාය 4', 14),
(414, 'යාය 3', 14),
(415, 'නයිගල', 14),
(416, 'තිස්සපුර', 14),
(417, 'මහතිඹිරිකිල්ල', 14),
(418, 'අංගමුව', 14),
(419, '4 1/2 කණුව', 14),
(420, 'සිරිමාපුර', 14),
(421, '‍පන්තියාව', 14),
(422, 'කළුන්දෑගම', 14),
(423, 'කෝන්ගොල්ලෑව', 15),
(424, 'කැලේගම', 15),
(425, 'පහලගම', 15),
(426, 'සෝලම', 15),
(427, 'මහ බෙල්ලන්කඩවල', 15),
(428, 'එරියගම', 15),
(429, 'දෙල්නේගම', 15),
(430, 'කුඩා බෙල්ලන්කඩවල', 15),
(431, 'කෝන්වැව', 15),
(432, 'ජයසිරිගම', 15),
(433, 'ලුනුවැව', 15),
(434, 'වෙහෙරගල', 15),
(435, 'තම්මැන්නාගම', 15),
(436, 'නල්ලච්චිය', 15),
(437, 'ගල්විහාරවැව', 15),
(438, 'තෙල්හිරියාව', 15),
(439, 'ඉකිරිවැව', 15),
(440, 'මුසල්පිටිය', 15),
(441, 'තිස්පනේපුර', 15),
(442, 'මකුලේව', 15),
(443, 'තම්මැන්නාව', 15),
(444, 'මුදුන්ගොඩ', 15),
(445, 'හෙලම්බ‍වැව', 15),
(446, 'හුරේගස්වැව', 15),
(447, 'වැලියාව​', 15),
(448, 'තඹුත්තේගම​ 418', 15),
(449, 'දළඳාපුර', 16),
(450, 'පහල තලාව', 16),
(451, 'මොරගොඩ', 16),
(452, 'කුඹුක්ගහවැව', 16),
(453, 'නව හගුරන්කෙත', 16),
(454, 'හිරිගොල්ලේගම', 16),
(455, 'කරගහවැව', 16),
(456, 'ඉහල තලාව', 16),
(457, 'හිඟුරුවැව', 16),
(458, 'කොරකහවැව', 16),
(459, 'කුරුඳුවැව', 16),
(460, 'මීගස්සෑගම', 16),
(461, 'කිරලෝගම', 16),
(462, 'කඳුරුගස්වැව', 16),
(463, 'පලුගස්වැව', 16),
(464, 'කැටකාලේ', 16),
(465, 'රජ්ජල්ලේගම', 16),
(466, 'එළියදිවුල්වැව', 16),
(467, 'ඉහල සියඹලෑව', 16),
(468, 'එප්පාවල', 16),
(469, 'මාවතවැව', 16),
(470, 'නල්ලමුදාව', 16),
(471, 'මැදගම', 16),
(472, 'කිරිඅමුනුකොලේ', 16),
(473, 'කඩිගාව', 16),
(474, 'මැඩියාව', 16),
(475, 'කටියාව යාය 02', 16),
(476, 'ගල්වඩුවාගම', 16),
(477, 'ඉහල හල්මිල්ලෑව', 16),
(478, 'අධිරාණිගම', 16),
(479, 'කටියාව යාය 10', 16),
(480, 'කටියාව යාය 09', 16),
(481, 'කටියාව යාය 01', 16),
(482, 'ඇඳගල', 16),
(483, 'කැලේසියඹලෑව', 16),
(484, 'ගල්මඩුව', 16),
(485, 'ඉහලගම', 16),
(486, 'කැලේදිවුල්වැව', 16),
(487, 'කටියාව යාය 06', 16),
(488, 'කරුවල ගස්වැව', 17),
(489, 'ගල්කුලම', 17),
(490, 'ඥනික්කුලම', 17),
(491, 'පෙරිමියන්කුලම', 17),
(492, 'වන්නන්කුලම', 17),
(493, 'උටීටිමඩුව', 17),
(494, 'දෙමටවැව', 17),
(495, 'පයිරිමඩුව', 17),
(496, 'කුටීටිකුලම', 17),
(497, 'පුලියන්කුලම', 17),
(498, 'මාවතවැව', 17),
(499, 'පෙරියකුලම', 17),
(500, 'ඇතුන්ගම දකුණ', 17),
(501, 'මීවැල්ලෑව', 17),
(502, 'ඇතුන්ගම උතුර', 17),
(503, 'අලුත් පුංචිකුලම', 17),
(504, 'වන්නම්මඩුව', 17),
(505, 'තිරප්පනේ කඩවීදිය', 17),
(506, 'තිරප්පනේ ගම', 17),
(507, 'සෙම්බුකුලම', 17),
(508, 'වෙල්ලමුදාව', 17),
(509, 'සෙලෙස්තිමඩුව', 17),
(510, 'ඉදිගහවැව', 17),
(511, 'පයින්ඩිකුලම', 17),
(512, 'වළගම්බාහූව', 17),
(513, 'මහකනුමුල්ල', 17),
(514, 'අලිස්තාන', 17),
(515, 'දයාගම', 17),
(516, 'වනමල් උයන', 17),
(517, 'මානක්කුලම', 17),
(518, 'පෑතිස් රෑඹෑව', 17),
(519, 'කටීටමුරිච්චාන', 17),
(520, 'කදුපාගම', 17),
(521, 'ලබුනෝරුව', 17),
(522, 'පහල අඹතලේ', 17),
(523, 'ඉහල අඹතලේ', 17),
(524, 'අලගොල්ලෑව', 17),
(525, 'මුරියාකඩවල', 17),
(526, 'අමුනිච්චිය', 17),
(527, 'සදපාගම', 17),
(528, 'ඌත්තුපිටිය', 17),
(529, 'නාවක්කුලම', 18),
(530, 'මොරගොඩ', 18),
(531, 'මහ දිවුල්වැව', 18),
(532, 'කීරියගස්වැව', 18),
(533, 'ඉහළ පුලියන්කුලම', 18),
(534, 'කැලෑ පුලියන්කුලම', 18),
(535, 'මරදන්කඩවල', 18),
(536, 'තෝරුවැව', 18),
(537, 'මාමිණීයාව', 18),
(538, 'මාමිණියා රඹෑව', 18),
(539, 'ගනේවල්පොල', 18),
(540, 'හිණුක්කිරියාව', 18),
(541, 'ඇඹුල්ගස්වැව', 18),
(542, 'ඔලුකරඳ', 18),
(543, 'කොල්ලන්කුට්ටගම', 18),
(544, '‍මුඩපෙරුමාගම', 18),
(545, 'ඉහළගම', 18),
(546, 'ශාස්ත්‍රවෙල්ලිය', 18),
(547, 'දුම්රිය නගරය', 18),
(548, 'මරදන්කඩවල පාර', 18),
(549, 'මල්දෙනිපුර', 18),
(550, 'මාණ්කඩවල', 18),
(551, 'මැදවැව', 18),
(552, 'පොතානේගම', 18),
(553, 'කුඩා කැකිරාව', 18),
(554, 'කැකිරාව නගරය', 18),
(555, 'මලව', 18),
(556, 'නිකිණියාව', 18),
(557, 'මයිලගස්වැව', 18),
(558, 'කරුක්කන්කුලම', 18),
(559, 'ඔලොම්බෑව', 18),
(560, 'මහ කැකිරාව', 18),
(561, 'කඹුක්වැව', 18),
(562, 'රත්මල්ලෑව', 18),
(563, 'මැදගම', 18),
(564, 'කොරසගල්ල', 18),
(565, 'උණගොල්ලෑව', 18),
(566, 'හෝරාපොල', 18),
(567, 'දඹේවටන', 18),
(568, 'උඳුරව', 18),
(569, 'නිදිගම', 18),
(570, 'මහ ඇලගමුව', 18),
(571, 'පල්ලෙහිගුර', 18),
(572, 'නෙල්බෑගම', 18),
(573, 'මුරුංගාහිටිකන්ද', 18),
(574, 'බරාවිල', 18),
(575, 'බණ්ඩාරපොතාන', 18),
(576, 'කොටාගල', 18),
(577, 'මඩාටුගම', 18),
(578, 'දුනුමඩලාව', 18),
(579, 'කන්ඩලම - බටහිර', 18),
(580, 'කිතුල්හිටියාව', 18),
(581, 'කන්ඩලම - නැගෙනහිර', 18),
(582, 'මෛත්‍රීගම', 19),
(583, 'මහරඹාවැව', 19),
(584, 'මඩවල', 19),
(585, 'ඒප්පාවල', 19),
(586, 'ගලපිටගල', 19),
(587, 'කුඹුක්වැව', 19),
(588, 'සේනාධිරියාගම', 19),
(589, 'හොරිවිල', 19),
(590, 'පලුගස්වැව', 19),
(591, 'කුඩාරඹාවැව', 19),
(592, 'හබරණ', 19),
(593, 'දෙමුන්තෑව', 19),
(594, 'කැලෑව', 19),
(595, 'වායාඋල්පත', 19),
(596, 'හිරිවඩුන්න', 19),
(597, 'කාශ්‍යපගම', 19),
(598, 'දික්වැව සේනපුර', 20),
(599, 'ගලගෙදර ගම', 20),
(600, 'සේනපුර ගම', 20),
(601, 'මහඉලුප්පල්ලම', 20),
(602, 'ගෝනපතිරාව', 20),
(603, 'සංගට්ටෑව', 20),
(604, 'කඩියංගල්ල', 20),
(605, 'ඉපලෝගම', 20),
(606, 'මානෑව', 20),
(607, 'හිනු‍ක්වෑ ගම', 20),
(608, 'දම්පැලැස්සාගම', 20),
(609, 'ඉහල කාගම', 20),
(610, 'කුන්චිකුලම', 20),
(611, 'හිරිපිටියාගම', 20),
(612, 'අස්වැද්දුම', 20),
(613, 'ගන්තිරියා ගම', 20),
(614, 'ගල්වංගුව', 20),
(615, 'වේදිනිගම', 20),
(616, 'නාරංගල්ලේගම', 20),
(617, 'කල්ලංචියාගම', 20),
(618, 'අලුත් දඹේවටන', 20),
(619, 'R.B. 2 ඇල කාගම', 20),
(620, '2 ඇල කගම', 20),
(621, 'අක්කර 500', 20),
(622, 'අමුණවැටිය', 20),
(623, 'පුලියන්කුළම', 20),
(624, 'විජිතපුර', 20),
(625, 'අමණක්කට්ටුව', 20),
(626, 'කලාවැව', 20),
(627, 'කුසළානගම', 20),
(628, 'පලුගස්වැව ගොවිපළ', 20),
(629, 'වලව්වේගම', 20),
(630, 'නාමල්ගමුව', 21),
(631, 'ඕබඩයාගම', 21),
(632, 'ඔටුණුපැලදිගම', 21),
(633, 'කරුවලගස්වැව', 21),
(634, 'උ/හල්මිල්ලවැව', 21),
(635, 'හෙළ‍බොදුගම', 21),
(636, 'කත්තරගම', 21),
(637, 'බුල්නෑව', 21),
(638, 'තොරනේගම', 21),
(639, 'මිදෙල්ලෑව', 21),
(640, 'ඉ/කලංකුට්ටිය', 21),
(641, 'පහළ කලංකුට්ටිය', 21),
(642, 'සියඹළෑව', 21),
(643, 'ලෝලුගස්වැව', 21),
(644, 'පිටියේයාය', 21),
(645, 'ගල්නෑව ගම', 21),
(646, 'ගල්නෑව නගරය', 21),
(647, 'මල්බලිගල', 21),
(648, 'හදුන්ගම', 21),
(649, 'මුස්නව', 21),
(650, 'කලා මැදවච්චිය', 21),
(651, 'කුඹුක්වැව', 21),
(652, 'කල්ලංචිය', 21),
(653, 'නෑගම', 21),
(654, 'වෙරුංකූලම', 21),
(655, 'වලස්වැව', 21),
(656, 'කන්දේගම', 21),
(657, 'කඳුලේගම', 21),
(658, 'කදුළුගමුව', 21),
(659, 'ද/සියඹලන්ගමුව', 21),
(660, 'නෙල්ලියගම', 22),
(661, 'බලලුවැව 2', 22),
(662, 'බලලුවැව', 22),
(663, 'පහලගම', 22),
(664, 'කරවිලගල', 22),
(665, 'ගම්සභාහල්මිල්ලවැව', 22),
(666, 'ගෝනදෙනියාගම', 22),
(667, 'මීවැව', 22),
(668, 'අඹගස්වැව', 22),
(669, 'වම්බටුවැව', 22),
(670, 'හිගුරුවැව', 22),
(671, 'කිරිඳිවත්ත', 22),
(672, 'අලුත් ගල්කිරියාගම', 22),
(673, 'දානියගම', 22),
(674, 'උඳුරව හල්මිල්ලවැව', 22),
(675, 'කටුකැලියාව', 22),
(676, 'අලුත් කඬාඬුගම', 22),
(677, 'රණව', 22),
(678, 'හිගුරුවැල්පිටිය', 22),
(679, 'ආනකටාවැව', 22),
(680, 'ගිරානේගම', 22),
(681, 'දඹුලුහල්මිල්ල වැව', 22),
(682, 'නාරංගස්වැව', 22),
(683, 'උල්පතගම', 22),
(684, 'ඇල්ලවැව', 22),
(685, 'ආඬියාගල', 22),
(686, 'මානේරුව', 22),
(687, 'ඉපුල්වැහැර', 22),
(688, 'ගම්බිරිගස්වැව', 22),
(689, 'පරවහගම', 22),
(690, 'කලුගල', 22),
(691, 'පැල්බැඳියාව', 22),
(692, 'මොරෙත්තේගම', 22),
(693, 'දෙමටගොල්ලාගම', 22),
(694, 'බුදුගේහින්න', 22);

-- --------------------------------------------------------

--
-- Table structure for table `applicant`
--

CREATE TABLE `applicant` (
  `id` int(11) NOT NULL,
  `nic` varchar(15) NOT NULL,
  `fullname` varchar(75) CHARACTER SET utf8 COLLATE utf8_bin NOT NULL,
  `addres` varchar(150) CHARACTER SET utf8 COLLATE utf8_bin NOT NULL,
  `disignation` varchar(75) CHARACTER SET utf8 COLLATE utf8_bin NOT NULL,
  `anualIncome` decimal(10,0) NOT NULL,
  `age` int(11) DEFAULT NULL,
  `police` varchar(25) CHARACTER SET utf8 COLLATE utf8_bin NOT NULL,
  `date` timestamp NOT NULL DEFAULT current_timestamp() ON UPDATE current_timestamp(),
  `mobile1` varchar(10) DEFAULT NULL,
  `mobile2` varchar(10) DEFAULT NULL,
  `district` varchar(50) NOT NULL
) ENGINE=InnoDB DEFAULT CHARSET=utf8mb4;

--
-- Dumping data for table `applicant`
--

INSERT INTO `applicant` (`id`, `nic`, `fullname`, `addres`, `disignation`, `anualIncome`, `age`, `police`, `date`, `mobile1`, `mobile2`, `district`) VALUES
(80, '591234021V', 'අළුත්ගෙදර ආරියතිලක', 'ගුරුවෙලයාය, දේවගිරිය.', '', '0', 63, 'Wilgamuwa', '2022-06-07 17:57:24', '0703298722', '0763460736', 'Matale'),
(81, '701404246V', 'D.M.W. Dissanayake', 'Matale', '', '0', 0, 'Mahawela', '2022-06-16 16:02:04', '', '0710553989', 'Matale'),
(82, '111111111V', 'wimal', 'අංක 486, නුවර වීදීය, මාතලේ', '', '0', 0, 'Rotumba', '2022-06-16 16:06:54', '', '0710553989', 'Matale'),
(83, '762740222V', 'D.D. Paboda Yahampath', '109, Kandy Road MAtale', '', '0', 0, 'Mahawela', '2022-06-19 17:21:31', '', '0710553989', 'Matale');

-- --------------------------------------------------------

--
-- Table structure for table `badulla`
--

CREATE TABLE `badulla` (
  `gncode` int(3) NOT NULL,
  `gnname` varchar(24) DEFAULT NULL,
  `divsec` int(2) DEFAULT NULL
) ENGINE=InnoDB DEFAULT CHARSET=utf8;

--
-- Dumping data for table `badulla`
--

INSERT INTO `badulla` (`gncode`, `gnname`, `divsec`) VALUES
(1, 'රොටලෙවෙල', 1),
(2, 'දිවුලපැලැස්ස', 1),
(3, 'අළුයටවෙල', 1),
(4, 'තෙල්දෙනියාය', 1),
(5, 'හෙබරව', 1),
(6, 'ගින්නොරුව', 1),
(7, 'බෙලගන්වැව', 1),
(8, 'උල්හිටිය', 1),
(9, 'පහළ රත්කිඳ', 1),
(10, 'හොබරියාව', 1),
(11, 'මිල්ලත්තාව', 1),
(12, 'විරානගම', 1),
(13, 'අලුත්තරම', 1),
(14, 'ගිරාඳුරුකෝට්ටේ', 1),
(15, 'බතලයාය', 1),
(16, 'හද්දත්තාව', 1),
(17, 'මීගහහේන', 1),
(18, 'ගල්පෝරුයාය', 1),
(19, 'බෙලිගල්ල', 1),
(20, 'දඹාන', 1),
(21, 'කුකුළාපොල', 1),
(22, 'වේවත්ත', 1),
(23, 'තලංගමුව', 1),
(24, 'සොරබොර', 1),
(25, 'වැව්ගම්පහ', 1),
(26, 'දෙහිගොල්ල', 1),
(27, 'ඇලෑවෙල', 1),
(28, 'මහියංගණ නගරය', 1),
(29, 'පූජානගරය', 1),
(30, 'දම්බරාව', 1),
(31, 'සේනානිගම', 1),
(32, 'මාපාකඩවැව', 1),
(33, 'පඟරගම්මාන', 1),
(34, 'දඹගොල්ල', 1),
(35, 'මැදයාය', 1),
(36, 'ඔරුබැඳිවැව', 2),
(37, 'සඟබෝපුර', 2),
(38, 'වෙලම්පැලේ', 2),
(39, 'කෙසෙල්පොත උතුර', 2),
(40, 'ඉකිරියගොඩ', 2),
(41, 'කඳුබැද්ද', 2),
(42, 'අරළුපිටිය', 2),
(43, 'ඇකිරියන්කුඹුර', 2),
(44, 'දෙහිගම', 2),
(45, 'මොරාණ', 2),
(46, 'කුඩාලුණුක', 2),
(47, 'අළුකැටියාව', 2),
(48, 'කෙසෙල්පොත දකුණ', 2),
(49, 'සේරාණ', 2),
(50, 'අරාවත්ත', 2),
(51, 'ඌව ගැමුණුපුර', 2),
(52, 'සෙනවිගම', 2),
(53, 'ඌව තිස්සපුර', 2),
(54, 'ගමකුඹුර උතුර', 2),
(55, 'කුරාලේවෙල', 2),
(56, 'නාගදීප', 2),
(57, 'මහළුණුක', 2),
(58, 'පෙතියා‍ගොඩ', 2),
(59, 'රිදීමාලියද්ද දකුණ', 2),
(60, 'රිදීමාලියද්ද උතුර', 2),
(61, 'ඌරණිය', 2),
(62, 'කොටතලාව', 2),
(63, 'ආඳාඋල්පත', 2),
(64, 'ගමකුඹුර දකුණ', 2),
(65, 'අභයපුර', 2),
(66, 'දික්කැන්දයාය', 2),
(67, 'පහලඔයගම', 2),
(68, 'බුබුල', 2),
(69, 'රිටිගහඅරාව', 2),
(70, 'කන්දේගම', 2),
(71, 'මහගම', 2),
(72, 'කුරුවිතැන්න', 2),
(73, 'දීකිරිගොල්ල', 2),
(74, 'පින්නගොල්ල', 2),
(75, 'අරාව', 2),
(76, 'දික්යාය', 2),
(77, 'දියකොබල', 2),
(78, 'කරමැටිය', 3),
(79, 'බලගොල්ල', 3),
(80, 'අග්ගලාඋල්පොත', 3),
(81, 'කරඳගහමඩ', 3),
(82, 'පොල්ගහඅ‍රාව', 3),
(83, 'පොල්වත්ත', 3),
(84, 'වටගොම්මන', 3),
(85, 'රෝබේරිය', 3),
(86, 'පිටමාරුව', 3),
(87, 'වැවතැන්න', 3),
(88, 'ඇල්ලන්ද', 3),
(89, 'කළුගහකඳුර', 3),
(90, 'කෝමාරික', 3),
(91, 'අකුරුකඩුව', 3),
(92, 'මීගහකිවුල', 3),
(93, 'තල්දෙන', 3),
(94, 'කොහාන', 3),
(95, 'කැටවත්ත', 3),
(96, 'මොරහෙළ', 3),
(97, 'හුණුකැටපිටිය', 3),
(98, 'මහකැලේ', 4),
(99, 'බදුළුඔය බටහිර', 4),
(100, 'කන්දකැපූ උල්පොත', 4),
(101, 'හැවන්දාන', 4),
(102, 'මහතැන්න', 4),
(103, 'බදුළුඔය නැගෙනහිර', 4),
(104, 'කන්දකැටිය', 4),
(105, 'වෙලඔය', 4),
(106, 'කිවුලේ‍ගෙදර', 4),
(107, 'කිරිවෙහෙර', 4),
(108, 'වැවතැන්න', 4),
(109, 'මාලියද්ද', 4),
(110, 'පල්ලේවෙල', 4),
(111, 'මුඩගමුව', 4),
(112, 'දික්කුඹුර', 4),
(113, 'හාපත්ගමුව', 4),
(114, 'බෝපිටිය', 4),
(115, 'බෝගහකුඹුර', 4),
(116, 'බෙරාමඩ', 4),
(117, 'ගෝඩුන්න', 4),
(118, 'වාසනාගම', 4),
(119, 'තැටිල්ල', 4),
(120, 'තලාකුඹුර', 4),
(121, 'ගලඋඩ', 4),
(122, 'බොකන්ඔරුව', 4),
(123, 'නාරංගල', 4),
(124, 'ඉඩමේපංගුම', 5),
(125, 'බුදුගේකන්ද', 5),
(126, 'පල්ලෙකන්ද', 5),
(127, 'බෝලියද්ද', 5),
(128, 'පතනේගෙදර', 5),
(129, 'එගොඩ‍වෙල', 5),
(130, 'වත්තෙකැලේ', 5),
(131, 'පුස්සැල්ලාව', 5),
(132, 'පුස්සැල්ලාකන්ද', 5),
(133, 'මොරගොල්ල', 5),
(134, 'දික්පිටිය', 5),
(135, 'ලෙජර්වත්ත', 5),
(136, 'ඉඩමේගම', 5),
(137, 'සොරණාතොට', 5),
(138, 'ය‍ටිලෑල්ලගම', 5),
(139, 'අඹගස්දෝව', 5),
(140, 'කැටකෑල්ලගම', 5),
(141, 'කුට්‍‍ටියගොල්ල', 5),
(142, 'අංගොඩ', 5),
(143, 'කොස්ගොල්ල', 5),
(144, 'රිදීපාන', 5),
(145, 'කොහොවිල', 5),
(146, 'කිතුල්වත්තගම', 5),
(147, 'කිරිඔරුව', 5),
(148, 'කන්දෙගෙද‍ර නගරය', 5),
(149, 'දෙමෝදර', 6),
(150, 'පාලාවත්ත', 6),
(151, 'කහටරුප්ප', 6),
(152, 'දඹකොටේ', 6),
(153, 'මඩුගස්තලාව උතුර', 6),
(154, 'තලගහගෙදර', 6),
(155, 'වැල්ගොල්ල', 6),
(156, 'මඩුගස්තලාව දකුණ', 6),
(157, 'ගැරඬිඇල්ල', 6),
(158, 'මාලිගාතැන්න', 6),
(159, 'මැදවෙලගම', 6),
(160, 'පරමහන්කඩ', 6),
(161, 'නිකේබැද්ද', 6),
(162, 'උඩගම', 6),
(163, 'පැල්ගහතැන්න', 6),
(164, 'සපුරොද', 6),
(165, 'පාලාගොල්ල', 6),
(166, 'ගෝනගල - බටහිර', 6),
(167, 'ගෝනගල - නැගෙනහිර', 6),
(168, 'කනහෙල', 6),
(169, 'පල්ලේගම', 6),
(170, 'පස්සර නගරය - උතුර', 6),
(171, 'පස්සර නගරය - දකුණ', 6),
(172, 'පස්සර නගරය - නැ‍ගෙනහිර', 6),
(173, 'අඹතැන්න බටහිර', 6),
(174, 'තැන්නුගේ', 6),
(175, 'මීදුම්පිටිය', 6),
(176, 'කුඩුගලපතන', 6),
(177, 'තොලබෝවත්ත', 6),
(178, 'අඹතැන්න', 6),
(179, 'මීරියබැද්ද', 6),
(180, 'පුහුල්වත්ත', 6),
(181, 'මාඋස්සාගොල්ල - බටහිර', 6),
(182, 'කණවැරැල්ල - බටහිර', 6),
(183, 'කණවැරැල්ල', 6),
(184, 'කණවැරැල්ල - නැ‍ගෙනහිර', 6),
(185, 'බිබිලේගම - බටහිර', 6),
(186, 'වැවේකැලේ', 6),
(187, 'බිබිලේගම - නැ‍ගෙනහිර', 6),
(188, 'මාඋස්සාගොල්ල - නැ‍ගෙනහිර', 6),
(189, 'දඹේවෙල', 6),
(190, 'ඇකිරිය', 7),
(191, 'මැටිගහතැන්න', 7),
(192, 'ගල්වෙලගම', 7),
(193, 'වැවබැද්ද', 7),
(194, 'ජනතාපුර උතුර', 7),
(195, 'අරවාකුඹුර', 7),
(196, 'උඩකිරුව', 7),
(197, 'අලකොලගල', 7),
(198, 'උඩපංගුව', 7),
(199, 'ලුණුගල නගරය', 7),
(200, 'ජනතාපුර දකුණ', 7),
(201, 'ජනතාපුර', 7),
(202, 'බටවත්ත', 7),
(203, 'ගල්ලූල්ල', 7),
(204, 'මඩුල්සිම', 7),
(205, 'සුමුදුගම', 7),
(206, 'අත්තනගොල්ල', 7),
(207, 'සූරියගොඩ', 7),
(208, 'වේරගොඩ', 7),
(209, 'පල්ලේකිරුව', 7),
(210, 'කොට්ටල්බැද්ද', 7),
(211, 'මහදෝව', 7),
(212, 'යපම්ම', 7),
(213, 'පීස්සගම', 7),
(214, 'රේන්දපොල', 7),
(215, 'හොප්ටන්', 7),
(216, 'මඩුවත්ත', 7),
(217, 'මිල්ලබැද්ද', 7),
(218, 'පිටවෙලගම', 8),
(219, 'බදුල්ල උතුර', 8),
(220, 'මැදපතන', 8),
(221, 'කයිලගොඩ', 8),
(222, 'අංදෙණිය', 8),
(223, 'සිරිමල්ගොඩ', 8),
(224, 'දමන්වර', 8),
(225, 'හින්නාරංගොල්ල', 8),
(226, 'කැන්දගොල්ල', 8),
(227, 'තෙල්බැද්ද', 8),
(228, 'ඉලුක්තැන්න', 8),
(229, 'හෑගොඩ', 8),
(230, 'බදුලුපිටිය', 8),
(231, 'බදුල්ල මධ්‍යම', 8),
(232, 'බදුල්ල බටහිර', 8),
(233, 'කටුපැලැල්ල', 8),
(234, 'බදුල්ල දකුණ', 8),
(235, 'බදුල්ල නැගෙනහිර', 8),
(236, 'හිඳගොඩ', 8),
(237, 'රඹුක්පොත', 8),
(238, 'මලංගමුව', 8),
(239, 'වියදිගුණ', 8),
(240, 'විනීතගම', 8),
(241, 'වේවැස්ස', 8),
(242, 'වැලිබිස්ස', 8),
(243, 'ග්ලේන් ඇල්පින්', 8),
(244, 'උඩවෙල', 8),
(245, 'හිඟුරුගමුව', 8),
(246, 'කණුපැලැල්ල', 8),
(247, 'කොකටියමළුව', 9),
(248, 'වෑගම', 9),
(249, 'ජගුල්ල', 9),
(250, 'ලන්දේවෙල', 9),
(251, 'බෝගොඩ', 9),
(252, 'පනාකන්නිය', 9),
(253, 'කැටවල', 9),
(254, 'උඩකොහොවිල', 9),
(255, 'හැතැක්ම', 9),
(256, 'දීගල්ල', 9),
(257, 'පට්ටිපොළ', 9),
(258, 'අන්තුඩුවාවෙල', 9),
(259, '‍බෝගහමඩිත්ත', 9),
(260, 'මහවත්තේගම', 9),
(261, 'දෙම‍ටවැල්හින්න', 9),
(262, 'වැලිකේමුල්ල', 9),
(263, 'උණගොල්ල', 9),
(264, 'මැදපිටිගම', 9),
(265, 'දික්වැල්ල', 9),
(266, 'හාලිඇල', 9),
(267, 'සමගිපුර', 9),
(268, 'උඩගම', 9),
(269, 'ගාවෙල', 9),
(270, 'පහමුණුතොට', 9),
(271, 'නෙළුදණ්ඩ', 9),
(272, 'හින්නාරංගොල්ල', 9),
(273, 'මුගුණුමත බටහිර', 9),
(274, 'මුගුණුමත නැගෙනහිර', 9),
(275, 'ගොඩේගම', 9),
(276, 'මැදගම', 9),
(277, 'ඉඹුල්ගොඩ', 9),
(278, 'කෝට්ටගොඩ', 9),
(279, 'කඳන', 9),
(280, 'බුලත්වත්ත', 9),
(281, 'ස්ප්‍රිංවැලි වත්ත', 9),
(282, 'ස්ප්‍රිංවැලි', 9),
(283, 'බැද්දේගම', 9),
(284, 'වේවැල්හින්න', 9),
(285, 'උඩුවර', 9),
(286, 'හපුවලකුඹු‍ර', 9),
(287, 'කිරින්ද', 9),
(288, 'මොරේතොට', 9),
(289, 'ඌව මහවෙල', 9),
(290, 'ඇටම්පිටිය', 9),
(291, 'පල්ලේගම', 9),
(292, 'දෙහිවින්න', 9),
(293, 'නිලිඅතුගොඩ', 9),
(294, 'නෙළුව', 9),
(295, 'කුඩුමහුවල', 9),
(296, 'වෑපස්සාවෙල', 9),
(297, 'මාලිගාතැන්න', 9),
(298, 'පෙරහෙට්ටිය', 9),
(299, 'කටුගහ', 9),
(300, 'මහතැන්න', 9),
(301, 'මලිත්ත', 9),
(302, 'කුරුකුදේ', 9),
(303, 'වරකාදණ්ඩ', 9),
(304, 'යාලගමුව', 10),
(305, 'රිටිකුඹුර', 10),
(306, 'වෑතලාව', 10),
(307, 'මස්පන්න', 10),
(308, 'කොහිලේගම', 10),
(309, 'ඇල්ලන්ද', 10),
(310, 'කිඳිගොඩ', 10),
(311, 'හත්කිඳ', 10),
(312, 'දිඹුලන', 10),
(313, 'ඉලුක්වෙල', 10),
(314, 'ගම්පහ', 10),
(315, 'වැවේගම', 10),
(316, 'කර්කීල්ස්', 10),
(317, 'මල්වත්තේගම', 10),
(318, 'මැදිපොකුණ', 10),
(319, 'තුප්පිටිය', 10),
(320, 'පනාගොඩ', 10),
(321, 'පිටියකුඹුර', 10),
(322, 'බඹරපාන', 10),
(323, 'අලගොල්ල', 10),
(324, 'වෝන්ඩ්මාර්', 10),
(325, 'තවලම්පොල', 10),
(326, 'කොඩකුඹුර', 10),
(327, 'කොරදේකුඹුර', 10),
(328, 'මලපොලගම', 10),
(329, 'වෙලමැදගම', 10),
(330, 'උඩුහාවර', 10),
(331, 'හඟුන්නාව', 10),
(332, 'රන්හවඩිගම', 10),
(333, 'ඉඩමේගම', 10),
(334, 'පරණගම', 10),
(335, 'මුදනාව', 10),
(336, 'සපුගොල්ල', 10),
(337, 'ඇත්කඳවක', 10),
(338, 'කිරවනාගම', 10),
(339, 'බෙරලියපොල', 10),
(340, 'පන්නලවෙල', 10),
(341, 'රහුපොල', 10),
(342, 'උඩපේරුව', 10),
(343, 'වැලිඋල්ල', 10),
(344, 'මැටිවලලන්ද', 10),
(345, 'උණපාන', 10),
(346, 'ලුණුවත්ත', 10),
(347, 'පල්ලේවෙල', 10),
(348, 'බුස්දුල්ල', 10),
(349, 'කුරුඳුගොල්ල', 10),
(350, 'අඹගස්දෝව', 10),
(351, 'පන්නලගම', 10),
(352, 'ඌමා ඇල', 10),
(353, 'කරගහඋල්පත', 10),
(354, 'මැදවෙල', 10),
(355, 'පේරවැල්ල', 10),
(356, 'ගලහගම', 10),
(357, 'මැදගොඩගම', 10),
(358, 'තෙල්හවඩිගම', 10),
(359, 'කැටගොඩ', 10),
(360, 'දංගමුව', 10),
(361, 'රතඹ', 10),
(362, 'කුමාරපට්ටිය', 10),
(363, 'බලගල', 10),
(364, 'ඩවුන්සයිඩ්', 10),
(365, 'කැන්දගොල්ල', 10),
(366, 'යහල අරාව', 10),
(367, 'උළුගල', 10),
(368, 'හාගිලිඇල්ල', 10),
(369, 'කොටවෙර උඩගම', 10),
(370, 'කොටවෙර පහලගම', 10),
(371, 'දරගල', 10),
(372, 'අලකොලගාල', 11),
(373, 'හුළංකපොල්ල', 11),
(374, 'සිල්මියාපුර', 11),
(375, '‍බොරගස්', 11),
(376, 'විදුරුපොල', 11),
(377, 'ගවරම්මාන', 11),
(378, 'පාලුගම නගරය', 11),
(379, 'පුරන්වෙල', 11),
(380, 'ගිරාඹේ', 11),
(381, 'දිව්රුම්ගම', 11),
(382, 'පාලුගමඇල්ල', 11),
(383, 'වැලිමඩවත්ත', 11),
(384, 'අඹගහකුඹුර', 11),
(385, 'දිමුතුගම', 11),
(386, 'වැලිමඩ නගරය', 11),
(387, 'ලන්දේගම', 11),
(388, 'දිවිතොටවෙලගම', 11),
(389, 'පුහුල්පොල', 11),
(390, 'දික්කාපිටිය', 11),
(391, 'කොස්කණුවේගම', 11),
(392, 'ඩයරබාවත්ත', 11),
(393, 'කැටකෑල්ල', 11),
(394, 'යල්පත්වෙල', 11),
(395, 'දඹවින්න', 11),
(396, 'කබිල්ලේගම', 11),
(397, 'ඉඩමේගම', 11),
(398, 'එරබද්ද', 11),
(399, 'කැප්පෙටිපොල', 11),
(400, 'හෙවනකුඹුර', 11),
(401, 'අඹේවෙල', 11),
(402, 'හිඹිලියගොල්ල', 11),
(403, 'තෙන්නකෝන්වෙල', 11),
(404, 'කලුබුලුලන්ද', 11),
(405, 'මාවිතිකුඹුර', 11),
(406, 'නැදුන්ගමුව', 11),
(407, 'මැදගෙදරගම', 11),
(408, 'නාවෙල', 11),
(409, 'පහලයල්කුඹුර', 11),
(410, 'මිරහවත්ත', 11),
(411, 'උඩුපීල්ල', 11),
(412, 'කොටකිතුල', 11),
(413, 'මල්පොත', 11),
(414, 'කරගස්තැන්න', 11),
(415, 'අලුගොල්ල', 11),
(416, 'බෝගහකුඹුර', 11),
(417, 'බිබිලිගමුව', 11),
(418, 'අලවතුගොඩ', 11),
(419, 'කන්දෙපුහුල්පොල', 11),
(420, 'හෙළයල්කුඹුර', 11),
(421, 'ගුරුතලාව', 11),
(422, 'මහතැන්න', 11),
(423, 'හිඟුරුගමුව', 11),
(424, 'ගල්ඒදණ්ඩ', 11),
(425, 'බොරලන්ද', 11),
(426, 'වංගියකුඹුර', 11),
(427, 'ඕහිය', 11),
(428, 'රහංගල', 11),
(429, 'හීන්නාරංගොල්ල', 11),
(430, 'උඩකැන්දගොල්ල', 11),
(431, 'රත්කරව්ව', 11),
(432, 'පිටපොල', 11),
(433, 'ඕහියවත්ත', 11),
(434, 'මාලිගාතැන්න', 11),
(435, 'වැලිකඩගම', 11),
(436, 'මාතැටිල්ල', 12),
(437, 'කොන්තහෙල', 12),
(438, 'අයිස්ලැබ් වත්ත', 12),
(439, 'කිරිඔරුව', 12),
(440, 'ඇත්තලපිටිය', 12),
(441, 'දිගනතැන්න', 12),
(442, 'අඹේගොඩ', 12),
(443, 'වැවතැන්න', 12),
(444, 'වටගමුව', 12),
(445, 'බිඳුණුවැව', 12),
(446, 'උතුරු කැබිල්ලේවෙල', 12),
(447, 'ගෙඩියරොද', 12),
(448, 'බණ්ඩාරවෙල - බටහිර', 12),
(449, 'බණ්ඩාරවෙල - නැගෙනහිර', 12),
(450, 'තන්තිරිය', 12),
(451, 'උඩපේරුව', 12),
(452, 'එගොඩගම', 12),
(453, 'වෙහෙරගලතැන්න', 12),
(454, 'බඔරගම', 12),
(455, 'මකුල්ඇල්ල', 12),
(456, 'කිණිගම', 12),
(457, 'ඉණිකම්බැද්ද', 12),
(458, 'කරගහවෙල', 12),
(459, 'ඕබඩඇල්ල', 12),
(460, 'බැද්දේකුඹුර', 12),
(461, 'කැබිල්ලෙවෙල දකුණ', 12),
(462, 'මහඋල්පත', 12),
(463, 'දරහිටවනාගොඩ', 12),
(464, 'දුල්ගොල්ල', 12),
(465, 'ක්‍රේග්වත්ත', 12),
(466, 'ලියන්ගහවෙලවත්ත', 12),
(467, 'අඹදණ්ඩේගම', 12),
(468, 'බැද්දෙඅරාව', 12),
(469, 'ලියන්ගහවෙල', 12),
(470, 'නායබැද්ද වත්ත', 12),
(471, 'පියරපන්දෝව', 13),
(472, 'හල්පේ', 13),
(473, 'කිරින්ද', 13),
(474, 'දෙමෝද‍ර', 13),
(475, 'නාවුල්ල', 13),
(476, 'ගවරවෙල', 13),
(477, 'බැද්දේවෙල', 13),
(478, 'පුපුල බටහිර', 13),
(479, 'පුපුල', 13),
(480, 'ගල්ටැංහේන', 13),
(481, 'නාවෙල නැගෙනහිර', 13),
(482, 'නාවෙල බටහිර', 13),
(483, 'මැදවෙල බටහිර', 13),
(484, 'යහලේවෙල', 13),
(485, 'නිව්බර්ග්', 13),
(486, 'ඇල්ල', 13),
(487, 'මධුරගම', 13),
(488, 'ඉඩමේගම', 13),
(489, 'හෙට්ටිපොල', 13),
(490, 'මිල්ලගම', 13),
(491, 'උඩු කුඹල්වෙල', 13),
(492, 'දෝව', 13),
(493, 'පල්ලේපේරුව', 13),
(494, 'හීල්ඔය', 13),
(495, 'කිතල්ඇල්ල', 13),
(496, 'රාවණාඇල්ල', 13),
(497, 'කරඳගොල්ල', 13),
(498, 'ගෝවුස්ස', 13),
(499, 'ඉලුක්පැලැස්ස', 13),
(500, 'බල්ලකෙටුව', 13),
(501, 'නමුණුකුල', 13),
(502, 'දොඩම්ගොල්ල', 13),
(503, 'ඇල්ලගම', 14),
(504, 'කහත්තේවෙල', 14),
(505, 'එරනාවෙල', 14),
(506, 'රංජල්ලාව', 14),
(507, 'බින්ගේතැන්න', 14),
(508, 'කහගොල්ල', 14),
(509, 'දොඩම්වත්ත', 14),
(510, 'දියතලාව', 14),
(511, 'ජයමිනිපුර', 14),
(512, 'අළුත්වෙල', 14),
(513, 'වෙලන්හින්න', 14),
(514, 'පහලකදුරුගමුව', 14),
(515, 'විහාරකැලේ', 14),
(516, 'උමන්කඳුර', 14),
(517, 'පංකැටිය', 14),
(518, 'හෙලකදුරුගමුව', 14),
(519, 'හපුතලේගම', 14),
(520, 'ග්ලැනනෝර්වත්ත', 14),
(521, 'හොරදොරොව්ව', 14),
(522, 'මාගිරිපුර', 14),
(523, 'කොලතැන්න', 14),
(524, 'හපුතලේ නගරය', 14),
(525, 'පිටරත්මලේ', 14),
(526, 'දඹේතැන්න', 14),
(527, 'තොටලාගල', 14),
(528, 'ගල්කන්ද', 14),
(529, 'වීරකෝන් ගම', 15),
(530, 'කළුපහණ', 15),
(531, 'හල්දුම්මුල්ල', 15),
(532, 'බෙරගල', 15),
(533, 'විහාරගල', 15),
(534, 'නිකපොත බටහිර', 15),
(535, 'නිකපොත - නැගෙනහිර', 15),
(536, 'ලේමස්තොට', 15),
(537, 'රණසිංහගම', 15),
(538, 'කොටබක්ම', 15),
(539, 'කොස්ලන්ද', 15),
(540, 'මහකන්ද', 15),
(541, 'පූනාගල', 15),
(542, 'දිවුල්ගස්මුල්ල', 15),
(543, 'ගම්පහ', 15),
(544, 'අම්පිටිතැන්න', 15),
(545, 'කැලිපනාවෙල', 15),
(546, 'මොරකැටිය', 15),
(547, 'කිරවනාගම', 15),
(548, 'මන්තැන්න', 15),
(549, 'අමිලගම', 15),
(550, 'සොරගුණේ', 15),
(551, 'කිතුල්ගහඅ‍රාව', 15),
(552, 'වටගමුව', 15),
(553, 'වල්හපුතැන්න', 15),
(554, 'ඌවතැන්න', 15),
(555, 'මරංගහවෙල', 15),
(556, 'සීලතැන්න', 15),
(557, 'හරංකහව', 15),
(558, 'මැදවෙල', 15),
(559, 'වැලිබිස්ස', 15),
(560, 'වෑඑළිය', 15),
(561, 'කොස්ගම', 15),
(562, 'රන්වන්ගුහාව', 15),
(563, 'අක්කරසීය', 15),
(564, 'වෙලංවිට', 15),
(565, 'කොලොන්ගස්තැන්න', 15),
(566, 'බඹරපොකුණ', 15),
(567, 'මහලන්ද', 15);

-- --------------------------------------------------------

--
-- Table structure for table `batticaloa`
--

CREATE TABLE `batticaloa` (
  `gncode` int(3) NOT NULL,
  `gnname` varchar(29) DEFAULT NULL,
  `divsec` int(2) DEFAULT NULL
) ENGINE=InnoDB DEFAULT CHARSET=utf8;

--
-- Dumping data for table `batticaloa`
--

INSERT INTO `batticaloa` (`gncode`, `gnname`, `divsec`) VALUES
(1, 'කදිරවේලි', 1),
(2, 'අමන්දනාවේලි', 1),
(3, 'පුච්චන්කේනි', 1),
(4, 'පාලිචේන', 1),
(5, 'වාකරේ උතුර', 1),
(6, 'ඌරියන්කඩ්ඩු', 1),
(7, 'කඩ්ඩමුරිව්', 1),
(8, 'වාකරේ මධ්‍යම', 1),
(9, 'පනිච්චන්කේනි', 1),
(10, 'මදුරන්කේනිකුළම්', 1),
(11, 'පුනා‍නි නැගෙනහිර', 1),
(12, 'කිර්මිච්චිය', 1),
(13, 'මාන්කේනි මධ්‍යම', 1),
(14, 'මාන්කේනි දකුණ', 1),
(15, 'කායන්කේනි', 1),
(16, 'වට්ටවාන්', 1),
(17, 'කාහිදනගරය', 2),
(18, 'ඕට්ටමාවඩි 01 උතුර', 2),
(19, 'ඕට්ටමාවඩි 01 දකුණ', 2),
(20, 'ඕට්ටමාවඩි 02', 2),
(21, 'ඕට්ටමාවඩි 03', 2),
(22, 'මීරාවෝඩ මුස්ලිම් බටහිර', 2),
(23, 'මීරාවෝඩ මුස්ලිම් නැගෙනහිර', 2),
(24, 'මාන්චෝලෛ', 2),
(25, 'නාසිවන්තීවු - 205C', 3),
(26, 'වාලච්චේන දෙමළ', 3),
(27, 'පුදුක්කුඩියිරුප්පු', 3),
(28, 'පෙතාලයි', 3),
(29, 'කල්කුඩා', 3),
(30, 'කල්මඩු', 3),
(31, 'කන්නගිපුරම්', 3),
(32, 'කුම්බූරු මූලෛ', 3),
(33, 'සුංගාන්කෙනි', 3),
(34, 'කන්නියඩි', 3),
(35, 'කරුවාකේනි', 3),
(36, 'මීරාවෝඩයි දෙමළ', 3),
(37, 'සිත්තාන්ඩි - 3', 4),
(38, 'සිත්තාන්ඩි 2', 4),
(39, 'සිත්තාන්ඩි 4', 4),
(40, 'සිත්තාන්ඩි 1', 4),
(41, 'මාවඩිවෙම්බු 2', 4),
(42, 'මාවඩිවෙම්බු 1', 4),
(43, 'කළුවන්කර්නි 1', 4),
(44, 'කළුවන්කර්නි 2', 4),
(45, 'තලවායි', 4),
(46, 'අයියන්කේණි', 4),
(47, 'කොම්මාතුරයි උතුර', 4),
(48, 'පලච්චෝලයි', 4),
(49, 'වන්තාරුමූලයි නැගෙනහිර', 4),
(50, 'වන්තාරුමූලයි බටහිර', 4),
(51, 'ඊරල්කුලම්', 4),
(52, 'මයිලවඩ්ඩුවාන්', 4),
(53, 'කොඩුවාමඩු', 4),
(54, 'කොම්මාතුරයි බටහිර', 4),
(55, 'කොම්මාතුරයි නැගෙනහිර', 4),
(56, 'චෙන්කලඩි 2', 4),
(57, 'චෙන්කලඩි 1', 4),
(58, 'එරාවුර් 4', 4),
(59, 'සවුක්කඩි', 4),
(60, 'තන්නාමුනයි', 4),
(61, 'මයිලම්පාවෙලි', 4),
(62, 'අරුමුගතන් කුඩියිරුප්පු 2', 4),
(63, 'අරුමුගතන් කුඩියිරුප්පු 1', 4),
(64, 'කුමාරවේලියාර් කිරමම්', 4),
(65, 'පන්කුඩාවෙලි', 4),
(66, 'වේප්පවෙඩ්ඩුවාන්', 4),
(67, 'කරඩියන්ආරු', 4),
(68, 'මාරපාලම්', 4),
(69, 'කිතුල්වැව', 4),
(70, 'උරුගාමම්', 4),
(71, 'කෝප්පාවේලි', 4),
(72, 'පෙරියපුල්ලුමලෛ', 4),
(73, 'ගැමුණු පුර', 4),
(74, 'එරාවූර් 5', 4),
(75, 'එල්ලයිනගර්', 4),
(76, 'එරාවූර් 2 ඒ', 5),
(77, 'මීරාකර්නි', 5),
(78, 'එරාවූර් 3', 5),
(79, 'එරාවූර් 3 ඒ', 5),
(80, 'එරාවූර් 02', 5),
(81, 'එරාවුර් 02බී', 5),
(82, 'එරාවුර් 02සී', 5),
(83, 'එරාවුර් 01බී', 5),
(84, 'එරාවුර් 01', 5),
(85, 'එරාවූර් 1 ඒ', 5),
(86, 'එරාවූර් 6ඒ', 5),
(87, 'එරාවූර් 6ඩී', 5),
(88, 'එරාවූර් 6', 5),
(89, 'මිච්නගර්', 5),
(90, 'ඉයන්කෙර්නි', 5),
(91, 'පාලමීන්මඩු', 6),
(92, 'නාවලඩි', 6),
(93, 'අමිර්දකලී', 6),
(94, 'පුන්නච්චොලායි', 6),
(95, 'තිරායිමඩු', 6),
(96, 'සදූරුකොණ්ඩාන්', 6),
(97, 'පනිච්චයඩි', 6),
(98, 'කොක්කුවිල්', 6),
(99, 'සින්න ඌරණි', 6),
(100, 'ජෙයන්තිපුරම්', 6),
(101, 'කරුවප්පන්කේනි', 6),
(102, 'මාමාංගම්', 6),
(103, 'කුලාවඩි', 6),
(104, 'කෝලවාඩි නැගෙනහිර', 6),
(105, 'තාමරෙයිකෙනි', 6),
(106, 'පෙරිය උප්පෝඩෙයි', 6),
(107, 'ඩච් බාර්', 6),
(108, 'තිසවීරසිංහම් චතුරශ්‍රය', 6),
(109, 'ඉරුදයපුරම් නැගෙනහිර', 6),
(110, 'ඉරුදයපුරම් මධ්‍යම', 6),
(111, 'ඉරුදයපුරම් බටහිර', 6),
(112, 'පෙරියඌරනි', 6),
(113, 'ඥානසූරියම් චතුරශ්‍රය', 6),
(114, 'වෙට්ටුකාඩු', 6),
(115, 'බාරදිපුරම්', 6),
(116, 'තන්ඩවන්වේලි', 6),
(117, 'අරසඩි', 6),
(118, 'කෝට්ටමුනෙයි', 6),
(119, 'කල්ලඩි මුහතුවාරම්', 6),
(120, 'තිරුචෙන්දුර්', 6),
(121, 'කල්ලඩි', 6),
(122, 'කල්ලඩි වේලූර්', 6),
(123, 'කල්ලඩි උප්පෝඩෙයි', 6),
(124, 'පුලියන්තිවු නැගෙනහිර', 6),
(125, 'පුලියන්තිවු මධ්‍යම', 6),
(126, 'පුලියන්තිවු බටහිර', 6),
(127, 'පුලියන්තිවු දකුණ', 6),
(128, 'තිරුපෙරුම්තුරයි', 6),
(129, 'පුදුනගර්', 6),
(130, 'සේතුකුඩා', 6),
(131, 'වීච්චුකල්මුනෛයි', 6),
(132, 'තිමිලතිවු', 6),
(133, 'නෙච්චිමුනෙයි', 6),
(134, 'නාවඩිකුඩා', 6),
(135, 'නාවඩිකුඩා නැගෙනහිර', 6),
(136, 'නාවඩිකුඩා දකුණ', 6),
(137, 'මන්ජන්තොඩුවායි උතුර', 6),
(138, 'මන්ජන්තොඩුවායි දකුණ', 6),
(139, 'නරිප්පුල්තෝට්ටම්', 7),
(140, 'මහිලවෙඩ්ඩුවාන්', 7),
(141, 'කරවෙට්ඩි', 7),
(142, 'විලාවෙඩ්ඩුවාන්', 7),
(143, 'නාවක්කාඩු', 7),
(144, 'ඊච්චන්තීවු', 7),
(145, 'මංකිකඩ්ඩු', 7),
(146, 'වවුණතීවු', 7),
(147, 'අයිතියමලයි දකුණ', 7),
(148, 'ආයිත්තියම‍ලෙයි උතුර', 7),
(149, 'නෙඩියමඩු', 7),
(150, 'පාවටිකොඩිචිචෙනෙයි', 7),
(151, 'කුරින්චාමුනෙයි', 7),
(152, 'පරුතිචිචේනෙයි', 7),
(153, 'කන්නන්කුඩා', 7),
(154, 'මන්ඩපත්තඩි', 7),
(155, 'කරයියාක්කන්තිවු', 7),
(156, 'පුතුමන්ඩපත්තඩි', 7),
(157, 'කාන්තිනගර්', 7),
(158, 'උන්නිච්චෙයි', 7),
(159, 'පන්චේනෙයි', 7),
(160, 'ඉලුප්පඩි‍‍‍‍චේනයි', 7),
(161, 'කොතියාපුලයි', 7),
(162, 'කාන්චිරංකුඩා', 7),
(163, 'කාත්තාන්කුඩි 1 කොටස', 8),
(164, 'කාත්තාන්කුඩි 1 දකුණ', 8),
(165, 'කාත්තාන්කුඩි 2', 8),
(166, 'කාත්තාන්කුඩි 2 උතුර', 8),
(167, 'නව කාත්තාන්කුඩි උතුර', 8),
(168, 'නව කාත්තාන්කුඩි දකුණ', 8),
(169, 'කාන්තාන්කුඩි 3 නැගෙනහිර', 8),
(170, 'කාත්තාන්කුඩි 3', 8),
(171, 'වසම 03, කාත්තාන්කුඩි බටහිර', 8),
(172, 'කාත්තාන්කුඩි 4 බටහිර', 8),
(173, 'වසම 04, කාත්තාන්කුඩි', 8),
(174, 'කාත්තාන්කුඩි 6 දකුණ', 8),
(175, 'නව කාත්තාන්කුඩි බටහිර', 8),
(176, 'නව කාන්තන්කුඩි නැගෙනහිර', 8),
(177, 'කාත්තාන්කුඩි දකුණ 6 වසම', 8),
(178, 'කාන්තාන්කුඩි 6 බටහිර', 8),
(179, 'කාත්තාන්කුඩි 5', 8),
(180, 'වසම 05, කාත්තාන්කුඩි දකුණ', 8),
(181, 'කිරාන්කුලම් උතුර', 9),
(182, 'කිරාන්කුලම් දකුණ', 9),
(183, 'කිරාන්කුලම්', 9),
(184, 'කිරාන්කුලම් මධ්‍යම', 9),
(185, 'පුදුකුඩියිරුප්පු', 9),
(186, 'පුදුකුඩියිරුප්පු දකුණ', 9),
(187, 'පුදුකුඩියිරුප්පු උතුර', 9),
(188, 'පාලමුනේ', 9),
(189, 'තාළංකුඩා', 9),
(190, 'මන්මුනේ', 9),
(191, 'වෙඩාර්කුඩියිරුප්පු', 9),
(192, 'මාවිලන්කන්තුරායි', 9),
(193, 'කාංකේයනේඩේයි', 9),
(194, 'ඔල්ලිකුලම්', 9),
(195, 'කාංකේයනේඩේයි දකුණ', 9),
(196, 'අරෛපත්ති 03', 9),
(197, 'රාජතුරයි ග්‍රාමම්', 9),
(198, 'ආරෛයිපති දකුණ', 9),
(199, 'කෝවිල්කුලම්', 9),
(200, 'අරෛපත්ති මධ්‍යම', 9),
(201, 'අරෛපති 02', 9),
(202, 'සෙල්වනගර්', 9),
(203, 'සෙල්වනගර් නැගෙනහිර', 9),
(204, 'ආරෙයම්පදි නැගෙනහිර', 9),
(205, 'ආරෙයම්පදි උතුර', 9),
(206, 'ආරෙයම්පදි 01', 9),
(207, 'ආරයම්පති බටහිර', 9),
(208, 'මුනෛක්කාඩු බටහිර', 10),
(209, 'මුනෛක්කාඩු උතුර', 10),
(210, 'මුනෛක්කාඩු නැගෙනහිර', 10),
(211, 'මුදලෛක්කුඩ බටහිර', 10),
(212, 'මුදලෛක්කුඩා', 10),
(213, 'මහිලඩිතීවු', 10),
(214, 'මහිලඩිතීවු දකුණ', 10),
(215, 'කොක්කඩ්ඩිචෝලෛ', 10),
(216, 'මුනෛක්කාඩු දකුණ', 10),
(217, 'කොක්කඩ්ඩිචෝලෛ දකුණ', 10),
(218, 'පන්ඩරියාවේලි', 10),
(219, 'අරසඩිතිවු උතුර', 10),
(220, 'පට්ටිපලයි', 10),
(221, 'කුලවිනමඩු', 10),
(222, 'අරසඩිතිවු', 10),
(223, 'කඩුක්කාමුනෛ', 10),
(224, 'අමිපිලන්තුරායි උතුර', 10),
(225, 'අමිපිලන්තුරායි', 10),
(226, 'අමිපිලන්තුරායි බටහිර', 10),
(227, 'කට්චේනෙයි', 10),
(228, 'මාවඩිමුන්මාරි', 10),
(229, 'තාන්තාමලෙයි', 10),
(230, 'කච්චකෝඩී', 10),
(231, 'පනිච්චියඩිමුන්මාරි', 10),
(232, 'සෙල්වාපුරම්', 10),
(233, 'වම්මියඩියුත්තු', 10),
(234, 'තුම්පන්කේණි යූත් ස්කීම්', 10),
(235, 'කලුමුන්තන්වේලි', 10),
(236, 'කාන්තිපුරම්', 10),
(237, 'මාවෙට්කුඩා', 10),
(238, 'විපුලානද්දපුරම්', 10),
(239, 'පළුහාමම් - 01', 10),
(240, 'පළුගාමම් 02', 10),
(241, 'වන්නිනාකර්', 10),
(242, 'වීරඤ්චෙනෛ', 10),
(243, 'තුම්භංකේණි', 10),
(244, 'සුරවනෛයඩියුට්ටු', 10),
(245, 'තික්කෝඩෛ', 10),
(246, 'නවගිරිනගර්', 10),
(247, 'කණ්ණපුරම්', 10),
(248, 'පලෛයඩිවඩ්ඩෛ', 10),
(249, 'නෙල්ලික්කාඩු', 10),
(250, 'විවේකානන්තපුරම්', 10),
(251, 'වෙල්ලවේලි', 10),
(252, 'පුන්නකුලම්', 10),
(253, 'කෝවිල්පෝරතිවු බටහිර', 10),
(254, 'කෝවිල්පෝරතිවු', 10),
(255, 'මු‍‍‍නෛත්තීවු', 10),
(256, 'පඩ්ඩාපුරම්', 10),
(257, 'පෙරිය‍‍‍‍‍‍පෝරතීවු', 10),
(258, 'කෝවිල්පෝරතීවු දකුණ', 10),
(259, 'මන්ඩූර් 1සහ 2 දකුණ', 10),
(260, 'මන්ඩූර් කොඩඩමුනෛ', 10),
(261, 'මන්ඩූර් 3', 10),
(262, 'මන්ඩුර් 1 සහ 2 (උත්තර කොටසක්)', 10),
(263, 'පාලමුනෛ', 10),
(264, 'තම්බලවත්තෛ', 10),
(265, 'කනේෂපුරම්', 10),
(266, 'සන්කර්පුරම්', 10),
(267, 'පලාචෝලෛ', 10),
(268, 'කාක්කාච්චි‍වඩ්ඩෛ', 10),
(269, 'කණ්ණපුරම් නැගෙනහිර', 10),
(270, 'විලාන්තෝඩ්ඩම්', 10),
(271, 'සින්නවත්තෛ', 10),
(272, 'මාලයර්කඩ්ඩු', 10),
(273, 'අනෛකඩ්ඩියවේලි', 10),
(274, 'රාණමඩු', 10),
(275, 'කුරුක්කළ්මඩම් උතුර', 11),
(276, 'කුරුක්කළ්මඩම් දකුණ', 11),
(277, 'සෙඩ්ඩිපාළෛයම් උතුර', 11),
(278, 'සෙඩ්ඩිපාළෛයම් දකුණ', 11),
(279, 'මාංකාඩු', 11),
(280, 'තේත්තාතීවු උතුර', 11),
(281, 'තේත්තාතීවු දකුණ', 11),
(282, 'තේතාතීවු දකුණ - 02', 11),
(283, 'තේත්තාතීවු දකුණ - 01', 11),
(284, 'කළුතාවළෛ 01', 11),
(285, 'කළුතාවළෛ මැද', 11),
(286, 'කළුතාවළෛ 02', 11),
(287, 'කළුතාවළෛ 03', 11),
(288, 'කළුතාවළෛ 04', 11),
(289, 'කළුතාවළෛ 04 සාන්තිපුරම්', 11),
(290, 'කළුවාන්චිකුඩි උතුර 1', 11),
(291, 'කළුවාන්චිකුඩි උතුර', 11),
(292, 'පඩ්ඩිරුප්පු', 11),
(293, 'එරුවිල් උතුර', 11),
(294, 'කළුවාන්චිකුඩි දකුණ', 11),
(295, 'ඕන්දච්චිමඩම් උතුර', 11),
(296, 'එරුවිල් නැගෙනහිර', 11),
(297, 'එරුවිල් දකුණ', 11),
(298, 'කුරුමණ්වෙළි 11 බටහිර', 11),
(299, 'කුරුමණ්වේළි 11 නැගෙනහිර', 11),
(300, 'කුරුමණ්වේළි - 12', 11),
(301, 'මහිලූර් බටහිර', 11),
(302, 'මහිලූර් දකුණු බටහිර', 11),
(303, 'මහිලූර් නැගෙනහිර', 11),
(304, 'ඕන්දච්චිමඩම් දකුණ', 11),
(305, 'කොඩ්ඩෛකල්ලාර් උතුර', 11),
(306, 'කොඩ්ඩෛක්කල්ලාර් බටහිර', 11),
(307, 'මහිලූර්මුනෛ', 11),
(308, 'කොඩ්ඩෛකල්ලාර් නැගෙනහිර', 11),
(309, 'කොඩ්ඩෛකල්ලාර් දකුණ', 11),
(310, 'පෙරියකල්ලාර් 01', 11),
(311, 'පෙරියකල්ලාරු 01 දකුණ', 11),
(312, 'පෙරියකල්ලාර් 2 බටහිර', 11),
(313, 'පෙරියකල්ලාරු 2', 11),
(314, 'පෙරියකල්ලාර් 3 දකුණ', 11),
(315, 'පෙරියකල්ලාර් 3', 11),
(316, 'තුරෛනීලවණෛ උතුර', 11),
(317, 'තූරෛනීලාවණෛ උතුර - 01', 11),
(318, 'තුරෛනීලාවණෛ දකුණ', 11),
(319, 'තුරෛනීලාවණෛ දකුණ - 01', 11),
(320, 'පුණාණෛ බටහිර', 12),
(321, 'වාහනේරි', 12),
(322, 'මුරුත්තානෛ', 12),
(323, 'ඌත්තුච්චේනෛ', 12),
(324, 'කල්ලිච්චෛ', 12),
(325, 'වඩමුනෛ', 12),
(326, 'කුටුම්පිමලෛ', 12),
(327, 'පේරිල්ලාවේලි', 12),
(328, 'පූලාක්කාඩු', 12),
(329, 'කිරාන් නැගෙනහිර', 12),
(330, 'කිරාන් බටහිර', 12),
(331, 'කෝරකල්ලිමඩු', 12),
(332, 'සන්තිවේලි', 12),
(333, 'පාලයියඩිත්තෝනා', 12),
(334, 'දේවපුරම්', 12),
(335, 'මුරක්කොට්ටාන්චේනෛ', 12),
(336, 'තිහිලිවෙඩ්ඩෛ', 12),
(337, 'කෝරාවේලි', 12),
(338, 'වාලච්චේනෛ-04', 13),
(339, 'බයින්තුරෛචේනෛ (උතුර​)', 13),
(340, 'වාලච්චේනෛ-05', 13),
(341, 'බයින්තුරෛචේනෛ ( දකුණ)', 13),
(342, 'මාවඩිචෙනෛ', 13),
(343, 'සෙම්මනෝදාඉ', 13),
(344, 'පුනනාඉ (නැගෙනහිර​)', 13),
(345, 'තියවත්තුවාන්', 13),
(346, 'වාලච්චේන 5 දකුණ​', 13);

-- --------------------------------------------------------

--
-- Table structure for table `colombo`
--

CREATE TABLE `colombo` (
  `gncode` int(3) NOT NULL,
  `gnname` varchar(22) DEFAULT NULL,
  `divsec` int(2) DEFAULT NULL
) ENGINE=InnoDB DEFAULT CHARSET=utf8;

--
-- Dumping data for table `colombo`
--

INSERT INTO `colombo` (`gncode`, `gnname`, `divsec`) VALUES
(1, 'සම්මන්ත්‍රණපුර', 1),
(2, 'මට්ටක්කුලිය', 1),
(3, 'මෝදර', 1),
(4, 'මාදම්පිටිය', 1),
(5, 'මහවත්ත', 1),
(6, 'අළුත්මාවත', 1),
(7, 'ලුණුපොකුණ', 1),
(8, 'බ්ලුමැන්ඩල්', 1),
(9, 'කොටහේන නැගෙනහිර', 1),
(10, 'කොටහේන බටහිර', 1),
(11, 'කොච්චිකඩේ උතුර', 1),
(12, 'ජින්තුපිටිය', 1),
(13, 'මසංගස් විදිය', 1),
(14, 'නිව් බසාර්', 1),
(15, 'ග්‍රෑන්ඩ්පාස් දකුණ', 1),
(16, 'ග්‍රෑන්ඩ්පාස් උතුර', 1),
(17, 'නවගම්පුර', 1),
(18, 'මාලිගාවත්ත නැගෙනහිර', 1),
(19, 'ඛෙත්තාරාම', 1),
(20, 'අළුත්කඩේ නැගෙනහිර', 1),
(21, 'අළුත්කඩේ බටහිර', 1),
(22, 'කොච්චිකඩේ දකුණ', 1),
(23, 'පිටකොටුව', 1),
(24, 'කොටුව', 1),
(25, 'ගාලුමුවදොර', 1),
(26, 'කොම්පඤ්ඤ වීදිය', 1),
(27, 'හුණුපිටිය', 1),
(28, 'සුදුවැල්ල', 1),
(29, 'කෙසෙල්වත්ත', 1),
(30, 'පංචිකාවත්ත', 1),
(31, 'මාලිගාවත්ත බටහිර', 1),
(32, 'මාලිගාකන්ද', 1),
(33, 'මරදාන', 1),
(34, 'ඉබ්බන්වල', 1),
(35, 'වෑකන්ද', 1),
(36, 'වදුල්ල', 2),
(37, 'සේදවත්ත', 2),
(38, 'හල්මුල්ල', 2),
(39, 'කොටුවිල', 2),
(40, 'වෙහෙරගොඩ', 2),
(41, 'ඔරුගොඩවත්ත', 2),
(42, 'මිතොටමුල්ල', 2),
(43, 'වෙලේවත්ත', 2),
(44, 'කිත්තම්පහුව', 2),
(45, 'වෙන්නවත්ත', 2),
(46, 'මහබුත්ගමුව B', 2),
(47, 'කුඩා බුත්ගමුව', 2),
(48, 'කැලණිමුල්ල', 2),
(49, 'අඔත‍ලේ', 2),
(50, 'මුල්ලේරියාව උතුර', 2),
(51, 'බැලගම', 2),
(52, 'කොටිකාවත්ත නැගෙනහිර', 2),
(53, 'මහ බුත්ගමුව A', 2),
(54, 'මහ බුත්ගමුව C', 2),
(55, 'වැල්ලමිපිටිය', 2),
(56, 'කුරුණියාවත්ත', 2),
(57, 'කොළොන්නාව', 2),
(58, 'දහම්පුර', 2),
(59, 'සිංහපුර', 2),
(60, 'මෙගොඩ කොලොන්නාව', 2),
(61, 'බෝපැත්ත', 2),
(62, 'බටලන්ද‍හේන', 2),
(63, 'කොටිකාවත්ත බටහිර', 2),
(64, 'මුල්ලේරියාව දකුණ', 2),
(65, 'මල්ගම', 2),
(66, 'උඩුමුල්ල උතුර', 2),
(67, 'මාළිගාගොඩැල්ල', 2),
(68, 'රාජසිංහගම', 2),
(69, 'උඩුමුල්ල දකුණ', 2),
(70, 'හිඹුටාන නැගෙනහිර', 2),
(71, 'හිඹුටාන බටහිර', 2),
(72, 'මල්පුර', 2),
(73, 'ගොතටුව නව නගරය', 2),
(74, 'කජුගහවත්ත', 2),
(75, 'ගොතටුව', 2),
(76, 'සාලමුල්ල', 2),
(77, 'විජයපුර', 2),
(78, 'ගජබාපුර', 2),
(79, 'මාදින්නාගොඩ', 2),
(80, 'ඇල්හේන', 2),
(81, 'දොඩමිගහහේන', 2),
(82, 'වැලිවිට', 3),
(83, 'රග්ගහවත්ත', 3),
(84, 'හේවාගම', 3),
(85, 'කඩුවෙල', 3),
(86, 'පහළ බෝමිරිය', 3),
(87, 'ඉහළ බෝමිරිය', 3),
(88, 'වැකේවත්ත', 3),
(89, 'නවගමුව', 3),
(90, 'පහළ බෝමිරිය බි', 3),
(91, 'වැලිහිඳ', 3),
(92, 'කොතලාවල', 3),
(93, 'මහදෙනිය', 3),
(94, 'තලාහේන උතුර', 3),
(95, 'මාළ‍‍ෙඔ උතුර', 3),
(96, 'තුන්අදහේන', 3),
(97, 'කොරතොට', 3),
(98, 'නවගමුව දකුණ', 3),
(99, 'බටේ‍වෙල', 3),
(100, 'රණාල', 3),
(101, 'දැඩිගමුව', 3),
(102, 'ඇඔල්ලදෙණිය', 3),
(103, 'වැළිපිල්ලැව', 3),
(104, 'ශාන්තාලෝකගම', 3),
(105, 'පෝරේ', 3),
(106, 'මාළ‍බේ නැගනහිර', 3),
(107, 'මාල‍බේ බටහිර', 3),
(108, 'තලංගම උතුර B', 3),
(109, 'තලාහේන දකුණ', 3),
(110, 'මුත්තෙට්ටුගොඩ', 3),
(111, 'තලංගම උතුර ඒ', 3),
(112, 'වල්පොල', 3),
(113, 'කළපලුවාව', 3),
(114, 'කොටුවේගොඩ', 3),
(115, 'සුභූතිපුර', 3),
(116, 'උඩුමුල්ල', 3),
(117, 'බත්තරමුල්ල උතුර', 3),
(118, 'බටපොත', 3),
(119, 'පොතුඅරාව', 3),
(120, 'හෝකන්දර උතුර', 3),
(121, 'ඔරුවල', 3),
(122, 'අතුරුගිරිය', 3),
(123, 'තල්දියවල', 3),
(124, 'බොරලුගොඩ', 3),
(125, 'හෝකන්දර නැගෙනහිර', 3),
(126, 'අරංගල', 3),
(127, 'ඇවරිහේන', 3),
(128, 'කුමාරගේ වත්ත', 3),
(129, 'ජයවඩනගම', 3),
(130, 'අරුප්පිටිය', 3),
(131, 'ආසිරි උයන', 3),
(132, 'බත්තරමුල්ල ‍ දකුණ', 3),
(133, 'රජමල්වත්ත', 3),
(134, 'පහළවෙළ', 3),
(135, 'වික්‍රමසිංහපුර', 3),
(136, 'වැල්ලන්ගිරිය', 3),
(137, 'හෝකන්දර දකුණ', 3),
(138, 'අතුරුගිරියදකුණ', 3),
(139, 'ජල්තර', 4),
(140, 'හේන්පිට', 4),
(141, 'ආටිගල බස්නාහිර', 4),
(142, 'අටිගල නැගනහිර', 4),
(143, 'බටවල', 4),
(144, 'වල්පිට', 4),
(145, 'නාවලමුල්ල', 4),
(146, 'මිගස්මුල්ල', 4),
(147, 'හබරකඩ උතුර', 4),
(148, 'මුල්ලේගම උතුර', 4),
(149, 'මුල්ලේගම දකුණ', 4),
(150, 'හබරකඩ දකුණ', 4),
(151, 'පනාගොඩ නගරය', 4),
(152, 'හේනවත්ත', 4),
(153, 'මිගොඩ උතුර', 4),
(154, 'පානලුව', 4),
(155, 'වටරැක උතුර', 4),
(156, 'මීගොඩ දකුණ', 4),
(157, 'ගොඩගම උතුර', 4),
(158, 'පනාගොඩ බස්නාහිර', 4),
(159, 'පනාගොඩ නැගනහිර', 4),
(160, 'හබරකඩ වත්ත', 4),
(161, 'හෝමාගම උතුර', 4),
(162, 'හෝමාගම බස්නාහිර', 4),
(163, 'හෝමාගම දකුණ', 4),
(164, 'ගලවිලවත්ත උතුර', 4),
(165, 'හෝමාගම නගරය', 4),
(166, 'හෝමාගම නැගනහිර', 4),
(167, 'පිටිපන නගරය', 4),
(168, 'ගොඩගම දකුණ', 4),
(169, 'කුරුදුවත්ත', 4),
(170, 'ගැහැනුවල', 4),
(171, 'වටරැක දකුණ', 4),
(172, 'ඕවිටිගම', 4),
(173, 'කඳනවත්ත', 4),
(174, 'කිරිබෙරියකැළේ', 4),
(175, 'මාවතගම', 4),
(176, 'කටුවාන', 4),
(177, 'ගලවිලවත්ත දකුණ', 4),
(178, 'නියඳගල', 4),
(179, 'හිරිපිටිය', 4),
(180, 'මාම්බුල්ගොඩ', 4),
(181, 'කිතලුහේන', 4),
(182, 'සිද්ධමුල්ල උතුර', 4),
(183, 'සිද්ධමුල්ල දකුණ', 4),
(184, 'මත්තේගොඩ බටහිර', 4),
(185, 'මත්තේගොඩ මධ්‍යම / ඒ', 4),
(186, 'මත්තේගොඩ නැගෙනහිර', 4),
(187, 'බ්‍රහ්මණගම', 4),
(188, 'ධිපාන්ගොඩ', 4),
(189, 'මාගම්මන බස්නාහිර', 4),
(190, 'මාගම්මන නැගනහිර', 4),
(191, 'උධුවන', 4),
(192, 'ප්‍රසන්නපුර', 4),
(193, 'පිටිපන උතුර', 4),
(194, 'සුවපුබුදුගම', 4),
(195, 'පිටිපන දකුණ', 4),
(196, 'දොළහේන', 4),
(197, 'දියගම නැගනහිර', 4),
(198, 'දියගම බස්නාහිර', 4),
(199, 'කිරිගම්පමුනුව', 4),
(200, 'මත්තේගොඩ මධ්‍යම / බී', 4),
(201, 'සියබලාගොඩ උතුර', 4),
(202, 'කුඩමාදුව', 4),
(203, 'සංඝාරාම', 4),
(204, 'සියඔලාගොඩ දකුණ', 4),
(205, 'රිලාවල', 4),
(206, 'කහතුඩුව බස්නාහිර', 4),
(207, 'කිරිවත්තුඩුව දකුණ', 4),
(208, 'කිරිවත්තුඩුව උතුර', 4),
(209, 'මුණමලේ- යකහලුව', 4),
(210, 'කිතුලවිල', 4),
(211, 'කහතුඩුව උතුර', 4),
(212, 'කහතුඩුව නැගෙනහිර', 4),
(213, 'කහතුඩුව දකුණ', 4),
(214, 'උන්දුරුගොඩ', 4),
(215, 'වැතර', 4),
(216, 'අම්බලන්ගොඩ', 4),
(217, 'හෙරලියාවල', 4),
(218, 'පාලගම', 4),
(219, 'වෙනිවැල්කොල', 4),
(220, 'බොල්ලතාව', 5),
(221, 'කනම්පැල්ල බස්නාහිර', 5),
(222, 'කනම්පැල්ල නැගෙනහිර', 5),
(223, 'මානකඩ', 5),
(224, 'ඇස්වත්ත උතුර', 5),
(225, 'කිරිවන්දල උතුර', 5),
(226, 'කුඩගම', 5),
(227, 'වෙරළුපිටිය', 5),
(228, 'සීතාගම', 5),
(229, 'අවිස්සාවේල්ල', 5),
(230, 'උක්වත්ත', 5),
(231, 'අග්‍රාපෙදෙස', 5),
(232, 'ඇස්වත්ත දකුණ', 5),
(233, 'ඉහළ කොස්ගම උතුර', 5),
(234, 'තාවල්ගොඩ', 5),
(235, 'මුරුතගම', 5),
(236, 'අකරවිට', 5),
(237, 'කහටපිටිය', 5),
(238, 'කළුඅග්ගල', 5),
(239, 'සාලාව', 5),
(240, 'පහළ කොස්ගම බස්නාහිර', 5),
(241, 'පහළ කොස්ගම නැගෙනහිර', 5),
(242, 'ඉහළ කොස්ගම දකුණ', 5),
(243, 'මිරිස්වත්ත', 5),
(244, 'අලුත් අමබලම', 5),
(245, 'කිරිවන්දල දකුණ', 5),
(246, 'කොටහැර', 5),
(247, 'සිතාවක', 5),
(248, 'ආරාධනාකන්ද', 5),
(249, 'පුවක්පිටිය දකුණ', 5),
(250, 'පුවක්පිටිය', 5),
(251, 'එගොඩගම', 5),
(252, 'වේරගොල්ල උතුර', 5),
(253, 'හිගුරල', 5),
(254, 'කඩුගෙඩෙ උතුර', 5),
(255, 'මාවල්ගම', 5),
(256, 'සුදුවැල්ල', 5),
(257, 'ගිරා ඉඹුළ', 5),
(258, 'වලවීවත්ත', 5),
(259, 'පහළ හංවැල්ල', 5),
(260, 'හංවැල්ල නගරය', 5),
(261, 'ඉහළ හංවැල්ල උතුර', 5),
(262, 'නිරිපොළ', 5),
(263, 'බ්‍රැන්ඩිගම්පළ', 5),
(264, 'කඩුගොඩ දකුණ', 5),
(265, 'වේරගොල්ල දකුණ', 5),
(266, 'දිගන', 5),
(267, 'ලහිරුගම', 5),
(268, 'මාඹුල', 5),
(269, 'වැලිකත්න', 5),
(270, 'කහහේන', 5),
(271, 'නෙලුවත්තුඩුව', 5),
(272, 'දිද්දෙණිය උතුර', 5),
(273, 'ඉහළ හංවැල්ල දකුණ', 5),
(274, 'පහත්ගම', 5),
(275, 'ජයවීරගොඩ', 5),
(276, 'කුඩළුවිල', 5),
(277, 'තුන්නාන නැගෙනහිර', 5),
(278, 'දිද්දෙනිය දකුණ', 5),
(279, 'එළමලවල', 5),
(280, 'ඉලුක්ඕවිට', 5),
(281, 'කොස්වත්ත', 5),
(282, 'පඤ්ඤාගුල', 5),
(283, 'පැල්පොල', 5),
(284, 'කුඩාකන්ද', 5),
(285, 'තුන්නාන බටහිර', 5),
(286, 'මාවතගම බටහිර', 5),
(287, 'මාවතගම නැගනහිර', 5),
(288, 'පින්නවල උතුර', 6),
(289, 'පින්නවල දකුණ', 6),
(290, 'වග උතුර', 6),
(291, 'වග නැගෙනහිර', 6),
(292, 'තුම්මෝදර', 6),
(293, 'වග දකුණ', 6),
(294, 'සියඔලාව', 6),
(295, 'පහළ බෝපේ', 6),
(296, 'හල්පේ', 6),
(297, 'වග බටහිර', 6),
(298, 'උග්ගල්ල', 6),
(299, 'වේවැල්පනාව', 6),
(300, 'පිටුමිපේ උතුර', 6),
(301, 'පිටුමිපේ දකුණ', 6),
(302, 'ගළගෙදර නැගෙනහිර', 6),
(303, 'ගළගෙදර උතුර', 6),
(304, 'ගළගෙදර දකුණ', 6),
(305, 'පාදුක්ක', 6),
(306, 'අරුක්වත්ත උතුර', 6),
(307, 'අරුක්වත්ත දකුණ', 6),
(308, 'ගනේගොඩ', 6),
(309, 'අංගම්පිටිය', 6),
(310, 'වේරගල', 6),
(311, 'අංගමුව', 6),
(312, 'උඩුමුල්ල', 6),
(313, 'පෝරෙගෙදර', 6),
(314, 'පහළ පාදුක්ක', 6),
(315, 'ලියත්වල', 6),
(316, 'කුරුගල', 6),
(317, 'මාදුලාව දකුණ', 6),
(318, 'මාදුලාව උතුර', 6),
(319, 'හොරකඳවල', 6),
(320, 'දම්පේ', 6),
(321, 'බෙරුකැටිය', 6),
(322, 'හොරගල බටහිර', 6),
(323, 'හොරගල නැගනහිර', 6),
(324, 'බෙලිඅත්තවිල', 6),
(325, 'මිරියගල්ල', 6),
(326, 'මලගල', 6),
(327, 'කහවල', 6),
(328, 'යටවතුර', 6),
(329, 'මාහිංගල', 6),
(330, 'ඉහළ බෝපේ', 6),
(331, 'ගුරුලාන', 6),
(332, 'උඩගම', 6),
(333, 'දඹෝර', 6),
(334, 'මිරිහාන දකුණ', 7),
(335, 'මිරිහාන උතුර', 7),
(336, 'මාදිවෙල', 7),
(337, 'තළවතුගොඩ බටහිර', 7),
(338, 'තළවතුගොඩ නැගනහිර', 7),
(339, 'කළල්ගොඩ', 7),
(340, 'කොට්ටාව නැගනහිර', 7),
(341, 'රුක්මළේ බටහිර', 7),
(342, 'රැක්මළේ නැගනහිර ඒ', 7),
(343, 'රුක්මළේ නැගනහිර බි', 7),
(344, 'ලියනගොඩ', 7),
(345, 'කොට්ටාව උතුර', 7),
(346, 'දෙපානම', 7),
(347, 'පොල්වත්ත', 7),
(348, 'පමුණුව', 7),
(349, 'තළපත්පිටිය', 7),
(350, 'ප්‍රගතිපුර', 7),
(351, 'උඩහාමුල්ල නැගනහිර', 7),
(352, 'උඩහමුල්ල බටහිර', 7),
(353, 'පති‍රගොඩ', 7),
(354, 'මහරගම නැගනහිර', 7),
(355, 'මහරගම බටහිර', 7),
(356, 'දඔහේන', 7),
(357, 'පන්නිපිටිය උතුර', 7),
(358, 'කොට්ටාව බටහිර', 7),
(359, 'කොට්ටාව දකුණ', 7),
(360, 'මාලපල්ල බටහිර', 7),
(361, 'මාලපල්ල නැගෙනහිර', 7),
(362, 'මාකුඹුර උතුර', 7),
(363, 'මාකුඹුර දකුණ', 7),
(364, 'කොට්ටාව නගරය', 7),
(365, 'පන්නිපිටිය දකුණ', 7),
(366, 'මහරගම නගරය', 7),
(367, 'ගොඩිගමුව දකුණ', 7),
(368, 'ගොඩිගමුව දකුණ බි', 7),
(369, 'ගොඩිගමුව උතුර', 7),
(370, 'වත්තේගෙදර', 7),
(371, 'නාවින්න', 7),
(372, 'විජේරාම', 7),
(373, 'ගංගොඩවිල දකුණ බි', 7),
(374, 'ජම්බුගස්මුල්ල', 7),
(375, 'ඔබේසේකරපුර', 8),
(376, 'වැලිකඩ බටහිර-514A', 8),
(377, 'වැලිකඩ නැගෙනහිර-514', 8),
(378, 'රාජගිරිය-514 බී', 8),
(379, 'වැළිකඩ උතුර', 8),
(380, 'නාවල බටහිර', 8),
(381, 'කොස්වත්ත', 8),
(382, 'ඇතුල්කෝට්ටේ බටහිර', 8),
(383, 'ඇතුල්කොට්ටේ', 8),
(384, 'පිටකොට්ටේ නැගෙනහිර', 8),
(385, 'පිටකෝට්ටේ', 8),
(386, 'පිටකොට්ටේ බටහිර', 8),
(387, 'නාවළ නැගෙනහිර', 8),
(388, 'නුගේගොඩ බටහිර', 8),
(389, 'පා‍ගොඩ', 8),
(390, 'නුගේගොඩ', 8),
(391, 'පා‍ගොඩ නැගනහිර', 8),
(392, 'ගංගොඩවිල උතුර', 8),
(393, 'ගංගොඩවිළ දකුණ', 8),
(394, 'ගංගොඩවිළ නැගනහිර', 8),
(395, 'කොල්ලුපිටිය', 9),
(396, 'බම්බලපිටිය', 9),
(397, 'කුරුදුවත්ත', 9),
(398, 'කුප්පියාවත්ත බටහිර', 9),
(399, 'කුප්පියාවත්ත නැගෙනහිර', 9),
(400, 'දෙමටගොඩ', 9),
(401, 'වනාතමුල්ල', 9),
(402, 'බොරැල්ල උතුර', 9),
(403, 'බොරැල්ල දකුණ', 9),
(404, 'ගෝතමිපුර', 9),
(405, 'නාරාහේන්පිට', 9),
(406, 'තිඹිරිගස්යාය', 9),
(407, 'මිලාගිරිය', 9),
(408, 'හැවිලොක් නගරය', 9),
(409, 'කිරැළ', 9),
(410, 'කිරුළපන', 9),
(411, 'වැල්ලවත්ත උතුර', 9),
(412, 'වැල්ලවත්ත දකුණ', 9),
(413, 'බටහිර පාමංකඩ', 9),
(414, 'නැගෙනහිර පාමංකඩ', 9),
(415, 'ශ්‍රී සරණංකර', 10),
(416, 'විලවල', 10),
(417, 'දුටුගැමුණු', 10),
(418, 'කොහුවල', 10),
(419, 'කළුබෝවිල', 10),
(420, 'හත්බෝධිය', 10),
(421, 'ගල්වල', 10),
(422, 'දෙහිවල බටහිර', 10),
(423, 'දෙහිවල නැගෙනහිර', 10),
(424, 'උද්‍යානය', 10),
(425, 'නැඳිමාල', 10),
(426, 'මල්වත්ත', 10),
(427, 'ජයතිලක', 10),
(428, 'කරගම්පිටිය', 10),
(429, 'නැගෙනහිර කව්ඩාන', 10),
(430, 'අගුලාන උතුර', 11),
(431, 'කල්දෙමුල්ල', 11),
(432, 'සොයියාපුර උතුර', 11),
(433, 'සොයියාපුර දකුණ', 11),
(434, 'දහම්පුර', 11),
(435, '‍තෙලවල උතුර', 11),
(436, 'බොරුපණ', 11),
(437, 'තෙල්වල දකුණ', 11),
(438, 'ලක්ෂපතිය උතුර', 11),
(439, 'ලක්ෂපතිය මධ්‍යම', 11),
(440, 'අගුළාන දකුණ', 11),
(441, 'උයන දකුණ', 11),
(442, 'උයන උතුර', 11),
(443, 'රාවතාවත්ත දකුණ', 11),
(444, 'රාවතාවත්ත නැගනහිර', 11),
(445, 'ලක්ෂපතිය දකුණ', 11),
(446, 'කුඩුවාමුල්ල', 11),
(447, 'කටුබැද්ද', 11),
(448, 'මොල්පේ', 11),
(449, 'මොරටු මුල්ල උතුර', 11),
(450, 'කඩළාන', 11),
(451, 'රාවතාවත්ත බටහිර', 11),
(452, 'ඉඩම', 11),
(453, 'උස්වත්ත', 11),
(454, 'මොරටුවැල්ල දකුණ', 11),
(455, 'ඉඳිබැද්ද බටහිර', 11),
(456, 'මොරටු මුල්ල නැ‍‍ගෙනහිර', 11),
(457, 'මොරටු මුල්ල බටහිර', 11),
(458, 'විල්ලෝරාවත්ත නැගෙනහිර', 11),
(459, 'විල්ලෝරාවත්ත බටහිර', 11),
(460, 'ඉදිබැද්ද නැෙගනහිර', 11),
(461, 'මොරටු වැල්ල උතුර', 11),
(462, 'මොරටු වැල්ල බටහිර', 11),
(463, 'කොරලවැල්ල උතුර', 11),
(464, 'කොරළවැල්ල නැගනහිර', 11),
(465, 'කොරළවැල්ල බටහිර', 11),
(466, 'කොරළවැල්ල දකුණ', 11),
(467, 'කටුකුරැන්ද උතුර', 11),
(468, 'කටුකුරැන්ද දකුණ', 11),
(469, 'ඒගොඩ උයන උතුර', 11),
(470, 'ඒගොඩ උයන මධ්‍යම', 11),
(471, 'ඒගොඩ උයන දකුණ', 11),
(472, 'පැපිලියාන බටහිර', 12),
(473, 'පැපිලියාන නැගෙනහිර', 12),
(474, 'දිවුලපිටිය නැගෙනහිර', 12),
(475, 'දිවුල්පිටිය බටහිර', 12),
(476, 'බෙල්ලන්විල', 12),
(477, 'බොරලැස්ගමුව බටහිර ඒ', 12),
(478, 'බොරලැස්ගමුව බටහිර සි', 12),
(479, 'රත්නපිටිය', 12),
(480, 'එගොඩවත්ත', 12),
(481, 'බොරලැස්ගමුව නැගනහිර ඒ', 12),
(482, 'බොරලැස්ගමුව බටහිර බි', 12),
(483, 'වේරහැර උතුර', 12),
(484, 'බොරලැස්ගමුව නැගනහිර බි', 12),
(485, 'නිලම්මහර', 12),
(486, 'කටුවාවල උතුර', 12),
(487, 'විස්වකලාව', 12),
(488, 'වේරහැර දකුණ', 12),
(489, 'කටුවාවළ දකුණ', 12),
(490, 'නිවන්තිඩිය', 12),
(491, 'ඇරැව්වල බටහිර', 12),
(492, 'ඇරැව්වල උතුර', 12),
(493, 'ඇරැව්වල නැගෙනහිර', 12),
(494, 'රත්මල්දෙනිය', 12),
(495, 'මහල්වරාව', 12),
(496, 'බංගලාවත්ත', 12),
(497, 'පැලන්වත්ත නැගනහිර', 12),
(498, 'පැලන්වත්ත උතුර', 12),
(499, 'පැලන්වත්ත බටහිර', 12),
(500, 'පලිගෙදර', 12),
(501, 'කළියම්මහර', 12),
(502, 'බෝකුන්දර', 12),
(503, 'තුම්බෝවිල දකුණ', 12),
(504, 'තුම්බෝවිල උතුර', 12),
(505, 'වෑවල බටහිර', 12),
(506, 'වෑවල නැගෙනහිර', 12),
(507, 'තුම්බෝවිල බටහිර', 12),
(508, 'මාම්පේ උතුර', 12),
(509, 'මකුළුදුව', 12),
(510, 'ගොරකපිටිය', 12),
(511, 'නාම්පමුණුව', 12),
(512, 'මාවිත්තර උතුර', 12),
(513, 'මාම්පේ නැගෙනහිර', 12),
(514, 'බෝධිරාජපුර', 12),
(515, 'මාම්පේ බටහිර', 12),
(516, 'මාම්පේ දකුණ', 12),
(517, 'කොළමුන්න', 12),
(518, 'සුවරපොළ නැගනහිර', 12),
(519, 'සුවරපොළ බටහිර', 12),
(520, 'හැඩිගම', 12),
(521, 'බටකැත්තර උතුර', 12),
(522, 'කැස්බැව උතුර', 12),
(523, 'කැස්බැව නැගෙනහිර', 12),
(524, 'මාවිත්තර දකුණ', 12),
(525, 'හොන්නත්තර උතුර', 12),
(526, 'හොන්නන්තර දකුණ', 12),
(527, 'මාකන්දන නැගෙනහිර', 12),
(528, 'කැස්බැව දකුණ', 12),
(529, 'බටකැත්තර දකුණ', 12),
(530, 'මඩපාත', 12),
(531, '‍දැල්තර බටහිර', 12),
(532, '‍දැල්තර නැගෙනහිර', 12),
(533, 'දාම්පේ', 12),
(534, 'මාකන්දන බටහිර', 12),
(535, 'නිවුන්ගම', 12),
(536, 'හල්පිට', 12),
(537, 'හොරතුඩුව', 12),
(538, 'මො‍රැද', 12),
(539, 'බටුවන්දර උතුර', 12),
(540, 'බටුවන්දර දකුණ', 12),
(541, 'ජඹුරලිය', 12),
(542, 'පොල්හේක', 12),
(543, 'රෙජිඩේල්වත්ත', 12),
(544, 'කහපොල', 12),
(545, 'ගල්කිස්ස', 13),
(546, 'කවුඩාන බටහිර', 13),
(547, 'වටරප්පල', 13),
(548, 'වතුමුල්ල', 13),
(549, 'කටුකුරුඳුවත්ත', 13),
(550, 'අත්තිඩිය උතුර', 13),
(551, 'අත්තිඩිය දකුණ', 13),
(552, 'පිරිවෙන', 13),
(553, 'වෙඩිකන්ද', 13),
(554, 'විහාර', 13),
(555, 'රත්මලාන බටහිර', 13),
(556, 'රත්මලාන නැගෙනහිර', 13),
(557, 'කඳවල', 13);

-- --------------------------------------------------------

--
-- Table structure for table `district`
--

CREATE TABLE `district` (
  `dno` int(2) DEFAULT NULL,
  `dname` varchar(12) DEFAULT NULL
) ENGINE=InnoDB DEFAULT CHARSET=utf8;

--
-- Dumping data for table `district`
--

INSERT INTO `district` (`dno`, `dname`) VALUES
(1, 'ampara'),
(2, 'anuradhapura'),
(3, 'badulla'),
(4, 'batticaloa'),
(5, 'colombo'),
(6, 'galle'),
(7, 'gampaha'),
(8, 'hambantota'),
(9, 'jaffna'),
(10, 'kalutara'),
(11, 'kandy'),
(12, 'kegalle'),
(13, 'kilinochchi'),
(14, 'kurunegala'),
(15, 'mannar'),
(16, 'matale'),
(17, 'matara'),
(18, 'monaragala'),
(19, 'mullaitivu'),
(20, 'nuwara_eliya'),
(21, 'polonnaruwa'),
(22, 'puttalam'),
(23, 'ratnapura'),
(24, 'trincomalee'),
(25, 'vavuniya');

-- --------------------------------------------------------

--
-- Table structure for table `divreport`
--

CREATE TABLE `divreport` (
  `id` int(11) NOT NULL,
  `perid` int(11) DEFAULT NULL,
  `landtype` varchar(20) CHARACTER SET utf8 COLLATE utf8_bin NOT NULL,
  `qtypermit` varchar(11) DEFAULT NULL,
  `pdate` date NOT NULL,
  `stdate` timestamp NOT NULL DEFAULT current_timestamp() ON UPDATE current_timestamp(),
  `img` varchar(100) NOT NULL,
  `aplicant_id` int(11) NOT NULL,
  `edate` date DEFAULT NULL,
  `district` varchar(50) NOT NULL
) ENGINE=InnoDB DEFAULT CHARSET=utf8mb4;

-- --------------------------------------------------------

--
-- Table structure for table `divsec`
--

CREATE TABLE `divsec` (
  `indexno` int(3) NOT NULL,
  `divno` int(2) DEFAULT NULL,
  `divna` varchar(31) DEFAULT NULL,
  `district` varchar(12) DEFAULT NULL
) ENGINE=InnoDB DEFAULT CHARSET=utf8;

--
-- Dumping data for table `divsec`
--

INSERT INTO `divsec` (`indexno`, `divno`, `divna`, `district`) VALUES
(1, 1, 'දෙහිඅත්තකන්ඩිය', 'ampara'),
(2, 2, 'පදියතලාව', 'ampara'),
(3, 3, 'මහඔය', 'ampara'),
(4, 4, 'උහන', 'ampara'),
(5, 5, 'අම්පාර', 'ampara'),
(6, 6, 'නාවිදන්වෙලි', 'ampara'),
(7, 7, 'සමන්තුරෙයි', 'ampara'),
(8, 8, 'කල්මුණ උතුර', 'ampara'),
(9, 9, 'කල්මුණ', 'ampara'),
(10, 10, 'සෙයින්තමරතු', 'ampara'),
(11, 11, 'කාරයිතිවු', 'ampara'),
(12, 12, 'නින්දවූර්', 'ampara'),
(13, 13, 'අඩ්ඩාලචේන', 'ampara'),
(14, 14, 'ඉරක්කාමම්', 'ampara'),
(15, 15, 'අක්කරෙයිපත්තු', 'ampara'),
(16, 16, 'අලයඩිවෙම්බු', 'ampara'),
(17, 17, 'දමන', 'ampara'),
(18, 18, 'තිරුක්කෝවිල්', 'ampara'),
(19, 19, 'පොතුවිල්', 'ampara'),
(20, 20, 'ලාහුගල', 'ampara'),
(21, 1, 'පදවිය', 'anuradhapura'),
(22, 2, 'කැබිතිගොල්ලෑව', 'anuradhapura'),
(23, 3, 'මැදවච්චිය', 'anuradhapura'),
(24, 4, 'මහවිලච්චිය', 'anuradhapura'),
(25, 5, 'නුවරගම් පළාත මධ්‍යම', 'anuradhapura'),
(26, 6, 'රඹෑව', 'anuradhapura'),
(27, 7, 'කහටගස්දිගිලිය', 'anuradhapura'),
(28, 8, 'හොරොව්පතාන', 'anuradhapura'),
(29, 9, 'ගලෙන්බිදුනුවැව', 'anuradhapura'),
(30, 10, 'මිහින්තලේ', 'anuradhapura'),
(31, 11, 'නැගෙනහිර නුවරගම් පළාත', 'anuradhapura'),
(32, 12, 'නාච්චදුව', 'anuradhapura'),
(33, 13, 'නොච්චියාගම', 'anuradhapura'),
(34, 14, 'රාජාංගනය', 'anuradhapura'),
(35, 15, 'තඹුත්තෙගම', 'anuradhapura'),
(36, 16, 'තලාව', 'anuradhapura'),
(37, 17, 'තිරප්පනේ', 'anuradhapura'),
(38, 18, 'කැකිරාව', 'anuradhapura'),
(39, 19, 'පලුගස්වැව', 'anuradhapura'),
(40, 20, 'ඉපලෝගම', 'anuradhapura'),
(41, 21, 'ගල්නෑව', 'anuradhapura'),
(42, 22, 'පලාගල', 'anuradhapura'),
(43, 1, 'මහියංගනය', 'badulla'),
(44, 2, 'රිදීමාලියද්ද', 'badulla'),
(45, 3, 'මීගහකිවුල', 'badulla'),
(46, 4, 'කන්දකැටිය', 'badulla'),
(47, 5, 'සොරණාතොට', 'badulla'),
(48, 6, 'පස්සර', 'badulla'),
(49, 7, 'ලුණුගල', 'badulla'),
(50, 8, 'බදුල්ල', 'badulla'),
(51, 9, 'හාලිඇල', 'badulla'),
(52, 10, 'ඌව-පරණගම', 'badulla'),
(53, 11, 'වැලිමඩ', 'badulla'),
(54, 12, 'බණ්ඩාරවෙල', 'badulla'),
(55, 13, 'ඇල්ල', 'badulla'),
(56, 14, 'හපුතලේ', 'badulla'),
(57, 15, 'හල්දුම්මුල්ල', 'badulla'),
(58, 1, 'කෝරලේපත්තු උතුර', 'battikaloa'),
(59, 2, 'කෝරලේපත්තු බටහිර (ඕට්ටමාවඩි)', 'battikaloa'),
(60, 3, 'කෝරලේපත්තු (වාලච්චේනෙ)', 'battikaloa'),
(61, 4, 'එරාවුර්පත්තු', 'battikaloa'),
(62, 5, 'එරාවුර් නගරය', 'battikaloa'),
(63, 6, 'මන්මුනායි උතුර', 'battikaloa'),
(64, 7, 'මන්මුනායි බටහිර', 'battikaloa'),
(65, 8, 'කාත්තන්කුඩි', 'battikaloa'),
(66, 9, 'මන්මුනායිපත්තු', 'battikaloa'),
(67, 10, 'මන්මුනායි නිරිත', 'battikaloa'),
(68, 10, 'පෝරතිවිපත්තු', 'battikaloa'),
(69, 11, 'මන්මුනෙයි දකුණ හා එරුවිල්පත්තු', 'battikaloa'),
(70, 12, 'කෝරළෙයිපත්තු දකුණ', 'battikaloa'),
(71, 13, 'කෝරලේපත්තු මධ්‍යම', 'battikaloa'),
(72, 1, 'කොළඹ', 'colombo'),
(73, 2, 'කොළොන්නාව', 'colombo'),
(74, 3, 'කඩුවෙල', 'colombo'),
(75, 4, 'හෝමගම', 'colombo'),
(76, 5, 'හංවැල්ල', 'colombo'),
(77, 6, 'පාදුක්ක', 'colombo'),
(78, 7, 'මහරගම', 'colombo'),
(79, 8, 'ශ්‍රී ජයවර්ධනපුර කෝට්ටේ', 'colombo'),
(80, 9, 'තිඹිරිගස්යාය', 'colombo'),
(81, 10, 'දෙහිවල -ගල්කිස්ස', 'colombo'),
(82, 11, 'මොරටුව', 'colombo'),
(83, 12, 'කැස්බෑව', 'colombo'),
(84, 13, 'රත්මලාන', 'colombo'),
(85, 1, 'බෙන්තොට', 'galle'),
(86, 2, 'බලපිටිය', 'galle'),
(87, 3, 'කරන්දෙණිය', 'galle'),
(88, 4, 'ඇල්පිටිය', 'galle'),
(89, 5, 'නියාගම', 'galle'),
(90, 6, 'තවලම', 'galle'),
(91, 7, 'නෙළුව', 'galle'),
(92, 8, 'නාගොඩ', 'galle'),
(93, 9, 'බද්දේගම', 'galle'),
(94, 10, 'වැලිවිටිය - දිවිතුර', 'galle'),
(95, 11, 'අම්බලන්ගොඩ', 'galle'),
(96, 12, 'හික්කඩුව', 'galle'),
(97, 13, 'ගාල්ල කඩවත් සතර', 'galle'),
(98, 14, 'බෝපෙ පෝද්දල', 'galle'),
(99, 15, 'අක්මීමන', 'galle'),
(100, 16, 'යක්කල මුල්ල', 'galle'),
(101, 17, 'ඉමදූව', 'galle'),
(102, 18, 'හබරාදුව', 'galle'),
(103, 19, 'ගෝනාපිනුවල', 'galle'),
(104, 20, 'රත්ගම​', 'galle'),
(105, 21, 'මාදම්පාගම​', 'galle'),
(106, 22, 'වදුරඹ​', 'galle'),
(107, 1, 'මීගමුව', 'gampaha'),
(108, 2, 'කටාන', 'gampaha'),
(109, 3, 'දිවුලපිටිය', 'gampaha'),
(110, 4, 'මීරිගම', 'gampaha'),
(111, 5, 'මිනුවන්ගොඩ', 'gampaha'),
(112, 6, 'වත්තල', 'gampaha'),
(113, 7, 'ජා-ඇල', 'gampaha'),
(114, 8, 'ගම්පහ', 'gampaha'),
(115, 9, 'අත්තනගල්ල', 'gampaha'),
(116, 10, 'දොම්පෙ', 'gampaha'),
(117, 11, 'මහර', 'gampaha'),
(118, 12, 'කැළණිය', 'gampaha'),
(119, 13, 'බියගම', 'gampaha'),
(120, 1, 'සූරියවැව', 'hambantota'),
(121, 2, 'ලුණුගම්වෙහෙර', 'hambantota'),
(122, 3, 'තිස්සමහාරාමය', 'hambantota'),
(123, 4, 'හමිබන්තොට', 'hambantota'),
(124, 5, 'අම්බලන්තොට', 'hambantota'),
(125, 6, 'අඟුණුකොළපැලැස්ස', 'hambantota'),
(126, 7, 'වීරකැටිය', 'hambantota'),
(127, 8, 'කටුවන', 'hambantota'),
(128, 9, 'ඕකෙවෙල', 'hambantota'),
(129, 10, 'බෙලිඅත්ත', 'hambantota'),
(130, 11, 'තංගල්ල', 'hambantota'),
(131, 12, 'වලස්මුල්ල', 'hambantota'),
(132, 1, 'කයිට්ස්', 'jaffna'),
(133, 2, 'වලිකාමම් බටහිර චංකානෙයි', 'jaffna'),
(134, 3, 'වලිකාමම් නිරිත සන්දිලිපායි', 'jaffna'),
(135, 4, 'වලිකාමම් උතුර', 'jaffna'),
(136, 5, 'වලිකාමම් දකුණ උඩුවිල්', 'jaffna'),
(137, 6, 'වලිකාමම් නැගෙනහිර', 'jaffna'),
(138, 7, 'වඩමාරච්චි දකුණ බටහිර කරවෙඩ්ඩි', 'jaffna'),
(139, 8, 'වඩමාරච්චි නැගෙනහිර (මරුතන්කේණි)', 'jaffna'),
(140, 9, 'වඩමිරච්චි උතුර', 'jaffna'),
(141, 10, 'තෙන්මාරච්චි', 'jaffna'),
(142, 11, 'නල්ලූර්', 'jaffna'),
(143, 12, 'යාපනය', 'jaffna'),
(144, 13, 'දිවයින දකුණ වෙලණෙයි', 'jaffna'),
(145, 14, 'ඩෙල්ප්ට්', 'jaffna'),
(146, 15, 'කාරෙයිනගර්', 'jaffna'),
(147, 1, 'පානදුර', 'kalutara'),
(148, 2, 'බණ්ඩාරගම', 'kalutara'),
(149, 3, 'හොරණ', 'kalutara'),
(150, 4, 'ඉංගිරිය', 'kalutara'),
(151, 5, 'බුලත්සිංහල', 'kalutara'),
(152, 6, 'මදුරාවල', 'kalutara'),
(153, 7, 'මිල්ලනිය', 'kalutara'),
(154, 8, 'කළුතර', 'kalutara'),
(155, 9, 'බේරුවල', 'kalutara'),
(156, 10, 'දොඩම්ගොඩ', 'kalutara'),
(157, 11, 'මතුගම', 'kalutara'),
(158, 12, 'අගලවත්ත', 'kalutara'),
(159, 13, 'පාලින්ද නුවර', 'kalutara'),
(160, 14, 'වලල්ලාවිට', 'kalutara'),
(161, 1, 'තුම්පනේ', 'kandy'),
(162, 2, 'පුජාපිටිය', 'kandy'),
(163, 3, 'අකුරණ', 'kandy'),
(164, 4, 'පාතදුම්බර', 'kandy'),
(165, 5, 'පන්විල', 'kandy'),
(166, 6, 'උඩදුම්බර', 'kandy'),
(167, 7, 'මිණිපේ', 'kandy'),
(168, 8, 'මැදදුම්බර', 'kandy'),
(169, 9, 'කුණ්ඩසාලෙ', 'kandy'),
(170, 10, 'මහනුවර කඩවත් සතර හා ගඟවටකොරළේ', 'kandy'),
(171, 11, 'හාරිස්පත්තුව', 'kandy'),
(172, 11, 'හතරලියැද්ද', 'kandy'),
(173, 12, 'යටිනුවර', 'kandy'),
(174, 13, 'උඩුනුවර *', 'kandy'),
(175, 14, 'දොළුව', 'kandy'),
(176, 15, 'පාතහේවාහැට', 'kandy'),
(177, 16, 'දෙල්තොට', 'kandy'),
(178, 17, 'උඩපලාත', 'kandy'),
(179, 18, 'ගඟ ඉහළ කොරළේ', 'kandy'),
(180, 19, 'පස්බාගේ කොරළේ', 'kandy'),
(181, 1, 'රඹුක්කන', 'kegalle'),
(182, 2, 'මාවනැල්ල', 'kegalle'),
(183, 3, 'අරනායක', 'kegalle'),
(184, 4, 'කෑගල්ල', 'kegalle'),
(185, 5, 'ගලිගමුව', 'kegalle'),
(186, 6, 'වරකාපොළ', 'kegalle'),
(187, 7, 'රුවන්වැල්ල', 'kegalle'),
(188, 8, 'බුලත්කොහුපිටිය', 'kegalle'),
(189, 9, 'යටියන්තොට', 'kegalle'),
(190, 10, 'දෙහිඹ්විට', 'kegalle'),
(191, 11, 'දැරණියගල', 'kegalle'),
(192, 1, 'පච්චිලයිපල්ලි', 'kilinochchi'),
(193, 2, 'කන්දවලායි', 'kilinochchi'),
(194, 3, 'කරච්චි', 'kilinochchi'),
(195, 4, 'පුනකරි', 'kilinochchi'),
(196, 1, 'ගිරිබාව', 'kurunegala'),
(197, 2, 'ගල්ගමුව', 'kurunegala'),
(198, 3, 'ඇහැටුවැව', 'kurunegala'),
(199, 4, 'අඹන්පොළ', 'kurunegala'),
(200, 5, 'කොටවෙහෙර', 'kurunegala'),
(201, 6, 'රස්නායකපුර', 'kurunegala'),
(202, 7, 'නිකවැරටිය', 'kurunegala'),
(203, 8, 'මහව', 'kurunegala'),
(204, 9, 'පොල්පිතිගම', 'kurunegala'),
(205, 10, 'ඉබ්බාගමුව', 'kurunegala'),
(206, 11, 'ගනේවත්ත', 'kurunegala'),
(207, 12, 'වාරියපොල', 'kurunegala'),
(208, 13, 'කොබෙයිගනේ', 'kurunegala'),
(209, 14, 'බිංගිරිය', 'kurunegala'),
(210, 15, 'පඩුවස්නුවර', 'kurunegala'),
(211, 16, 'පඬුවස්නුවර නැගෙනහිර', 'kurunegala'),
(212, 17, 'බමුණාකොටුව', 'kurunegala'),
(213, 18, 'මාස්පොත', 'kurunegala'),
(214, 19, 'කුරුණෑගල', 'kurunegala'),
(215, 20, 'මල්ලවපිටිය', 'kurunegala'),
(216, 21, 'මාවතගම', 'kurunegala'),
(217, 22, 'රිදීගම', 'kurunegala'),
(218, 23, 'වීරඹුගෙදර', 'kurunegala'),
(219, 24, 'කුළියාපිටිය නැගෙනහිර', 'kurunegala'),
(220, 25, 'කුළියාපිටිය බටහිර', 'kurunegala'),
(221, 26, 'උඩුබද්දාව', 'kurunegala'),
(222, 27, 'පන්නල', 'kurunegala'),
(223, 28, 'නාරම්මල', 'kurunegala'),
(224, 29, 'අලව්ව', 'kurunegala'),
(225, 30, 'පොල්ගහවෙල', 'kurunegala'),
(226, 1, 'මන්නාරම නගරය', 'mannar'),
(227, 2, 'මන්තායි බටහිර', 'mannar'),
(228, 3, 'මඩු', 'mannar'),
(229, 4, 'නානාධන්', 'mannar'),
(230, 5, 'මුසලි', 'mannar'),
(231, 1, 'ගලේවෙල', 'matale'),
(232, 2, 'දඹුල්ල', 'matale'),
(233, 3, 'නාඋල', 'matale'),
(234, 4, 'පල්ලෙපොල', 'matale'),
(235, 5, 'යටවත්ත', 'matale'),
(236, 6, 'මාතලේ', 'matale'),
(237, 7, 'අඹන්ගඟ කොරළේ', 'matale'),
(238, 8, 'ලග්ගල - පල්ලෙගම', 'matale'),
(239, 9, 'විල්ගමුව', 'matale'),
(240, 10, 'රත්තොට', 'matale'),
(241, 11, 'උකුවෙල', 'matale'),
(242, 1, 'පිටබැද්දර', 'matara'),
(243, 2, 'කොටපොල', 'matara'),
(244, 3, 'පස්ගොඩ', 'matara'),
(245, 4, 'මුලටියන', 'matara'),
(246, 5, 'අතුරලිය', 'matara'),
(247, 6, 'අකුරැස්ස', 'matara'),
(248, 7, 'වැලිපිටිය', 'matara'),
(249, 8, 'මාලිම්බඩ', 'matara'),
(250, 9, 'කඹුරුපිටිය', 'matara'),
(251, 10, 'හක්මන', 'matara'),
(252, 11, 'කිරින්ද පුහුල්වැල්ල', 'matara'),
(253, 12, 'තිහගොඩ', 'matara'),
(254, 13, 'වැලිගම', 'matara'),
(255, 14, 'කඩවත් සතර', 'matara'),
(256, 15, 'දෙවිනුවර', 'matara'),
(257, 16, 'දික්වැල්ල', 'matara'),
(258, 1, 'බිබිලේ', 'monaragala'),
(259, 2, 'මඩුල්ල', 'monaragala'),
(260, 3, 'මැදගම', 'monaragala'),
(261, 4, 'සියඹලාන්ඩුව', 'monaragala'),
(262, 5, 'මොනරාගල', 'monaragala'),
(263, 6, 'බඩැල්කුඹුර', 'monaragala'),
(264, 7, 'වැල්ලවාය', 'monaragala'),
(265, 8, 'බුත්තල', 'monaragala'),
(266, 9, 'කතරගම', 'monaragala'),
(267, 9, 'තනමල්විල', 'monaragala'),
(268, 10, 'සෙවනගල', 'monaragala'),
(269, 1, 'තුනුක්කායි', 'mullaitivu'),
(270, 2, 'මාන්තෛ නැගෙනහිර', 'mullaitivu'),
(271, 3, 'පුදුකුඩියිරිප්පු', 'mullaitivu'),
(272, 4, 'ඔඩ්ඩුසුදාන්', 'mullaitivu'),
(273, 5, 'මුහුදුබඩපත්තු', 'mullaitivu'),
(274, 6, 'වැලිඔය', 'mullaitivu'),
(275, 1, 'කොත්මලේ', 'nuwara_eliya'),
(276, 2, 'හඟුරන්කෙත', 'nuwara_eliya'),
(277, 3, 'වලපනේ', 'nuwara_eliya'),
(278, 4, 'නුවර එළිය', 'nuwara_eliya'),
(279, 5, 'අඹගමුව', 'nuwara_eliya'),
(280, 6, 'නෝර්වුඩ්', 'nuwara_eliya'),
(281, 7, 'කොත්මලේ (බටහිර)', 'nuwara_eliya'),
(282, 8, 'නිල්දණ්ඩාහින්න​', 'nuwara_eliya'),
(283, 9, 'තලවකැලේ', 'nuwara_eliya'),
(284, 10, 'මතුරට', 'nuwara_eliya'),
(285, 1, 'හිඟුරක්ගොඩ', 'polonnaruwa'),
(286, 2, 'මැදිරිගිරිය', 'polonnaruwa'),
(287, 3, 'ලංකාපුර', 'polonnaruwa'),
(288, 4, 'වැලිකන්ද', 'polonnaruwa'),
(289, 5, 'දිඹුලාගල', 'polonnaruwa'),
(290, 6, 'තමන්කඩුව', 'polonnaruwa'),
(291, 7, 'ඇලහැර', 'polonnaruwa'),
(292, 1, 'කල්පිටිය', 'puttalam'),
(293, 2, 'වනාතවිල්ලුව', 'puttalam'),
(294, 3, 'කරුවලගස්වැව', 'puttalam'),
(295, 4, 'නවගත්තේගම', 'puttalam'),
(296, 5, 'පුත්තලම', 'puttalam'),
(297, 6, 'මුන්දලම', 'puttalam'),
(298, 7, 'මහකුඹුක්කඩවල', 'puttalam'),
(299, 8, 'ආනමඩුව', 'puttalam'),
(300, 9, 'පල්ලම', 'puttalam'),
(301, 10, 'ආරච්චිකට්ටුව', 'puttalam'),
(302, 11, 'හලාවත', 'puttalam'),
(303, 12, 'මාදම්පෙ', 'puttalam'),
(304, 13, 'මහවැව', 'puttalam'),
(305, 14, 'නාත්තන්ඩිය', 'puttalam'),
(306, 15, 'වෙන්නප්පුව', 'puttalam'),
(307, 16, 'දංකොටුව', 'puttalam'),
(308, 1, 'ඇහැලියගොඩ', 'ratnapura'),
(309, 2, 'කුරුවිට', 'ratnapura'),
(310, 3, 'කිරිඇල්ල', 'ratnapura'),
(311, 4, 'රත්නපුර', 'ratnapura'),
(312, 5, 'ඉඹුල්පෙ', 'ratnapura'),
(313, 6, 'බලන්ගොඩ', 'ratnapura'),
(314, 7, 'ඕපනායක', 'ratnapura'),
(315, 8, 'පැල්මඩුල්ල', 'ratnapura'),
(316, 9, 'ඇලපාත', 'ratnapura'),
(317, 10, 'අයගම', 'ratnapura'),
(318, 11, 'කලවාන', 'ratnapura'),
(319, 12, 'නිවිතිගල', 'ratnapura'),
(320, 13, 'කහවත්ත', 'ratnapura'),
(321, 14, 'ගොඩකවෙල', 'ratnapura'),
(322, 15, 'වැලිගෙපොල', 'ratnapura'),
(323, 16, 'ඇඹිලිපිටිය', 'ratnapura'),
(324, 17, 'කොලොන්න', 'ratnapura'),
(325, 18, 'කල්තොට', 'ratnapura'),
(326, 1, 'පදවි ශ්‍රි පුර', 'trincomalee'),
(327, 2, 'කුච්චවේලි', 'trincomalee'),
(328, 3, 'ගෝමරන්කඩවල', 'trincomalee'),
(329, 4, 'මොරවැව', 'trincomalee'),
(330, 5, 'ත්‍රිකුණාමලය නගරය හා කඩවත්', 'trincomalee'),
(331, 6, 'තඔලගමුව', 'trincomalee'),
(332, 7, 'කන්තලේ', 'trincomalee'),
(333, 8, 'කින්නියා', 'trincomalee'),
(334, 9, 'මුත්තූර්', 'trincomalee'),
(335, 10, 'සේරුවිල', 'trincomalee'),
(336, 11, 'වෙරුගල්', 'trincomalee'),
(337, 1, 'වවුනියා උතුර', 'vavuniya'),
(338, 2, 'වවුනියා දකුණ', 'vavuniya'),
(339, 3, 'වවුනියා', 'vavuniya'),
(340, 4, 'වෙන්ගලචෙඩ්ඩිකුලම්', 'vavuniya');

-- --------------------------------------------------------

--
-- Table structure for table `envpermit`
--

CREATE TABLE `envpermit` (
  `id` int(11) NOT NULL,
  `perid` int(11) DEFAULT NULL,
  `ptype` varchar(25) NOT NULL,
  `permitno` varchar(15) NOT NULL,
  `pdate` date NOT NULL,
  `stdate` timestamp NOT NULL DEFAULT current_timestamp() ON UPDATE current_timestamp(),
  `img` varchar(100) NOT NULL,
  `aplicant_id` int(11) NOT NULL,
  `edate` date DEFAULT NULL,
  `district` varchar(50) NOT NULL
) ENGINE=InnoDB DEFAULT CHARSET=utf8mb4;

-- --------------------------------------------------------

--
-- Table structure for table `excavate_permit`
--

CREATE TABLE `excavate_permit` (
  `id` int(11) NOT NULL,
  `perid` int(11) DEFAULT NULL,
  `permittype` varchar(3) NOT NULL,
  `permitno` varchar(20) NOT NULL,
  `maxqty` int(11) DEFAULT NULL,
  `depth` decimal(10,0) NOT NULL,
  `landname` varchar(50) NOT NULL,
  `lotno` int(11) DEFAULT NULL,
  `north` int(11) DEFAULT NULL,
  `east` int(11) DEFAULT NULL,
  `holespertime` varchar(10) NOT NULL,
  `blastperday` varchar(10) NOT NULL,
  `blastperweek` varchar(10) NOT NULL,
  `blastpermonth` varchar(10) NOT NULL,
  `pdate` date NOT NULL,
  `stdate` timestamp NOT NULL DEFAULT current_timestamp() ON UPDATE current_timestamp(),
  `img` varchar(100) NOT NULL,
  `aplicant_id` int(11) NOT NULL,
  `deedno` varchar(10) NOT NULL,
  `lndname` varchar(50) NOT NULL,
  `gsd` varchar(50) CHARACTER SET utf8 COLLATE utf8_bin NOT NULL,
  `edate` date DEFAULT NULL,
  `district` varchar(50) NOT NULL
) ENGINE=InnoDB DEFAULT CHARSET=utf8mb4;

--
-- Dumping data for table `excavate_permit`
--

INSERT INTO `excavate_permit` (`id`, `perid`, `permittype`, `permitno`, `maxqty`, `depth`, `landname`, `lotno`, `north`, `east`, `holespertime`, `blastperday`, `blastperweek`, `blastpermonth`, `pdate`, `stdate`, `img`, `aplicant_id`, `deedno`, `lndname`, `gsd`, `edate`, `district`) VALUES
(43, 92, '‍B', 'IML/C/KU/N/0364', 1000, '2', '', 23, 245184, 152339, '10', '12', '234', '500', '2022-06-08', '2022-06-08 07:08:44', '9MYuOx4d8nDocument 29.pdf', 80, '3131', 'මහවෙල වතකකත', 'මාතලේ', '2022-06-09', 'Matale'),
(44, 93, 'A', 'IML/C/KU/N/0364', 1000, '2', '', 23, 245184, 152339, '10', '12', '234', '500', '2022-06-11', '2022-06-11 17:46:23', 'Ojg6pbVZuD1.jpg', 80, '3131', 'මහවෙල වතකකත', 'මාතලේ', '2022-07-02', 'Matale'),
(45, 94, 'A', 'IML/C/KU/N/0365', 1000, '2', '', 23, 245184, 152339, '10', '12', '234', '500', '2022-06-16', '2022-06-16 16:04:43', 'x4E753FbMkservererror.pdf', 81, '3131', 'මහවෙල වතකකත', 'මාතලේ', '2022-08-27', 'Matale'),
(46, 0, '‍B', 'IML/C/KU/N/0364', 1000, '2', '', 23, 245184, 152339, '10', '12', '234', '500', '2022-06-16', '2022-06-16 16:08:09', 'cnSZj7zWkKpermitlist17062021.pdf', 82, '3131', 'මහවෙල වතකකත', 'මාතලේ', '2022-08-27', 'Matale'),
(47, 96, '‍B', 'IML/C/KU/N/0364', 1000, '2', '', 23, 245184, 152339, '10', '12', '234', '500', '2022-06-19', '2022-06-19 17:28:27', 'nR8NxKohk7id1.pdf', 0, '3131', 'මහවෙල වතකකත', 'මාතලේ', '2022-09-23', 'Matale');

-- --------------------------------------------------------

--
-- Table structure for table `expitem`
--

CREATE TABLE `expitem` (
  `id` int(11) NOT NULL,
  `expname` varchar(50) CHARACTER SET utf8 COLLATE utf8_bin NOT NULL
) ENGINE=InnoDB DEFAULT CHARSET=utf8mb4;

--
-- Dumping data for table `expitem`
--

INSERT INTO `expitem` (`id`, `expname`) VALUES
(1, 'ගල් වෙඩි බෙහෙත් (කිලෝ ග්‍රෑම්)'),
(2, 'සේවා නූල් (මීටර්)'),
(3, 'වෝටර් ජෙල් (කිලෝ ග්‍රෑම්)'),
(4, 'සාමාන්‍ය ඩෙටොනේටර් (අංක)'),
(5, 'ඇමෝනියම් නයිට්‍රේට් (කිලෝ ග්‍රෑම්)'),
(6, 'විදුලි ඩෙටොනේටර් (අංක)');

-- --------------------------------------------------------

--
-- Table structure for table `explosive`
--

CREATE TABLE `explosive` (
  `expid` int(11) NOT NULL,
  `perid` int(11) DEFAULT NULL,
  `expname` varchar(50) CHARACTER SET utf8 COLLATE utf8_bin NOT NULL,
  `reqty` decimal(11,0) DEFAULT NULL,
  `authqty` decimal(11,0) DEFAULT NULL,
  `ga_authqty` int(11) NOT NULL,
  `udate` timestamp NOT NULL DEFAULT current_timestamp() ON UPDATE current_timestamp(),
  `aplicant_id` int(11) NOT NULL,
  `district` varchar(50) NOT NULL
) ENGINE=InnoDB DEFAULT CHARSET=utf8mb4;

--
-- Dumping data for table `explosive`
--

INSERT INTO `explosive` (`expid`, `perid`, `expname`, `reqty`, `authqty`, `ga_authqty`, `udate`, `aplicant_id`, `district`) VALUES
(433, 92, 'ගල් වෙඩි බෙහෙත් (කිලෝ ග්‍රෑම්)', '0', '0', 0, '2022-06-08 07:16:32', 80, 'Matale'),
(434, 92, 'සේවා නූල් (මීටර්)', '1000', '400', 400, '2022-06-08 07:57:00', 80, 'Matale'),
(435, 92, 'වෝටර් ජෙල් (කිලෝ ග්‍රෑම්)', '60', '20', 20, '2022-06-08 07:57:00', 80, 'Matale'),
(436, 92, 'සාමාන්‍ය ඩෙටොනේටර් (අංක)', '200', '200', 200, '2022-06-08 07:57:00', 80, 'Matale'),
(437, 92, 'ඇමෝනියම් නයිට්‍රේට් (කිලෝ ග්‍රෑම්)', '500', '100', 100, '2022-06-08 07:57:00', 80, 'Matale'),
(438, 92, 'විදුලි ඩෙටොනේටර් (අංක)', '0', '0', 0, '2022-06-08 07:16:32', 80, 'Matale'),
(439, 93, 'ගල් වෙඩි බෙහෙත් (කිලෝ ග්‍රෑම්)', '150', '600', 600, '2022-06-14 17:22:23', 80, 'Matale'),
(440, 93, 'සේවා නූල් (මීටර්)', '0', '0', 0, '2022-06-14 08:28:26', 80, 'Matale'),
(441, 93, 'වෝටර් ජෙල් (කිලෝ ග්‍රෑම්)', '1000', '6000', 6000, '2022-06-14 17:22:23', 80, 'Matale'),
(442, 93, 'සාමාන්‍ය ඩෙටොනේටර් (අංක)', '0', '0', 0, '2022-06-14 08:28:26', 80, 'Matale'),
(443, 93, 'ඇමෝනියම් නයිට්‍රේට් (කිලෝ ග්‍රෑම්)', '150', '600', 600, '2022-06-14 17:22:23', 80, 'Matale'),
(444, 93, 'විදුලි ඩෙටොනේටර් (අංක)', '150', '600', 600, '2022-06-14 17:22:23', 80, 'Matale'),
(445, 94, 'ගල් වෙඩි බෙහෙත් (කිලෝ ග්‍රෑම්)', '0', NULL, 0, '2022-06-16 16:02:04', 81, 'Matale'),
(446, 94, 'සේවා නූල් (මීටර්)', '0', NULL, 0, '2022-06-16 16:02:04', 81, 'Matale'),
(447, 94, 'වෝටර් ජෙල් (කිලෝ ග්‍රෑම්)', '0', NULL, 0, '2022-06-16 16:02:04', 81, 'Matale'),
(448, 94, 'සාමාන්‍ය ඩෙටොනේටර් (අංක)', '0', NULL, 0, '2022-06-16 16:02:04', 81, 'Matale'),
(449, 94, 'ඇමෝනියම් නයිට්‍රේට් (කිලෝ ග්‍රෑම්)', '0', NULL, 0, '2022-06-16 16:02:04', 81, 'Matale'),
(450, 94, 'විදුලි ඩෙටොනේටර් (අංක)', '0', NULL, 0, '2022-06-16 16:02:04', 81, 'Matale'),
(451, 95, 'ගල් වෙඩි බෙහෙත් (කිලෝ ග්‍රෑම්)', '0', NULL, 0, '2022-06-16 16:06:54', 82, 'Matale'),
(452, 95, 'සේවා නූල් (මීටර්)', '0', NULL, 0, '2022-06-16 16:06:54', 82, 'Matale'),
(453, 95, 'වෝටර් ජෙල් (කිලෝ ග්‍රෑම්)', '0', NULL, 0, '2022-06-16 16:06:54', 82, 'Matale'),
(454, 95, 'සාමාන්‍ය ඩෙටොනේටර් (අංක)', '0', NULL, 0, '2022-06-16 16:06:54', 82, 'Matale'),
(455, 95, 'ඇමෝනියම් නයිට්‍රේට් (කිලෝ ග්‍රෑම්)', '0', NULL, 0, '2022-06-16 16:06:54', 82, 'Matale'),
(456, 95, 'විදුලි ඩෙටොනේටර් (අංක)', '0', NULL, 0, '2022-06-16 16:06:54', 82, 'Matale'),
(457, 96, 'ගල් වෙඩි බෙහෙත් (කිලෝ ග්‍රෑම්)', '0', NULL, 0, '2022-06-19 17:21:31', 83, 'Matale'),
(458, 96, 'සේවා නූල් (මීටර්)', '0', NULL, 0, '2022-06-19 17:21:31', 83, 'Matale'),
(459, 96, 'වෝටර් ජෙල් (කිලෝ ග්‍රෑම්)', '0', NULL, 0, '2022-06-19 17:21:31', 83, 'Matale'),
(460, 96, 'සාමාන්‍ය ඩෙටොනේටර් (අංක)', '0', NULL, 0, '2022-06-19 17:21:31', 83, 'Matale'),
(461, 96, 'ඇමෝනියම් නයිට්‍රේට් (කිලෝ ග්‍රෑම්)', '0', NULL, 0, '2022-06-19 17:21:31', 83, 'Matale'),
(462, 96, 'විදුලි ඩෙටොනේටර් (අංක)', '0', NULL, 0, '2022-06-19 17:21:31', 83, 'Matale');

-- --------------------------------------------------------

--
-- Table structure for table `galle`
--

CREATE TABLE `galle` (
  `gncode` varchar(10) NOT NULL,
  `gnname` varchar(27) DEFAULT NULL,
  `divsec` int(2) DEFAULT NULL
) ENGINE=InnoDB DEFAULT CHARSET=utf8;

--
-- Dumping data for table `galle`
--

INSERT INTO `galle` (`gncode`, `gnname`, `divsec`) VALUES
('3-1-03-005', 'පහුරුමුල්ල', 1),
('3-1-03-010', 'සිංහරූපගම', 1),
('3-1-03-015', 'යාත්‍රාමුල්ල', 1),
('3-1-03-020', 'කෝම්මල', 1),
('3-1-03-025', 'බෝධිමළුව', 1),
('3-1-03-030', 'දෝපේ', 1),
('3-1-03-035', 'අංගාගොඩ', 1),
('3-1-03-040', 'වරාහේන', 1),
('3-1-03-045', 'කහගල්ල', 1),
('3-1-03-050', 'හුංගන්තොට වඩුමුල්ල', 1),
('3-1-03-055', 'දෙද්දුව', 1),
('3-1-03-060', 'අතුරුවැල්ල', 1),
('3-1-03-065', 'ගල්බඩ', 1),
('3-1-03-070', 'ගලගම', 1),
('3-1-03-075', 'මුල්ලේගොඩ', 1),
('3-1-03-080', 'සුරියගම', 1),
('3-1-03-085', 'හබුරුගල', 1),
('3-1-03-090', 'තුන්දූව බටහිර', 1),
('3-1-03-095', 'තුන්දුව නැගෙනහිර', 1),
('3-1-03-100', 'තොටකනත්ත', 1),
('3-1-03-105', 'ඇලකාක', 1),
('3-1-03-110', 'ඇතුන්ගාගොඩ', 1),
('3-1-03-115', 'ගෝනගලපුර', 1),
('3-1-03-120', 'ඔලගන්දුව', 1),
('3-1-03-125', 'යාලේගම', 1),
('3-1-03-130', 'කයිකාවල', 1),
('3-1-03-135', 'හබක්කල', 1),
('3-1-03-140', 'ඇටවලවත්ත බටහිර', 1),
('3-1-03-145', 'ඇටවලවත්ත නැගෙනහිර', 1),
('3-1-03-150', 'දොඹගහවත්ත', 1),
('3-1-03-155', 'අකාඩේගොඩ', 1),
('3-1-03-160', 'කහවේ ගම්මැද්ද', 1),
('3-1-03-165', 'වරකමුල්ල', 1),
('3-1-03-170', 'කන්දේමුල්ල', 1),
('3-1-03-175', 'ගල්තුඩුව', 1),
('3-1-03-180', 'කොළණිය', 1),
('3-1-03-185', 'මිරිස්වත්ත', 1),
('3-1-03-190', 'වියන්දූව', 1),
('3-1-03-195', 'මහගොඩ', 1),
('3-1-03-200', 'පිලේකුඹුර', 1),
('3-1-03-205', 'මහවිල බටහිර', 1),
('3-1-03-210', 'මහවිල නැගෙනහිර', 1),
('3-1-03-215', 'මොරගොඩ', 1),
('3-1-03-220', 'රන්තොටුවිල', 1),
('3-1-03-225', 'මාලවල', 1),
('3-1-03-230', 'ඉහල මාලවල', 1),
('3-1-03-235', 'කොටුව බැන්ද හේන', 1),
('3-1-03-240', 'කුඩා ඌරගහ', 1),
('3-1-03-245', 'මහ ඌරගහ', 1),
('3-1-03-250', 'දෙල්කබලගොඩ', 1),
('3-1-03-255', 'හිපන්වත්ත', 1),
('3-1-06-005', 'දුවේමෝදර', 2),
('3-1-06-010', 'නානතොට පළාත', 2),
('3-1-06-015', 'පැලෑගස්පළාත', 2),
('3-1-06-020', 'වතුරවෙල', 2),
('3-1-06-025', 'බොරළුකැටිය', 2),
('3-1-06-030', 'පතිරාජ ‍පෙදෙස', 2),
('3-1-06-035', 'පොල් අතු පළාත', 2),
('3-1-06-040', 'කටුවිල', 2),
('3-1-06-045', 'මහපිටිය', 2),
('3-1-06-050', 'නාපේ', 2),
('3-1-06-055', 'කුඩාගොඩගම', 2),
('3-1-06-060', 'හෑගල්ල - පියගම', 2),
('3-1-06-065', 'ගොඩපිටිය', 2),
('3-1-06-070', 'කොස්ගොඩ', 2),
('3-1-06-075', 'අහුන්ගල්ල', 2),
('3-1-06-085', 'බෝගහපිටිය', 2),
('3-1-06-090', 'ගල්වෙහෙර', 2),
('3-1-06-095', 'පතිරාජගම', 2),
('3-1-06-100', 'මාදූව', 2),
('3-1-06-105', 'කදිරගොන්න', 2),
('3-1-06-110', 'මාකුඹුර', 2),
('3-1-06-115', 'වතුරේගම', 2),
('3-1-06-120', 'වැල්ලබඩ', 2),
('3-1-06-125', 'පාතේගම්ගොඩ', 2),
('3-1-06-130', 'වැලිවතුගොඩ', 2),
('3-1-06-135', 'බ්‍රාහ්මණවත්ත උතුර', 2),
('3-1-06-140', 'බ්‍රාහ්මණවත්ත දකුණ', 2),
('3-1-06-145', 'ගල්මන්ගොඩ', 2),
('3-1-06-150', 'වඳදූව', 2),
('3-1-06-155', 'හීනටිය උතුර', 2),
('3-1-06-160', 'මහලදූව', 2),
('3-1-06-165', 'සීනිගොඩ', 2),
('3-1-06-170', 'හීනටිය දකුණ', 2),
('3-1-06-175', 'මහකරාව', 2),
('3-1-06-180', 'ඇලතොට', 2),
('3-1-06-185', 'බළපිටිය', 2),
('3-1-06-190', 'බේරතුඩුව', 2),
('3-1-06-195', 'ආඳාදොල', 2),
('3-1-06-200', 'පැටිවත්ත', 2),
('3-1-06-205', 'වතුගෙදර', 2),
('3-1-06-210', 'පරගහතොට', 2),
('3-1-06-215', 'වතුගෙදර දකුණ', 2),
('3-1-06-220', 'කුරුඳුවත්ත', 2),
('3-1-06-225', 'වලගෙදර', 2),
('3-1-06-230', 'රන්දොඹේ උතුර', 2),
('3-1-06-235', 'වඩුමුල්ල', 2),
('3-1-06-240', 'විහාරගොඩ', 2),
('3-1-06-245', 'කන්දෙගොඩ', 2),
('3-1-06-250', 'බෝගහවත්ත', 2),
('3-1-06-255', 'රන්දොඹේ දකුණ', 2),
('3-1-06-260', 'මිද්දරමුල්ල', 2),
('3-1-06-265', 'වැලිතර', 2),
('3-1-09-005', 'වල්ඉගුරුකැටිය', 3),
('3-1-09-010', 'ඌරගස්මංහන්දිය උතුර', 3),
('3-1-09-015', 'ගල්පොත්තාවෙල', 3),
('3-1-09-020', 'මිගස්පිටිය', 3),
('3-1-09-025', 'මැන්ඩෝරාවල', 3),
('3-1-09-030', 'ඌරගස්මංහන්දිය දකුණ', 3),
('3-1-09-035', 'යටගල', 3),
('3-1-09-040', 'ඌරගස්මංහන්දිය නැගෙනහිර', 3),
('3-1-09-045', 'මාබිංගොඩ', 3),
('3-1-09-050', 'හිපන්කන්ද', 3),
('3-1-09-055', 'සිරිපුර', 3),
('3-1-09-060', 'බෙලිගස්වේල්ල', 3),
('3-1-09-065', 'හල්ගහවේල්ල', 3),
('3-1-09-070', 'ලේනගල්පලාත', 3),
('3-1-09-075', 'මාගල උතුර', 3),
('3-1-09-080', 'කළුවලගොඩ', 3),
('3-1-09-085', 'දියපිටගල්ලන', 3),
('3-1-09-090', 'අගුළුගල්ල', 3),
('3-1-09-095', 'මාගල දකුණ', 3),
('3-1-09-100', 'පෙහෙඹියකන්ද', 3),
('3-1-09-105', 'උණගස්වෙල', 3),
('3-1-09-110', 'මඩකුඹුර', 3),
('3-1-09-115', 'තල්ගහවත්ත', 3),
('3-1-09-120', 'මණ්ඩකන්ද', 3),
('3-1-09-125', 'අඟනකැටිය', 3),
('3-1-09-130', 'බොරකන්ද', 3),
('3-1-09-135', 'මහඒදණ්ඩ', 3),
('3-1-09-140', 'කරන්දෙණිය උතුර', 3),
('3-1-09-145', 'රන්දෙණිගම', 3),
('3-1-09-150', 'මහගොඩ', 3),
('3-1-09-155', 'කරන්දෙණිය දකුණ', 3),
('3-1-09-160', 'දංගහවිල', 3),
('3-1-09-165', 'එගොඩවෙල', 3),
('3-1-09-170', 'දිවියගහවෙල', 3),
('3-1-09-175', 'කිරිනුගේ', 3),
('3-1-09-180', 'කිරිපේද්ද', 3),
('3-1-09-185', 'ගලගොඩ අත්ත', 3),
('3-1-09-190', 'ඉහළ කිරිපේද්ද', 3),
('3-1-09-195', 'කුරුදුගහ හැතැක්ම', 3),
('3-1-09-200', 'ජයබිම', 3),
('3-1-12-005', 'අවිත්තාව', 4),
('3-1-12-010', 'පහළ ඕමත්ත', 4),
('3-1-12-015', 'ඕමත්ත', 4),
('3-1-12-020', 'මැටිවිලිය', 4),
('3-1-12-025', 'හිඹුටුගොඩ', 4),
('3-1-12-030', 'ඉඳිපලේගොඩ', 4),
('3-1-12-035', 'දික්හේන', 4),
('3-1-12-040', 'දෙල්පෝන', 4),
('3-1-12-045', 'ඉහළ ඕමත්ත', 4),
('3-1-12-050', 'දිගල නාගහතැන්න', 4),
('3-1-12-055', 'ඕපාත', 4),
('3-1-12-060', 'ගොළුවාමුල්ල උතුර', 4),
('3-1-12-065', 'ගොළුවාමුල්ල බටහිර', 4),
('3-1-12-070', 'ගොළුවාමුල්ල', 4),
('3-1-12-075', 'අටකොහොට', 4),
('3-1-12-080', 'ඇල්පිටිය උතුර', 4),
('3-1-12-085', 'ඇල්පිටිය නැගෙනහිර', 4),
('3-1-12-090', 'පූජගල්ලෙන', 4),
('3-1-12-095', 'කැටන්දොල උඩෝවිට', 4),
('3-1-12-100', 'සිත්තරගොඩ', 4),
('3-1-12-105', 'අමුගොඩ', 4),
('3-1-12-110', 'කැල්ලපත', 4),
('3-1-12-115', 'තලගස්පෙ', 4),
('3-1-12-120', 'තලගස්පෙ බටහිර', 4),
('3-1-12-125', 'වල්ලඹගල උතුර', 4),
('3-1-12-130', 'ඇල්පිටිය දකුණ', 4),
('3-1-12-135', 'ඇල්පිටිය මධ්‍යම', 4),
('3-1-12-140', 'නවදගල', 4),
('3-1-12-145', 'බටුවන්හේන', 4),
('3-1-12-150', 'ඉගල', 4),
('3-1-12-155', 'ඉගල නැගෙනහිර', 4),
('3-1-12-160', 'පැලැන්දගොඩ', 4),
('3-1-12-165', 'වල්ලඹගල', 4),
('3-1-12-170', 'අම්බන', 4),
('3-1-12-175', 'අම්බන උතුර', 4),
('3-1-12-180', 'පිටුවල දකුණ', 4),
('3-1-12-185', 'පිටුවල උතුර', 4),
('3-1-12-190', 'කුඩාගල කදිරන්දොල', 4),
('3-1-12-195', 'ඉගල තලාව නැගෙනහිර', 4),
('3-1-12-200', 'ඉගල තලාව', 4),
('3-1-12-205', 'ඇල්ල', 4),
('3-1-12-210', 'ඇල්ල තණබද්දෙගම', 4),
('3-1-12-215', 'මහවෙල අභයපුර', 4),
('3-1-12-220', 'පිටුවල බටහිර', 4),
('3-1-12-225', 'ඒරමුල්ල', 4),
('3-1-12-230', 'පිනිකහන', 4),
('3-1-12-235', 'කහදුව', 4),
('3-1-12-240', 'තිබ්බොටුවාව', 4),
('3-1-12-245', 'වතුරවිල', 4),
('3-1-12-250', 'රෑකඩහේන', 4),
('3-1-12-255', 'කහදූව දකුණ', 4),
('3-1-15-005', 'උතුරු පිටිගල', 5),
('3-1-15-010', 'උහන්ඕවිට', 5),
('3-1-15-015', 'හත්තක', 5),
('3-1-15-020', 'කළුආරච්චිගොඩ', 5),
('3-1-15-025', 'පිටිගල', 5),
('3-1-15-030', 'කරව්ව', 5),
('3-1-15-035', 'බොරළුවාහේන', 5),
('3-1-15-040', 'බංගමුකන්ද', 5),
('3-1-15-045', 'ගොඩාමුණ උතුර', 5),
('3-1-15-050', 'මාර්තුපිටිය', 5),
('3-1-15-055', 'ගොඩාමුණ දකුණ', 5),
('3-1-15-060', 'ලියනගම කන්ද', 5),
('3-1-15-065', 'උස්බිම් ජනපදය', 5),
('3-1-15-070', 'බඹරවාන', 5),
('3-1-15-075', 'මත්තක', 5),
('3-1-15-080', 'වැයිහේන', 5),
('3-1-15-085', 'අමරගම', 5),
('3-1-15-090', 'නාරංඕවිට', 5),
('3-1-15-095', 'පොරවගම', 5),
('3-1-15-100', 'කිඹුලාවල', 5),
('3-1-15-105', 'පෝද්දිවල බටහිර', 5),
('3-1-15-110', 'පෝද්දිවල නැගෙනහිර', 5),
('3-1-15-115', 'මාරග්ගොඩ', 5),
('3-1-15-120', 'දූවේගොඩ', 5),
('3-1-15-125', 'පොරවගම දකුණ', 5),
('3-1-15-130', 'වත්තහේන', 5),
('3-1-15-135', 'මානම්පිට', 5),
('3-1-15-140', 'නියාගම', 5),
('3-1-15-145', 'නියාගම බටහිර', 5),
('3-1-15-150', 'පොල්පැළකැටිය', 5),
('3-1-15-155', 'හොරන්ගල්ල බටහිර', 5),
('3-1-15-160', 'හොරන්ගල්ල තලාව', 5),
('3-1-15-165', 'හොරන්ගල්ල අකුලවිල', 5),
('3-1-15-170', 'නියාගම දකුණ', 5),
('3-1-18-005', 'ඇල ඉහළ', 6),
('3-1-18-010', 'ඇල ඉහළ උතුර', 6),
('3-1-18-015', 'කුඹුරේගොඩ', 6),
('3-1-18-020', 'හබරකඩ නැගෙනහිර', 6),
('3-1-18-025', 'හබරකඩ බටහිර', 6),
('3-1-18-030', 'කුඩුගල්පොල', 6),
('3-1-18-035', 'බටහේන', 6),
('3-1-18-040', 'තවලම උතුර', 6),
('3-1-18-045', 'තවලම මූකලාන', 6),
('3-1-18-050', 'තවලම දකුණ', 6),
('3-1-18-055', 'හිනිදුම උතුර', 6),
('3-1-18-060', 'හිනිදුම බටහිර', 6),
('3-1-18-065', 'හිනිදුම දකුණ', 6),
('3-1-18-070', 'මල්ගල්ල', 6),
('3-1-18-075', 'හල්විටිගල ජනපදය පියවර 1', 6),
('3-1-18-080', 'හල්විටිගල ජනපදය 11 පියවර', 6),
('3-1-18-085', 'දාම්මල ජනපදය', 6),
('3-1-18-090', 'තලංගල්ල නැගෙනහිර', 6),
('3-1-18-095', 'තලංගල්ල බටහිර', 6),
('3-1-18-100', 'මල්හතාව', 6),
('3-1-18-105', 'පනංගල බටහිර', 6),
('3-1-18-110', 'පනංගල උතුර', 6),
('3-1-18-115', 'පනංගල නැගෙනහිර', 6),
('3-1-18-120', 'තලංගල්ල', 6),
('3-1-18-125', 'දාම්මල', 6),
('3-1-18-130', 'ඕපාත උතුර', 6),
('3-1-18-135', 'ඕපාත බටහිර', 6),
('3-1-18-140', 'කෝරළේගම', 6),
('3-1-18-145', 'එප්පල', 6),
('3-1-18-150', 'ගල්ලන්දල', 6),
('3-1-18-155', 'ඕපාත දකුණ', 6),
('3-1-18-160', 'ඕපාත නැගෙනහිර', 6),
('3-1-18-165', 'වීරපාන උතුර', 6),
('3-1-18-170', 'වීරපන බටහිර', 6),
('3-1-18-175', 'වීරපාන දකුණ', 6),
('3-1-18-180', 'වීරපාන නැගෙනහිර', 6),
('3-1-21-005', 'දනවල', 7),
('3-1-21-010', 'මාවිට බටහිර', 7),
('3-1-21-015', 'බටුවංගල බටහිර', 7),
('3-1-21-020', 'කොස්මුල්ල', 7),
('3-1-21-025', 'තඹලගම', 7),
('3-1-21-030', 'ඇහැලපිටිය', 7),
('3-1-21-035', 'බටුවංගල', 7),
('3-1-21-040', 'මාවිට නැගෙනහිර', 7),
('3-1-21-045', 'කොස්වත්ත', 7),
('3-1-21-050', 'ඇඹලෙගෙදර උතුර', 7),
('3-1-21-055', 'ඇඹලෙගෙදර දකුණ', 7),
('3-1-21-060', 'මාවනාන', 7),
('3-1-21-065', 'නෙළුව', 7),
('3-1-21-070', 'පහල මද්දෙගම', 7),
('3-1-21-075', 'මද්දෙගම නැගෙනහිර', 7),
('3-1-21-080', 'හප්පිටිය', 7),
('3-1-21-085', 'මාදුගැට', 7),
('3-1-21-090', 'වාරුකන්දෙනිය', 7),
('3-1-21-095', 'ලංකාගම', 7),
('3-1-21-100', 'දෙල්ලව', 7),
('3-1-21-105', 'මියනවතුර', 7),
('3-1-21-110', 'පන්නිමුල්ල', 7),
('3-1-21-115', 'ඉහල මද්දෙගම', 7),
('3-1-21-120', 'මැදගම', 7),
('3-1-21-125', 'පහල ගිගුම්මඩුව', 7),
('3-1-21-130', 'ඉහල ගිගුම්මඩුව', 7),
('3-1-21-135', 'ලේල්වල', 7),
('3-1-21-140', 'ඉහළ ලේල්වල', 7),
('3-1-21-145', 'පනාගොඩ', 7),
('3-1-21-150', 'දේවාලේගම බටහිර', 7),
('3-1-21-155', 'දේවාලේගම නැගෙනහිර', 7),
('3-1-21-160', 'මිල්ලව බටහිර', 7),
('3-1-21-165', 'ඉහල මිල්ලව', 7),
('3-1-21-170', 'පහල මිල්ලව', 7),
('3-1-24-005', 'තල්ගස්වල', 8),
('3-1-24-010', 'මාරකන්ද', 8),
('3-1-24-015', 'මලාමුර', 8),
('3-1-24-020', 'අලුත් තානායම්ගොඩ පහල බටහිර', 8),
('3-1-24-025', 'මාපලගම', 8),
('3-1-24-030', 'අලුත් තානායම්ගොඩ පහල', 8),
('3-1-24-035', 'අලුත් තානායම්ගොඩ ඉහල (දකුණ)', 8),
('3-1-24-040', 'අලුත් තානායම්ගොඩ ඉහල', 8),
('3-1-24-045', 'කැටගොඩ දකුණ', 8),
('3-1-24-050', 'කැටගොඩ උතුර', 8),
('3-1-24-055', 'පරණ තානායම්ගොඩ', 8),
('3-1-24-060', 'පරණ තානායම්ගොඩ මධ්‍යම', 8),
('3-1-24-065', 'පරණ තානායම්ගොඩ පහල', 8),
('3-1-24-070', 'ගෝනලගොඩ නැගෙනහිර', 8),
('3-1-24-075', 'ගෝනලගොඩ', 8),
('3-1-24-080', 'ගම්මැද්දේගොඩ', 8),
('3-1-24-085', 'ගම්මැද්දේගොඩ දකුණ', 8),
('3-1-24-090', 'නාගොඩ ඉහල', 8),
('3-1-24-095', 'නාගොඩ', 8),
('3-1-24-100', 'කුරුපනාව', 8),
('3-1-24-105', 'ගෝණදෙනිය', 8),
('3-1-24-110', 'උක්ඕවිට උතුර', 8),
('3-1-24-115', 'උඩුගම බටහිර', 8),
('3-1-24-120', 'උඩුගම උතුර', 8),
('3-1-24-125', 'හෝමදොල', 8),
('3-1-24-130', 'උඩුගම නැගෙනහිර', 8),
('3-1-24-135', 'උඩුගම', 8),
('3-1-24-140', 'උක්ඕවිට', 8),
('3-1-24-145', 'ගෝණදෙනිය දකුණ', 8),
('3-1-24-150', 'උඩලමත්ත නැගෙනහිර', 8),
('3-1-24-155', 'උඩලමත්ත උතුර', 8),
('3-1-24-160', 'කැප්පිටියාගොඩ', 8),
('3-1-24-165', 'උඩවැලිවිටිය', 8),
('3-1-24-170', 'උඩවැලිවිටිතලාව නැගෙනහිර', 8),
('3-1-24-175', 'උඩවැලිවිටිය තලාව', 8),
('3-1-24-180', 'උඩවැලිවිටිය බටහිර', 8),
('3-1-24-185', 'කැප්පිටියාගොඩ උතුර', 8),
('3-1-24-190', 'බුදපනාගම', 8),
('3-1-24-195', 'උනන්විටිය', 8),
('3-1-24-200', 'උනන්විටිය නැගෙනහිර', 8),
('3-1-24-205', 'ඌරල උතුර', 8),
('3-1-24-210', 'ඌරල පහල', 8),
('3-1-24-215', 'යටලමත්ත', 8),
('3-1-24-220', 'යටලමත්ත නැගෙනහිර', 8),
('3-1-24-225', 'උඩලමත්ත දකුණ', 8),
('3-1-24-230', 'උඩුගම දකුණ', 8),
('3-1-24-235', 'උඩුගම මධ්‍යම', 8),
('3-1-24-240', 'අළුත්වත්ත', 8),
('3-1-24-245', 'හගරන්වල', 8),
('3-1-24-250', 'යටලමත්ත බටහිර', 8),
('3-1-24-255', 'ඌරල මධ්‍යම', 8),
('3-1-24-260', 'ඌරල දකුණ', 8),
('3-1-24-265', 'ඌරල නැගෙනහිර', 8),
('3-1-27-005', 'වවුලගල', 9),
('3-1-27-010', 'හල්පතොට මධ්‍යම', 9),
('3-1-27-015', 'හල්පතොට', 9),
('3-1-27-020', 'බද්දේගම නගරය', 9),
('3-1-27-025', 'බද්දේගම උතුර', 9),
('3-1-27-030', 'නයා පාමුල', 9),
('3-1-27-035', 'කොටගොඩ', 9),
('3-1-27-040', 'හැම්මෑලිය', 9),
('3-1-27-045', 'ඇල්ලකන්ද වතුරාව', 9),
('3-1-27-050', 'බද්දේගම නැගෙනහිර', 9),
('3-1-27-055', 'යහලදූව', 9),
('3-1-27-060', 'බද්දේගම දකුණ', 9),
('3-1-27-065', 'ගොතටුව', 9),
('3-1-27-070', 'මාජුවාන', 9),
('3-1-27-075', 'වේවැල්දෙනිය', 9),
('3-1-27-080', 'කෙරදේවල', 9),
('3-1-27-085', 'මඩොල්දුව', 9),
('3-1-27-090', 'බටකැටිය', 9),
('3-1-27-095', 'ගනේගම උතුර', 9),
('3-1-27-100', 'සන්දරවල', 9),
('3-1-27-105', 'බොරලුකඩ', 9),
('3-1-27-110', 'මහහේන්ගොඩ', 9),
('3-1-27-120', 'මහලපිටිය', 9),
('3-1-27-135', 'තිලක උදාගම', 9),
('3-1-27-140', 'පිලගොඩ', 9),
('3-1-27-145', 'ගනේගම නැගනහිර', 9),
('3-1-27-150', 'ගනේගම දකුණ', 9),
('3-1-27-155', 'ගනේගම බටහිර', 9),
('3-1-27-160', 'ලේල්කඩ', 9),
('3-1-27-165', 'ගිණිමැල්ලගහ බටහිර', 9),
('3-1-27-170', 'ගිණිමැල්ලගහ නැගෙනහිර', 9),
('3-1-27-175', 'දොඩන්ගොඩ', 9),
('3-1-27-180', 'තෙලිකඩ', 9),
('3-1-27-185', 'වල්පිට උතුර', 9),
('3-1-27-190', 'කීඹී ඇළ', 9),
('3-1-27-195', 'කොහොඹනාදෙනිය', 9),
('3-1-27-200', 'කාසිදෙනිය', 9),
('3-1-27-245', 'පහල කීඹිය', 9),
('3-1-27-250', 'වරකපිටිකන්ද', 9),
('3-1-27-255', 'අඳුරත්විල', 9),
('3-1-27-260', 'වල්පිට දකුණ', 9),
('3-1-27-265', 'බලගොඩ', 9),
('3-1-27-270', 'ගිණිමැල්ලගහ දකුණ', 9),
('3-1-27-275', 'පිටුවල්ගොඩ', 9),
('3-1-27-280', 'තෙලිකඩ නගරේ', 9),
('3-1-27-285', 'හොරගම්පිට මධ්‍යම', 9),
('3-1-27-290', 'ගෝනපුර', 9),
('3-1-27-295', 'හොරගම්පිට', 9),
('3-1-30-005', 'ඇත්කඳුර', 10),
('3-1-30-010', 'පරණ ජනපදය', 10),
('3-1-30-015', 'තණබද්දේගම', 10),
('3-1-30-020', 'මද්දේවිල', 10),
('3-1-30-025', 'මිරිස්වත්ත', 10),
('3-1-30-030', 'නාඹරඅත්ත', 10),
('3-1-30-035', 'දිවිතුර නැගෙනහිර', 10),
('3-1-30-040', 'පොල්ගහවිල', 10),
('3-1-30-045', 'දිවිතුර', 10),
('3-1-30-050', 'අම්පේගම', 10),
('3-1-30-055', 'හාමිංගල', 10),
('3-1-30-060', 'නුගේතොට', 10),
('3-1-30-065', 'අගලිය', 10),
('3-1-30-070', 'දිවිතුර දකුණ', 10),
('3-1-30-075', 'ගලහේන්කන්ද', 10),
('3-1-30-080', 'කුට්ටියවත්ත', 10),
('3-1-30-085', 'පාතවැලිවිටිය උතුර', 10),
('3-1-30-090', 'වාඩුවැලිවිටිය උතුර', 10),
('3-1-30-095', 'පාතවැලිවිටිය', 10),
('3-1-30-100', 'වාඩුවැලිවිටිය', 10),
('3-1-33-005', 'හෙප්පුමුල්ල', 11),
('3-1-33-010', 'පටබැදිමුල්ල', 11),
('3-1-33-015', 'කරිත්තකන්ද', 11),
('3-1-33-020', 'කළුවඩුමුල්ල', 11),
('3-1-33-025', 'ඕකන්ද', 11),
('3-1-33-030', 'කෙරමිණිය', 11),
('3-1-33-035', 'පොල්වත්ත', 11),
('3-1-33-040', 'තල්ගස්ගොඩ', 11),
('3-1-33-045', 'තිලකපුර', 11),
('3-1-33-050', 'තනිපොල්ගහලඟ', 11),
('3-1-33-055', 'බටපොල මධ්‍යම', 11),
('3-1-33-060', 'කොන්ඩගල', 11),
('3-1-33-065', 'බටපොල උතුර', 11),
('3-1-33-070', 'කොබෙයිතුඩුව', 11),
('3-1-33-075', 'ගොඩහේන', 11),
('3-1-33-080', 'පෝරඹ', 11),
('3-1-33-085', 'විලේගොඩ', 11),
('3-1-33-090', 'පනියන්දූව', 11),
('3-1-33-095', 'හිරේවත්ත', 11),
('3-1-33-100', 'මහ අම්බලන්ගොඩ', 11),
('3-1-33-105', 'බටදුව', 11),
('3-1-33-110', 'බටපොල බටහිර', 11),
('3-1-33-115', 'බටපොල දකුණ', 11),
('3-1-33-120', 'දොරල', 11),
('3-1-33-125', 'බටපොල නැගෙනහිර', 11),
('3-1-33-130', 'පොල්හුන්නාව', 11),
('3-1-33-135', 'නවගම', 11),
('3-1-33-140', 'නින්දාන', 11),
('3-1-33-145', 'ලෙව්දුව', 11),
('3-1-33-150', 'උඩකැරෑව', 11),
('3-1-33-155', 'දොමන්විල', 11),
('3-1-33-160', 'දිද්දැලිය', 11),
('3-1-33-165', 'එරණවිල', 11),
('3-1-33-170', 'මීටියාගොඩ', 11),
('3-1-33-175', 'මැටිවල', 11),
('3-1-33-180', 'වලකඩ', 11),
('3-1-36-195', 'වැල්ලවත්ත', 12),
('3-1-36-200', 'හික්කඩුව නාගරිකය', 12),
('3-1-36-205', 'වවුලගොඩ බටහිර', 12),
('3-1-36-210', 'වවුලගොඩ නැගෙනහිර', 12),
('3-1-36-215', 'හික්කඩුව බටහිර', 12),
('3-1-36-220', 'නාකන්ද', 12),
('3-1-36-225', 'හික්කඩුව මධ්‍යම', 12),
('3-1-36-230', 'නළාගස්දෙනිය', 12),
('3-1-36-235', 'මිල්ලගොඩ', 12),
('3-1-36-240', 'පන්නම්ගොඩ', 12),
('3-1-36-245', 'වෑවල', 12),
('3-1-36-250', 'නාරිගම වැල්ලබඩ', 12),
('3-1-36-255', 'නාරිගම', 12),
('3-1-36-260', 'කුඩා වෑවල', 12),
('3-1-36-265', 'දෙල්ගහදුව', 12),
('3-1-36-270', 'කටුකොලිහ', 12),
('3-1-36-275', 'තිරානාගම', 12),
('3-1-36-280', 'වැල්ලබඩ තිරනාගම', 12),
('3-1-36-285', 'පටුවත', 12),
('3-1-36-290', 'ගම්මඩුවත්ත', 12),
('3-1-36-295', 'හෙන්නතොට', 12),
('3-1-36-300', 'පිංකන්ද', 12),
('3-1-36-305', 'හදඋඩුමුල්ල', 12),
('3-1-36-340', 'දොඩන්දුගොඩ', 12),
('3-1-36-345', 'මෝදර පටුවත', 12),
('3-1-36-350', 'දොඩන්දුව', 12),
('3-1-36-355', 'උඩුහල්පිටිය', 12),
('3-1-39-005', 'උක්වත්ත නැගෙනහිර', 13),
('3-1-39-010', 'උක්වත්ත බටහිර', 13),
('3-1-39-015', 'මහ හපුගල', 13),
('3-1-39-020', 'කුරුඳුවත්ත', 13),
('3-1-39-025', 'වැළිපිටි මෝදර', 13),
('3-1-39-030', 'ගිංතොට බටහිර', 13),
('3-1-39-035', 'ගිංතොට නැගෙනහිර', 13),
('3-1-39-040', 'පියදිගම', 13),
('3-1-39-045', 'බොපේ උතුර', 13),
('3-1-39-050', 'බොපේ නැගෙනහිර', 13),
('3-1-39-055', 'කුඹල්වැල්ල උතුර', 13),
('3-1-39-060', 'මඩවලමුල්ල උතුර', 13),
('3-1-39-065', 'මඩවලමුල්ල දකුණ', 13),
('3-1-39-070', 'දෙද්දුගොඩ (උතුර)', 13),
('3-1-39-075', 'දෙද්දුගොඩ (දකුණ)', 13),
('3-1-39-080', 'මාඉටිපේ', 13),
('3-1-39-085', 'වැළිපත', 13),
('3-1-39-090', 'මාලිගස්පෙ', 13),
('3-1-39-095', 'දංගෙදර නැගෙනහිර', 13),
('3-1-39-100', 'දංගෙදර බටහිර', 13),
('3-1-39-105', 'බටගන්විල', 13),
('3-1-39-110', 'ගල්වඩුගොඩ', 13),
('3-1-39-115', 'රිචිමන්ඩ් කන්ද', 13),
('3-1-39-120', 'බෝපේ බටහිර', 13),
('3-1-39-125', 'සියඹලාගහවත්ත', 13),
('3-1-39-130', 'දඩල්ල නැගෙනහිර', 13),
('3-1-39-135', 'දඩල්ල බටහිර', 13),
('3-1-39-140', 'වළව්වත්ත', 13),
('3-1-39-145', 'කුඹල්වැල්ල දකුණ', 13),
('3-1-39-150', 'මහමොදර', 13),
('3-1-39-155', 'ඔසනගොඩ', 13),
('3-1-39-160', 'කන්දේවත්ත', 13),
('3-1-39-165', 'සඝමිත්තපුර', 13),
('3-1-39-170', 'මඩපාතල', 13),
('3-1-39-175', 'පොකුණ වත්ත', 13),
('3-1-39-180', 'මිළිද්දුව', 13),
('3-1-39-185', 'ඇත්තිලිගොඩ දකුණ', 13),
('3-1-39-190', 'මකුළුව', 13),
('3-1-39-195', 'පෙට්ටිගලවත්ත', 13),
('3-1-39-200', 'තලාපිටිය', 13),
('3-1-39-205', 'කෝන්ගහ', 13),
('3-1-39-210', 'වැළිවත්ත', 13),
('3-1-39-215', 'මිනුවන්ගොඩ', 13),
('3-1-39-220', 'කළුවැල්ල', 13),
('3-1-39-225', 'චින කොරටුව', 13),
('3-1-39-230', 'කොටුව', 13),
('3-1-39-235', 'මාගල්ල', 13),
('3-1-39-240', 'දේවාතුර', 13),
('3-1-39-245', 'කටුගොඩ', 13),
('3-1-39-250', 'දෙවට', 13),
('3-1-42-005', 'පෝද්දල', 14),
('3-1-42-010', 'පන්නමග', 14),
('3-1-42-015', 'මුලන බටහිර', 14),
('3-1-42-020', 'මුලන නැගෙනහිර', 14),
('3-1-42-025', 'පන්විල', 14),
('3-1-42-030', 'නරාවල', 14),
('3-1-42-035', 'වලවත්ත', 14),
('3-1-42-040', 'මගදෙනිය', 14),
('3-1-42-045', 'බාස්වත්ත', 14),
('3-1-42-050', 'අද්දරගොඩ', 14),
('3-1-42-055', 'මීපාවල', 14),
('3-1-42-060', 'පැණිදෙනිය', 14),
('3-1-42-065', 'ඕපාත', 14),
('3-1-42-070', 'වක්වැල්ල', 14),
('3-1-42-075', 'නිලදෙනිය', 14),
('3-1-42-080', 'හපුගල', 14),
('3-1-42-085', 'බෙරලියදොල', 14),
('3-1-42-090', 'සිල්වගෙවත්ත', 14),
('3-1-42-095', 'උළුවිටිකෙ', 14),
('3-1-42-100', 'හොළුවාගොඩ', 14),
('3-1-42-105', 'ලබුදූව', 14),
('3-1-42-110', 'කුරුන්ද කන්ද', 14),
('3-1-42-115', 'කුරුන්ද', 14),
('3-1-42-120', 'තොටගොඩ', 14),
('3-1-42-125', 'ගල්කැටිය', 14),
('3-1-42-130', 'ගොඩකන්ද', 14),
('3-1-42-135', 'බංගලාවත්ත', 14),
('3-1-42-140', 'බොකරමුල්ලගොඩ', 14),
('3-1-42-145', 'තුන්හිරිපාන', 14),
('3-1-42-150', 'අබේසුන්දර වත්ත', 14),
('3-1-42-155', 'වටරැක නැගෙනහිර', 14),
('3-1-42-160', 'පැලවත්ත', 14),
('3-1-42-165', 'මාම්පිටිය', 14),
('3-1-42-170', 'කලේගාන දකුණ', 14),
('3-1-42-175', 'කලේගාන උතුර', 14),
('3-1-42-180', 'කිතුලම්පිටිය', 14),
('3-1-42-185', 'කහදුවවත්ත', 14),
('3-1-42-190', 'නාවින්න', 14),
('3-1-42-195', 'හිරිඹුරගම', 14),
('3-1-42-200', 'කරාපිටිය', 14),
('3-1-42-205', 'අඹගහවත්ත', 14),
('3-1-42-210', 'කපුහෙම්පල', 14),
('3-1-42-215', 'කැරැන්විල', 14),
('3-1-42-220', 'පලිවතුගොඩ', 14),
('3-1-45-005', 'තල්ගස්යාය', 15),
('3-1-45-010', 'නියාගම', 15),
('3-1-45-015', 'අඹගහවිල', 15),
('3-1-45-020', 'ඉහළගොඩ නැගෙනහිර', 15),
('3-1-45-025', 'අමල්ගම', 15),
('3-1-45-030', 'කැටැන්දොල', 15),
('3-1-45-035', 'හියරේ උතුර', 15),
('3-1-45-040', 'කඳහේන', 15),
('3-1-45-045', 'වැලිහේන', 15),
('3-1-45-050', 'කඳුරුගස්හේන', 15),
('3-1-45-055', 'හියාරේ නැගෙනහිර', 15),
('3-1-45-060', 'හියාරේ ඉහල', 15),
('3-1-45-065', 'හියාරේ දකුණ', 15),
('3-1-45-070', 'ඇටඹගස්මුල්ල', 15),
('3-1-45-075', 'ඉහලගොඩ ජනපදය', 15),
('3-1-45-080', 'ඉහලගොඩ දකුණ', 15),
('3-1-45-085', 'ඉහලගොඩ බටහිර', 15),
('3-1-45-090', 'අක්මීමන', 15),
('3-1-45-095', 'ගනේගොඩ', 15),
('3-1-45-100', 'ගනේ‍ගොඩ බටහිර', 15),
('3-1-45-105', 'කිරින්දගොඩ', 15),
('3-1-45-110', 'බදුන්ගොඩ ජනපදය', 15),
('3-1-45-115', 'බදුන්ගොඩ', 15),
('3-1-45-120', 'පින්නදූව ජනපදය', 15),
('3-1-45-125', 'වැලිකැටිය', 15),
('3-1-45-130', 'හල්ගස්මුල්ල', 15),
('3-1-45-135', 'අමුකොටුව', 15),
('3-1-45-140', 'නිවිතිපිටිගොඩ', 15),
('3-1-45-145', 'තලහිටියාව', 15),
('3-1-45-150', 'අංකොක්කාවල', 15),
('3-1-45-155', 'පින්නදුව', 15),
('3-1-45-160', 'මානවිල', 15),
('3-1-45-165', 'වලහන්දූව', 15),
('3-1-45-170', 'යක්ගහ', 15),
('3-1-45-175', 'මීගොඩ', 15),
('3-1-45-180', 'පිලාන', 15),
('3-1-45-185', 'පැදින්නෝරුව', 15),
('3-1-45-190', 'මැලෑගොඩ ‍', 15),
('3-1-45-195', 'බඹර‍ගොඩ', 15),
('3-1-45-200', 'ආනන්ගොඩ', 15),
('3-1-45-205', 'හිනිදුම්ගොඩ', 15),
('3-1-45-210', 'කැරැන්විල ජනපදය', 15),
('3-1-45-215', 'හාලිවල', 15),
('3-1-45-220', 'ඇත්තිලිගොඩ උතුර', 15),
('3-1-45-225', 'අම්බලන්වත්ත', 15),
('3-1-45-230', 'ජම්බුකැටිය', 15),
('3-1-45-235', 'බටදූව', 15),
('3-1-45-240', 'කදුරුදූව', 15),
('3-1-45-245', 'පනාගමුව', 15),
('3-1-45-250', 'ගල්ගමුව', 15),
('3-1-45-255', 'දිවුලාන ජනපදය', 15),
('3-1-45-260', 'හඳුගොඩ', 15),
('3-1-45-265', 'කළහේ', 15),
('3-1-45-270', 'වංචාවල', 15),
('3-1-45-275', 'අත්තරගොඩ', 15),
('3-1-45-280', 'නුගදුව', 15),
('3-1-45-285', 'බටදුව බටහිර', 15),
('3-1-45-290', 'තල්පෙගොඩ', 15),
('3-1-45-295', 'යටගම', 15),
('3-1-45-300', 'රත්කිඳගොඩ', 15),
('3-1-45-305', 'මැටරඹ', 15),
('3-1-45-310', 'තල්පෙ උතුර', 15),
('3-1-45-315', 'නාගහවත්ත', 15),
('3-1-48-005', 'නාවල', 16),
('3-1-48-010', 'තෙල්ලඹුර උතුර', 16),
('3-1-48-015', 'නාකියාදෙණිය', 16),
('3-1-48-020', 'නාකියාදෙණිය උතුර', 16),
('3-1-48-025', 'වත්තහේන', 16),
('3-1-48-030', 'ව‍තෝගල', 16),
('3-1-48-035', 'මොරකැටිය', 16),
('3-1-48-040', 'ගහලකොළදෙණිය', 16),
('3-1-48-045', 'උඩුමලගල', 16),
('3-1-48-050', 'ඉහළ නාකියාදෙණිය', 16),
('3-1-48-055', 'තෙල්ලඹුර පහළ', 16),
('3-1-48-060', 'තෙල්ලඹුර ඉහළ', 16),
('3-1-48-065', 'නැවුංගල', 16),
('3-1-48-070', 'නැවුංගල දකුණ', 16),
('3-1-48-075', 'කොට්ටව', 16),
('3-1-48-080', 'තෙල්ලඹුර දකුණ', 16),
('3-1-48-085', 'යක්කලමුල්ල නැගෙනහිර', 16),
('3-1-48-090', 'නබදව', 16),
('3-1-48-095', 'යටමලගල', 16),
('3-1-48-100', 'කරාගොඩ ඉහළ', 16),
('3-1-48-105', 'මාගෙදර උතුර', 16),
('3-1-48-110', 'මාගෙදර නැගෙනහිර', 16),
('3-1-48-115', 'ඇල්ල ඉහළ', 16),
('3-1-48-120', 'මාගෙදර', 16),
('3-1-48-125', 'උඩුවැල්ල', 16),
('3-1-48-130', 'කරාගොඩ', 16),
('3-1-48-135', 'කරාගොඩ පහළ', 16),
('3-1-48-140', 'පොල්පාගොඩ', 16),
('3-1-48-145', 'බෙරණාගොඩ', 16),
('3-1-48-150', 'යක්කලමුල්ල', 16),
('3-1-48-155', 'කොට්ටව නැගෙනහිර', 16),
('3-1-48-160', 'කොට්ටව බටහිර', 16),
('3-1-48-165', 'තල්ගම්පල උතුර', 16),
('3-1-48-170', 'උඩුබැට්ටව', 16),
('3-1-48-175', 'උඩුබැට්ටව බටහිර', 16),
('3-1-48-180', 'තල්ගම්පල', 16),
('3-1-48-185', 'හිරියමල්කුඹුර', 16),
('3-1-48-190', 'පොල්පගොඩ බටහිර', 16),
('3-1-48-195', 'කළුදියවල', 16),
('3-1-48-200', 'බදුංගල', 16),
('3-1-48-205', 'රතඹලකැටිය', 16),
('3-1-48-210', 'වෙළෙන්දාව', 16),
('3-1-48-215', 'වල්පොළ පහළ', 16),
('3-1-48-220', 'ඉහළ වල්පොළ', 16),
('3-1-51-005', 'පිටුවලහේන', 17),
('3-1-51-010', 'මායාකඩුව', 17),
('3-1-51-015', 'කබරගල', 17),
('3-1-51-020', 'දඬුවන', 17),
('3-1-51-025', 'හටංගල', 17),
('3-1-51-030', 'බැදිපිට', 17),
('3-1-51-035', 'පුස්වැල්කඩ', 17),
('3-1-51-040', 'ඉහල කෝඹල', 17),
('3-1-51-045', 'කෝඹල', 17),
('3-1-51-050', 'ඉමදුව අතිරේක', 17),
('3-1-51-055', 'පරගොඩ', 17),
('3-1-51-060', 'වතවන', 17),
('3-1-51-065', 'හවුපේ උතුර', 17),
('3-1-51-070', 'හව්පේ', 17),
('3-1-51-075', 'අඟුළුගහ', 17),
('3-1-51-080', 'රංගොඩ', 17),
('3-1-51-085', 'දොරපෙ', 17),
('3-1-51-090', 'වැලිකොන්ද', 17),
('3-1-51-095', 'පැලවත්ත', 17),
('3-1-51-100', 'පොල්හේන', 17),
('3-1-51-105', 'කහඳ', 17),
('3-1-51-110', 'කහඳ අතිරේක 1', 17),
('3-1-51-115', 'ගොඩඋඩමංඩිය', 17),
('3-1-51-120', 'මාවැල්ල', 17),
('3-1-51-125', 'දීගොඩ අතිරේක 01', 17),
('3-1-51-130', 'ඉමදුව', 17),
('3-1-51-135', 'හෙට්ටිගොඩ', 17),
('3-1-51-140', 'දීගොඩ', 17),
('3-1-51-145', 'කළුගල්ගොඩ', 17),
('3-1-51-150', 'ඉහල මාවැල්ල', 17),
('3-1-51-155', 'තිත්තගල්ල නැගෙනහිර', 17),
('3-1-51-160', 'අම්පාවිල', 17),
('3-1-51-165', 'මලල්ගොඩපිටිය', 17),
('3-1-51-170', 'දික්කුඹුර', 17),
('3-1-51-175', 'කෝදාගොඩ දකුණ', 17),
('3-1-51-180', 'කෝදාගොඩ නැගෙනහිර', 17),
('3-1-51-185', 'හොරදුගොඩ', 17),
('3-1-51-190', 'ඇල්ලලගොඩ', 17),
('3-1-51-195', 'අන්දුගොඩ', 17),
('3-1-51-200', 'පනුගල්ගොඩ', 17),
('3-1-51-205', 'ඉදුරන්නාවිල', 17),
('3-1-51-210', 'අටානිකිත', 17),
('3-1-51-215', 'තිත්තගල්ල බටහිර', 17),
('3-1-54-005', 'යද්දෙහිමුල්ල', 18),
('3-1-54-010', 'බොනවිස්ටාව', 18),
('3-1-54-015', 'උණවටුන බටහිර', 18),
('3-1-54-020', 'උණවටුන නැගෙනහිර', 18),
('3-1-54-025', 'මහරඹ', 18),
('3-1-54-030', 'දළවැල්ල', 18),
('3-1-54-035', 'උණවටුන මධ්‍යම', 18),
('3-1-54-040', 'තල්පෙ දකුණ', 18),
('3-1-54-045', 'හීනටිගල දකුණ', 18),
('3-1-54-050', 'වැල්ලෙතොට', 18),
('3-1-54-055', 'හල්ලොලුවගොඩ', 18),
('3-1-54-060', 'හඳුගොඩ', 18),
('3-1-54-065', 'දොඩම්පෙ', 18),
('3-1-54-070', 'අත්තරගොඩ', 18),
('3-1-54-075', 'තල්පෙ නැගෙනහිර', 18),
('3-1-54-080', 'කහවැන්නගම', 18),
('3-1-54-085', 'මොරම්පිටිගොඩ', 18),
('3-1-54-090', 'ඌරගස්ගොඩ', 18),
('3-1-54-095', 'පිටිදුව', 18),
('3-1-54-100', 'මීපේ', 18),
('3-1-54-105', 'බෝගහමුලුගොඩ', 18),
('3-1-54-110', 'හප්පාවන', 18),
('3-1-54-115', 'අන්නාසිවතුගොඩ', 18),
('3-1-54-120', 'හරුමල්ගොඩ බටහිර', 18),
('3-1-54-125', 'ලණුමෝදර', 18),
('3-1-54-130', 'ලියනගොඩ', 18),
('3-1-54-135', 'කටුකුරුන්ද', 18),
('3-1-54-140', 'හරුමල්ගොඩ මධ්‍යම', 18),
('3-1-54-145', 'ගොඩවත්ත', 18),
('3-1-54-150', 'හරුමල්ගොඩ නැගෙනහිර', 18),
('3-1-54-155', 'කොග්ගල අතිරේක I', 18),
('3-1-54-160', 'කොග්ගල අතිරේක II', 18),
('3-1-54-165', 'කොග්ගල', 18),
('3-1-54-170', 'කතලුව බටහිර', 18),
('3-1-54-175', 'අටදාහෙවතුගොඩ', 18),
('3-1-54-180', 'කතලුව නැගෙනහිර', 18),
('3-1-54-185', 'වැල්හේන්ගොඩ', 18),
('3-1-54-190', 'කතලුව මධ්‍යම', 18),
('3-1-54-195', 'අලවතුකිස්ගොඩ', 18),
('3-1-54-200', 'පෑලැස්ස', 18),
('3-1-54-205', 'කොරහැඬිගොඩ', 18),
('3-1-54-210', 'අහංගම නාකන්ද', 18),
('3-1-54-215', 'කලපුව', 18),
('3-1-54-220', 'අහංගම්ගොඩ', 18),
('3-1-54-225', 'දඬුහැල', 18),
('3-1-54-230', 'මීගහගොඩ', 18),
('3-1-54-235', 'කහවතුගොඩ', 18),
('3-1-54-240', 'මැලියගොඩ', 18),
('3-1-54-245', 'පියදිගම බටහිර', 18),
('3-1-54-250', 'වඩුගේගොඩ', 18),
('3-1-54-255', 'කරන්දුගොඩ', 18),
('3-1-54-260', 'කලෙහෙගොඩ', 18),
('3-1-54-265', 'දොම්මන්නාගොඩ', 18),
('3-1-54-270', 'පියදිගම නැගෙනහිර', 18),
('3-1-54-275', 'අහංගම මධ්‍යම', 18),
('3-1-54-280', 'දිගරැද්ද', 18),
('3-1-54-285', 'තල්දුව', 18),
('3-1-54-290', 'අහංගම නැගෙනහිර', 18),
('3-1-54-295', 'ගොවියාපන', 18),
('3-1-57-005', 'කරුවලබැද්ද', 19),
('3-1-57-010', 'මනම්පිට', 19),
('3-1-57-015', 'දන්ගරේගහ උඩුමුල්ල', 19),
('3-1-57-020', 'බාන්වැල්ගො‍ඩැල්ල', 19),
('3-1-57-025', 'ඊරියගහමුල්ල', 19),
('3-1-57-030', 'අලුත්වල', 19),
('3-1-57-035', 'මහගංගොඩ', 19),
('3-1-57-040', 'කිරිදිඇළ', 19),
('3-1-57-045', 'තිලකගම', 19),
('3-1-57-050', 'හේනගොඩ', 19),
('3-1-57-055', 'ගෝනාපීනුවල මධ්‍යම', 19),
('3-1-57-060', 'වුඩ්ලන්ඩ් වත්ත', 19),
('3-1-57-065', 'බෙරතුඩුව', 19),
('3-1-57-070', 'හික්කඩුව නැගෙනහිර', 19),
('3-1-57-075', 'ආරච්චිකන්ද', 19),
('3-1-57-080', 'ගෝනාපිනුවල නැගෙනහිර', 19),
('3-1-57-085', 'ගෝනාපිනුවල බටහිර', 19),
('3-1-57-090', 'දොඩම්කහවිල', 19),
('3-1-57-095', 'කළුවගහ ජනපදය', 19),
('3-1-60-005', 'පිටිවැල්ල උතුර', 20),
('3-1-60-010', 'පිටිවැල්ල දකුණ', 20),
('3-1-60-015', 'කදුරුපේ', 20),
('3-1-60-020', 'කැදල', 20),
('3-1-60-025', 'බුස්ස', 20),
('3-1-60-030', 'රුපිවල', 20),
('3-1-60-035', 'ගනේගොඩ', 20),
('3-1-60-040', 'කපුමුළුගොඩ', 20),
('3-1-60-045', 'රත්න උදාගම', 20),
('3-1-60-050', 'දෝලිකන්ද', 20),
('3-1-60-055', 'මහහෑගොඩ', 20),
('3-1-60-060', 'මලිදුව', 20),
('3-1-60-065', 'මැදවල', 20),
('3-1-60-070', 'පාලන්ත්‍රියාගොඩ', 20),
('3-1-60-075', 'හෑගොඩ', 20),
('3-1-60-080', 'රෙජිජිපුර', 20),
('3-1-60-085', 'රත්ගම හෑගොඩ', 20),
('3-1-60-090', 'රණපනාදෙනිය', 20),
('3-1-60-095', 'කන්දේගොඩ', 20),
('3-1-60-100', 'පල්ලියපිටිය', 20),
('3-1-60-105', 'ගම්මැද්දෙගොඩ', 20),
('3-1-60-110', 'ගම්මැද්දේගොඩ රත්ගම', 20),
('3-1-60-115', 'ගම්මැද්දෙගොඩ (නැගනහිර)', 20),
('3-1-60-120', 'ඕවකන්ද', 20),
('3-1-60-125', 'කටුදම්පෙ', 20),
('3-1-60-130', 'තොටවිල', 20),
('3-1-60-135', 'ඉඹුල', 20),
('3-1-60-140', 'මාවඩවිල', 20),
('3-1-60-145', 'පන්විල පහලගොඩ', 20),
('3-1-60-150', 'ක්‍රාවේගොඩ​', 20),
('3-1-60-155', 'දේවිනිගොඩ', 20),
('3-1-60-160', 'බෝපගොඩ', 20),
('3-1-63-005', 'තොටගමුව', 21),
('3-1-63-010', 'කලුපේ', 21),
('3-1-63-015', 'උඩුමුල්ල', 21),
('3-1-63-020', 'මැදගොඩ', 21),
('3-1-63-025', 'වැරැල්ලාන', 21),
('3-1-63-030', 'සීනිගම නැගෙනහිර', 21),
('3-1-63-035', 'සීනිගම බටහිර​', 21),
('3-1-63-040', 'මලවැන්න', 21),
('3-1-63-045', 'තෙල්වත්ත', 21),
('3-1-63-050', 'පැරෑලිය උතුර', 21),
('3-1-63-055', 'පැරෑලිය දකුණ', 21),
('3-1-63-060', 'දලුවතුමුල්ල', 21),
('3-1-63-065', 'කහව', 21),
('3-1-63-070', 'ගොඩගම දකුණ', 21),
('3-1-63-075', 'ගොඩගම උතුර', 21),
('3-1-63-080', 'උඩුවරාගොඩ දකුණ', 21),
('3-1-63-085', 'උඩුවරාගොඩ උතුර', 21),
('3-1-63-090', 'වේරගොඩ', 21),
('3-1-63-095', 'ගල්දුව', 21),
('3-1-63-100', 'හරන්නාගල', 21),
('3-1-63-105', 'ඩෙල්මාර් ජනපදය', 21),
('3-1-63-110', 'අකුරළ', 21),
('3-1-63-115', 'අකුරළ දකුණ', 21),
('3-1-63-120', 'අකුරළ උතුර', 21),
('3-1-63-125', 'වේනමුල්ල', 21),
('3-1-63-130', 'අඳුරන්ගොඩ', 21),
('3-1-63-135', 'දිඹුල්දුව', 21),
('3-1-63-140', 'කුලීගොඩ බටහිර', 21),
('3-1-63-145', 'ගලගොඩ නැගෙනහිර', 21),
('3-1-63-150', 'කුලීගොඩ නැගෙනහිර', 21),
('3-1-63-155', 'ගලගොඩ බටහිර', 21),
('3-1-63-160', 'වැල්ලබඩ', 21),
('3-1-63-165', 'උස්මුදුලාව', 21),
('3-1-63-170', 'ඌරවත්ත', 21),
('3-1-63-175', 'ඉඩන්තොට', 21),
('3-1-63-180', 'දේවගොඩ නැගෙනහිර', 21),
('3-1-63-185', 'දේවගොඩ බටහිර', 21),
('3-1-63-190', 'දෙල්දුව', 21),
('3-1-66-005', 'ඉදුරුපත්විළ', 22),
('3-1-66-010', 'වැයිහේන', 22),
('3-1-66-015', 'මාබොටුවන', 22),
('3-1-66-020', 'නාත්තෙවෙල', 22),
('3-1-66-025', 'තලාව', 22),
('3-1-66-030', 'ඉහළ ලේල්වල', 22),
('3-1-66-035', 'කුඹලමලහේන', 22),
('3-1-66-040', 'පංවිල', 22),
('3-1-66-045', 'පහළ ලේල්වල', 22),
('3-1-66-050', 'කොකාවල', 22),
('3-1-66-055', 'පොල්ගහවිළ', 22),
('3-1-66-060', 'දෙයියන්දර', 22),
('3-1-66-065', 'කිරින්දළාහේන', 22),
('3-1-66-070', 'මැද කීඹිය', 22),
('3-1-66-075', 'මැද කීඹිය නැගෙනහිර', 22),
('3-1-66-080', 'පිටිහරාව', 22),
('3-1-66-085', 'තිරුවානකැටිය', 22),
('3-1-66-090', 'ඉහල කීඹිය', 22),
('3-1-66-095', 'ඉහළ කීඹිය දකුණ', 22),
('3-1-66-100', 'වදුරඹ', 22),
('3-1-66-105', 'වදුරඹ දකුණ', 22),
('3-1-66-110', 'ගුලුගහකන්ද', 22);

-- --------------------------------------------------------

--
-- Table structure for table `gampaha`
--

CREATE TABLE `gampaha` (
  `gncode` int(4) NOT NULL,
  `gnname` varchar(27) DEFAULT NULL,
  `divsec` int(2) DEFAULT NULL
) ENGINE=InnoDB DEFAULT CHARSET=utf8;

--
-- Dumping data for table `gampaha`
--

INSERT INTO `gampaha` (`gncode`, `gnname`, `divsec`) VALUES
(1, 'කම්මල්තුර', 1),
(2, 'උතුරු පල්ලන්සේන', 1),
(3, 'කොච්චිකඩේ', 1),
(4, 'දකුණු පල්ලන්සේන', 1),
(5, 'දළුවකොටුව', 1),
(6, 'පලඟතුරේ', 1),
(7, 'එත්තුකල', 1),
(8, 'නැගෙනහිර දළුවකොටුව', 1),
(9, 'කට්ටුව', 1),
(10, 'නැගෙනහිර දළුපත', 1),
(11, 'දළුපත', 1),
(12, 'කුඩපාඩුව', 1),
(13, 'කුඩපාඩුව උතුර', 1),
(14, 'කුඩපාඩුව දකුණ', 1),
(15, 'වැල්ල වීදිය', 1),
(16, 'වෙල්ල වීදිය නැගෙනහිර', 1),
(17, 'පෙරියමුල්ල', 1),
(18, 'හුනුපිටිය', 1),
(19, 'අගුරූකාරමුල්ල', 1),
(20, 'උඩයාර්තෝප්පුව', 1),
(21, 'දකුණු වැල්ල වීදිය', 1),
(22, 'උතුරු මුන්නක්කරය', 1),
(23, 'දූව', 1),
(24, 'උතුරු පිටිපන', 1),
(25, 'මැද පිටිපන', 1),
(26, 'මුන්නක්කරය', 1),
(27, 'නැගෙනහිර මුන්නක්කරය', 1),
(28, 'තලාදූව', 1),
(29, 'දකුණු උඩයාර්තෝප්පුව', 1),
(30, 'බෝලවලාන', 1),
(31, 'බටහිර කුරණ', 1),
(32, 'නැගෙනහිර කුරණ', 1),
(33, 'සිරිවර්ධන පෙදෙස', 1),
(34, 'දකුණ පිටිපන නැගෙනහිර', 1),
(35, 'දකුණු පිටිපන', 1),
(36, 'තලාහේන', 1),
(37, 'දුන්ගාල්පිටිය', 1),
(38, 'සෙත්තප්පාඩුව', 1),
(39, 'කැපුන්ගොඩ', 1),
(40, 'මුරුතාන', 2),
(41, 'මානාවේරිය', 2),
(42, 'උඩංගාව', 2),
(43, 'තෝප්පුව', 2),
(44, 'බම්බුකුලිය', 2),
(45, 'කටාන උතුර', 2),
(46, 'කටාන නැගෙනහිර', 2),
(47, 'කටාන බටහිර', 2),
(48, 'මහ ඇත්ගාල', 2),
(49, 'ඇත්ගාල', 2),
(50, 'අඩික්කන්ඩිය', 2),
(51, 'වැලිහේන උතුර', 2),
(52, 'වැලිහේන දකුණ', 2),
(53, 'පහළ කදවල', 2),
(54, 'ඇත්ගාල දකුණ', 2),
(55, 'ඉහළ කදවල', 2),
(56, 'කළුවරිප්පුව බටහිර', 2),
(57, '‍කොන්දගම්මුල්ල', 2),
(58, 'කටියල', 2),
(59, 'කදිරාන උතුර', 2),
(60, 'කේ .සී ද සිල්වාපුර', 2),
(61, 'තිඹිරිගස්කටුව', 2),
(62, 'සෙල්ලකන්ද', 2),
(63, 'කටුවපිටිය', 2),
(64, 'මහහුනුපිටිය බටහිර', 2),
(65, 'මහහුනුපිටිය නැගෙනහිර', 2),
(66, 'පහළ කදිරාන', 2),
(67, 'කදිරාන', 2),
(68, 'අක්කර 50', 2),
(69, 'කදිරාන දකුණ', 2),
(70, 'කිඹුලාපිටිය බටහිර', 2),
(71, 'කිඹුලාපිටිය උතුර', 2),
(72, 'කිඹුලාපිටිය දකුණ', 2),
(73, 'කිඹුලාපිටිය මධ්‍යම', 2),
(74, 'ආඬිඅම්බලම බටහිර', 2),
(75, 'වල්පොල', 2),
(76, 'ආඬිඅම්බලම නැගෙනහිර', 2),
(77, 'දැවමොට්ටාව', 2),
(78, 'කෝවින්න', 2),
(79, 'ඇවරිවත්ත', 2),
(80, 'ගුවන්හමුදා කදවුර', 2),
(81, 'කුරණ කටුනායක', 2),
(82, 'කුරන කටුනායක', 2),
(83, 'කුරන කටුනායක දකුණ', 2),
(84, 'කටුනායක උතුර', 2),
(85, 'කටුනායක දකුණ', 2),
(86, 'වලානගොඩ', 2),
(87, 'කලහපිටිය', 2),
(88, 'මඩවල', 2),
(89, 'මුතුවාඩිය', 2),
(90, 'ලියනගේමුල්ල උතුර', 2),
(91, 'ලියනගේමුල්ල දකුණ', 2),
(92, 'අමන්දොළුව', 2),
(93, 'තැම්පල', 2),
(94, 'කුස්වල', 2),
(95, 'ගනේපොල', 2),
(96, 'හීනටියන බටහිර', 2),
(97, 'හීනටියන දකුණ', 2),
(98, 'හීනටියන නැගෙනහිර', 2),
(99, 'රද්දොළුගම උතුර ඒ', 2),
(100, 'රද්දොළුගම උතුර', 2),
(101, 'රද්දොළුගම දකුණ', 2),
(102, 'රද්දොළුගම දකුණ ඒ', 2),
(103, 'රද්දොළුව උතුර', 2),
(104, 'රද්දොළුව බටහිර', 2),
(105, 'සීදුව', 2),
(106, 'මූකලන්ගමුව බටහිර', 2),
(107, 'මුකලන්ගමුව නැගෙනහිර', 2),
(108, 'බණ්ඩාරවත්ත නැගෙනහිර', 2),
(109, 'බණ්ඩාරවත්ත බටහිර', 2),
(110, 'දඹදුරය', 2),
(111, 'රද්දොළුව දකුණ', 2),
(112, 'ලන්සියාවාඩිය', 2),
(113, 'කොටුගොඩ', 2),
(114, 'කසගහවත්ත', 2),
(115, 'උදම්මිට උතුර', 2),
(116, 'අලවතුපිටිය', 2),
(117, 'උදම්මිට දකුණ', 2),
(118, 'අම්බලන්මුල්ල', 2),
(119, 'ආඬිමුල්ල', 3),
(120, 'අම්බලයාය', 3),
(121, 'බෝලගල', 3),
(122, 'ඔතරවාඩිය', 3),
(123, 'ගොඩිගමුව බටහිර', 3),
(124, 'ගොඩිගමුව නැගෙනහිර', 3),
(125, 'බලවල', 3),
(126, 'බඩල්ගම', 3),
(127, 'දෙල්පකඩවර', 3),
(128, 'සිරිගපාතවත්ත', 3),
(129, 'පැතිගොඩ', 3),
(130, 'අළුගොල්ල', 3),
(131, 'පොල්වත්ත', 3),
(132, 'පොල්හේන', 3),
(133, 'මැල්ලවගෙදර', 3),
(134, 'දික්ලන්ද', 3),
(135, 'කටුකෙන්ද', 3),
(136, 'අකරන්ගහ', 3),
(137, 'කෙහෙල්ඇල්ල බටහිර', 3),
(138, 'ලිහිණියගම්මන', 3),
(139, 'අකරගම නැගෙනහිර', 3),
(140, 'අකරගම බටහිර', 3),
(141, 'අකරගම උතුර', 3),
(142, 'පහළ මාඩම්පැල්ල', 3),
(143, 'හල්පෙ', 3),
(144, 'නැගෙනහිර කළුවාරිප්පුව උතුර', 3),
(145, 'කොන්ගොඩමුල්ල උතුර', 3),
(146, 'කොන්ගොඩමුල්ල බටහිර', 3),
(147, 'කොන්ගොඩමුල්ල දකුණ', 3),
(148, 'කොන්ගොඩමුල්ල නැගෙනහිර', 3),
(149, 'ඉහළ මඩම්පැල්ල උතුර', 3),
(150, 'ඉහළ මඩම්පැල්ල බටහිර', 3),
(151, 'ඉහළ මඩම්පැල්ල නැගෙනහිර', 3),
(152, 'ඉහළගම', 3),
(153, 'කෙහෙල්ඇල්ල දකුණ', 3),
(154, 'කෙහෙල්ඇල්ල උතුර', 3),
(155, 'දෙල්වගුර', 3),
(156, 'වෑකඩ', 3),
(157, 'කළුමඩ', 3),
(158, 'අගලෙගෙදර', 3),
(159, 'වරාදල', 3),
(160, 'කොටදෙනියාව', 3),
(161, 'එරබද්ද', 3),
(162, 'දියගම්පල', 3),
(163, 'කොරදමින්න', 3),
(164, 'දිඹුල්දෙනිය', 3),
(165, 'පරගොඩ උතුර', 3),
(166, 'පරගොඩ දකුණ', 3),
(167, 'මොරගල්කන්ද', 3),
(168, 'නාවාන බටහිර', 3),
(169, 'හෙට්ටිමුල්ල', 3),
(170, 'හල්ලො‍ලුව', 3),
(171, 'කැළැගෙදර', 3),
(172, 'හීරළුගෙදර', 3),
(173, 'වල්පිට', 3),
(174, 'වෙලගාන', 3),
(175, 'තම්මිට', 3),
(176, 'පල්ලියපිටිය බටහිර', 3),
(177, 'ඉදුරාගාර උතුර', 3),
(178, 'ඉදුරාගාර දකුණ', 3),
(179, 'කඩවල උතුර', 3),
(180, 'කඩවල', 3),
(181, 'නැගෙනහිර කළුවාරිප්පුව දකුණ', 3),
(182, 'මිරිස්වත්ත', 3),
(183, 'දාගොන්න උතුර', 3),
(184, 'දාන්ගොන්න නැගෙනහිර', 3),
(185, 'හල්ගහවෙලවත්ත', 3),
(186, 'කටුවැල්ලේගම උතුර', 3),
(187, 'කඩවල දකුණ', 3),
(188, 'බටේපොල', 3),
(189, 'දූනගහ දකුණ', 3),
(190, 'දූනගහ', 3),
(191, 'පෑල්ලියපිටිය නැගෙනහිර', 3),
(192, 'හුනුමුල්ල', 3),
(193, 'හපුගහගම', 3),
(194, 'බරවාවිල', 3),
(195, 'කුඩගම්මන', 3),
(196, 'පහළ මඩිතියවල', 3),
(197, 'කළුඅග්ගල', 3),
(198, 'කුලීගෙදර', 3),
(199, 'නාවාන නැගෙනහිර', 3),
(200, 'නරියමුල්ල', 3),
(201, 'හල්පෙ', 3),
(202, 'පරණ හල්පෙ බටහිර', 3),
(203, 'පරණ හල්පෙ නැගෙනහිර', 3),
(204, 'ගුරුල්ලගම', 3),
(205, 'ඉහළ කිතුල්වල', 3),
(206, 'පහළ කිතුල්වල', 3),
(207, 'කිතුල්වල උතුර', 3),
(208, 'කළුඅග්ගල පහල', 3),
(209, 'වත්තේමුල්ල', 3),
(210, 'ඉහළ මඩිතියවල', 3),
(211, 'හග‍‍‍වත්ත', 3),
(212, 'රස්සපාන', 3),
(213, 'බලගල්ල බටහිර', 3),
(214, 'පරණ හන්දිය', 3),
(215, 'පින්නකැලේ', 3),
(216, 'පින්නකැලේ දකුණ', 3),
(217, 'ඌරපාන', 3),
(218, 'කැලෑපිටිමුල්ල', 3),
(219, 'සායක්කරමුල්ල', 3),
(220, 'හේන්පිටගෙදර', 3),
(221, 'අළුතැපොල බටහිර', 3),
(222, 'තොටිල්ලගහවත්ත', 3),
(223, 'කටුවැල්ලේගම දකුණ', 3),
(224, 'පලුගහවෙල', 3),
(225, 'දාගොන්න දකුණ', 3),
(226, 'හපුවලාන දකුණ', 3),
(227, 'හපුවලාන', 3),
(228, 'බොමුගම්මන උතුර', 3),
(229, 'බෝමුගම්මන දකුණ', 3),
(230, 'පින්නලන්ද', 3),
(231, 'දිවුලපිටිය', 3),
(232, 'බලගල්ල නැගෙනහිර', 3),
(233, 'උල්ලලපොල නැගෙනහිර', 3),
(234, 'උල්ලලපොල බටහිර', 3),
(235, 'වැවගෙදර', 3),
(236, 'හොරගස්මුල්ල', 3),
(237, 'අස්වැන්නවත්ත නැගෙනහිර', 3),
(238, 'හපුවලාන උතුර', 3),
(239, 'අස්වැන්නවත්ත බටහිර', 3),
(240, 'වෙරගොඩමුල්ල', 3),
(241, 'අළුතැපොල නැගෙනහිර', 3),
(242, 'නාල්ල', 4),
(243, 'ගිරිඋල්ලගම', 4),
(244, 'ලෝලුවාගොඩ', 4),
(245, 'දෙල්වල දකුණ', 4),
(246, 'දෙල්වල', 4),
(247, 'ලෝලුවාගොඩ දකුණ', 4),
(248, 'මදුරුපිටිය', 4),
(249, 'හපුගහගෙදර', 4),
(250, 'කඳන්ගමුව', 4),
(251, 'හේනේගම', 4),
(252, 'මාලදෙණිය', 4),
(253, 'කහදව', 4),
(254, 'කන්ඩලම', 4),
(255, 'වල්බෝතලේ', 4),
(256, 'පිරිස්යාල', 4),
(257, 'කාමරන්ගාව', 4),
(258, 'කීනදෙනිය', 4),
(259, 'බොතලේ පහලගම උතුර', 4),
(260, 'මාවිහේන', 4),
(261, 'කුරුදුවත්ත', 4),
(262, 'පුරාන මීරිගම', 4),
(263, 'හකුරුකුඹුර', 4),
(264, 'මුගුරුගම්පල', 4),
(265, 'විල්වත්ත', 4),
(266, 'තවලම්පිටිය', 4),
(267, 'බෝතලේ පහලගම', 4),
(268, 'බෝතලේ පහලගම බටහිර', 4),
(269, 'බෝතලේ මැදගම', 4),
(270, 'බෝතලේ පහලගම නැගෙනහිර', 4),
(271, 'තලගම නැගෙනහිර', 4),
(272, 'තලගම', 4),
(273, 'බලතව', 4),
(274, 'මාකුර', 4),
(275, 'පොත්තේකන්ද', 4),
(276, 'බෝතලේ ඉහලගම', 4),
(277, 'ආදාගලකන්ද', 4),
(278, 'ඉහල හලුගම', 4),
(279, 'කිදිවල', 4),
(280, 'පහල හලුගම', 4),
(281, 'මීරිගම', 4),
(282, 'වලව්වත්ත', 4),
(283, 'තිලිනගම', 4),
(284, 'විජයරජදහන', 4),
(285, 'නැලිගම ඉහළ', 4),
(286, 'නැලිගම මධ්‍යම', 4),
(287, 'නැලිගම', 4),
(288, 'ලින්දර', 4),
(289, 'හලුගම', 4),
(290, 'සියඔලාගොඩ', 4),
(291, 'පහල ලින්දර', 4),
(292, 'පොහොන්නරුව', 4),
(293, 'ඉදිපරපේ', 4),
(294, 'කොස්ඇටදෙනිය', 4),
(295, 'ඉම්බුලන්වල', 4),
(296, 'උඩුඋල්ල', 4),
(297, 'ගස්පේ', 4),
(298, 'බාදුරාගොඩ', 4),
(299, 'කැප්පිටිවලාන', 4),
(300, 'ගස්පෙ පහලගම', 4),
(301, 'ගල්ගාන', 4),
(302, 'පෙලපිටිගන', 4),
(303, 'ඇල්හේන', 4),
(304, 'ගනේගොඩ', 4),
(305, 'හිරිවල', 4),
(306, 'හන්දුරුමුල්ල', 4),
(307, 'පමුණුවත්ත', 4),
(308, 'ලින්දර ඉහල', 4),
(309, 'අරුක්ගොඩ', 4),
(310, 'මඩබාවිට', 4),
(311, 'මඩබාවිට ඉහලගම', 4),
(312, 'නැවගල', 4),
(313, 'දනෝවිට', 4),
(314, 'වේවැල්දෙනිය පහලගම', 4),
(315, 'වේවැල්දෙනිය පහලගම බටහිර', 4),
(316, 'හේනේපොල', 4),
(317, 'පල්මඩ', 4),
(318, 'කල්/පල්ලේවෙල,කොටකන්ද', 4),
(319, 'රද්දෙල්ගොඩ', 4),
(320, 'ඉහළ බොකලගම', 4),
(321, 'පහල බොකලගම', 4),
(322, 'කුකුල්නාපේ', 4),
(323, 'ගස්පේ දකුණ', 4),
(324, 'මුද්දරගම', 4),
(325, 'හන්චපොල', 4),
(326, 'හිරිකුළුව, ගණේමුල්ල, දෑත්ගම', 4),
(327, 'පාතගම', 4),
(328, 'බොරැක්ගමුව බටහිර', 4),
(329, 'බොරැක්ගමුව', 4),
(330, 'පල්ලෙවෙල', 4),
(331, 'වේරගොඩ / කාක්කැලේ', 4),
(332, 'හන්සගිරිය', 4),
(333, 'වැලවිලමුල්ල උතුර', 4),
(334, 'වැලවිලමුල්ල', 4),
(335, 'උඩවෙල', 4),
(336, 'හාපිටිගම', 4),
(337, 'මක්කනිගොඩ උතුර', 4),
(338, 'පහලවෙල', 4),
(339, 'මිල්ලවල', 4),
(340, 'වේවැල්දෙනිය ඉහලගම බටහිර', 4),
(341, 'වේවැල්දෙනිය ඉහලගම', 4),
(342, 'කොටදෙනිය', 4),
(343, 'ඉලුක්පොත/වීරගොඩ', 4),
(344, 'හෙද්දෙනිකන්ද-රදවඩුන්න', 4),
(345, 'රදවඩුන්න', 4),
(346, 'බටලිය', 4),
(347, 'බටලීය දකුණ', 4),
(348, 'බොලාන', 4),
(349, 'මල්ලැහැව', 4),
(350, 'වෑබඩමුල්ල', 4),
(351, 'වීරගොඩ', 4),
(352, 'මිදෙල්ලවල', 4),
(353, 'කෙන්දලන්ද', 4),
(354, 'නුන්ගමුව', 4),
(355, 'උතුවම්බෝගහවත්ත', 4),
(356, 'පහළ මාලිගාතැන්න', 4),
(357, 'මාළිගාතැන්න මධ්‍යම', 4),
(358, 'වදුරාව', 4),
(359, 'ගල්ගමුව බටහිර', 4),
(360, 'ගල්ගමුව නැගෙනහිර', 4),
(361, 'කුඹල්ඔලුව', 4),
(362, 'ඉහළ කුම්බාලොලුව', 4),
(363, 'පහළ කුම්බාලොලුව', 4),
(364, 'දුමුන්නේගෙදර දකුණ', 4),
(365, 'දුමුන්නේගෙදර - කලටුවාව', 4),
(366, 'පස්යාල', 4),
(367, 'පස්යාල බටහිර', 4),
(368, 'මුරුතවල', 4),
(369, 'කිතානවත්ත', 4),
(370, 'කම්මල්පිටිය', 4),
(371, 'රදාවඩුන්න මධ්‍යම', 4),
(372, 'ඉබුල්ගස්ඕවිට', 4),
(373, 'පහළ රදාවඩුන්න', 4),
(374, 'වීරසූරියකන්ද', 4),
(375, 'පස්යාල නැගෙනහිර', 4),
(376, 'උඩුගම', 4),
(377, 'පනාවල', 4),
(378, 'දෙල්ගහමිදෙල්ල', 4),
(379, 'මොට්ටුන්න බටහිර', 4),
(380, 'මොතුන්න', 4),
(381, 'මාළිගාතැන්න', 4),
(382, 'කූරිකොටුව', 4),
(383, 'හක්වඩුන', 4),
(384, 'පහළ කූරිකොටුව', 4),
(385, 'ඇල්ලලමුල්ල', 4),
(386, 'දෙබහැර', 4),
(387, 'මාවතහේන', 4),
(388, 'මීවිටිය', 4),
(389, 'කැටකලපිටිය', 4),
(390, 'දඹුටුව', 4),
(391, 'මැඩෑමුල්ල උතුර', 5),
(392, 'නිල්පනාගොඩ බටහිර', 5),
(393, 'නිල්පනාගොඩ නැගෙනහිර', 5),
(394, 'නිල්පනාගොඩ', 5),
(395, 'ආරංගාව', 5),
(396, 'හොරම්පැල්ල උතුර', 5),
(397, 'ගල්කන්ද', 5),
(398, 'බෝධිපිහිටුවල', 5),
(399, 'වටිනපහ', 5),
(400, 'මාබෝදල බටහිර', 5),
(401, 'මාබෝදල උතුර', 5),
(402, 'ඉහළ විතානමුල්ල', 5),
(403, 'නාලපහ', 5),
(404, 'පහළ විතානමුල්ල', 5),
(405, 'මාබෝදල නැගෙනහිර', 5),
(406, 'මාබෝදල දකුණ', 5),
(407, 'වටිනපහ දකුණ', 5),
(408, 'වන්කැපුමුල්ල', 5),
(409, 'කමරගොඩ', 5),
(410, 'කුඩාගොඩ', 5),
(411, 'හොරම්පැල්ල දකුණ', 5),
(412, 'මහගම', 5),
(413, 'වෑගොව්ව දකුණ', 5),
(414, 'මිනුවන්ගොඩ නැගෙනහිර', 5),
(415, 'මිනුවන්ගොඩ උතුර', 5),
(416, 'මැඩැමුල්ල දකුණ', 5),
(417, 'බොරගොඩවත්ත උතුර', 5),
(418, 'යටියන', 5),
(419, 'පීල්ලවත්ත', 5),
(420, 'උන්නාරුව', 5),
(421, 'යටියන මධ්‍යම', 5),
(422, 'යටියන නැගෙනහිර', 5),
(423, 'කෝපිවත්ත', 5),
(424, 'බොරගොඩවත්ත දකුණ', 5),
(425, 'මිනුවන්ගොඩ බටහිර', 5),
(426, 'මිනුවන්ගොඩ මැද', 5),
(427, 'පන්සිල්ගොඩ', 5),
(428, 'වෑගොව්ව නැගෙනහිර', 5),
(429, 'හැලකන්දන', 5),
(430, 'පේරලන්ද', 5),
(431, 'දෙවලපොල', 5),
(432, 'වඩුමුල්ල', 5),
(433, 'මැටිකොටුමුල්ල', 5),
(434, 'එස්සැල්ල', 5),
(435, 'යටගම', 5),
(436, 'නයිවල උතුර', 5),
(437, 'නයිවල නැගෙනහිර', 5),
(438, 'නයිවල බටහිර', 5),
(439, 'වල්පිටමුල්ල', 5),
(440, 'බලබෝව', 5),
(441, 'බලබෝව බටහිර', 5),
(442, 'පෙතියාගොඩ උතුර', 5),
(443, 'ගල්ලෙගෙදර', 5),
(444, 'ගනිහිමුල්ල', 5),
(445, 'හෙන්ඩිමහර', 5),
(446, 'කලවාන', 5),
(447, 'වත්තෙගෙදර', 5),
(448, 'අඔගහවත්ත', 5),
(449, 'ගල්ලොලුව නැගෙනහිර', 5),
(450, 'ගල්ලොලුව', 5),
(451, 'කලහුගොඩ', 5),
(452, 'පොල්වත්ත බටහිර', 5),
(453, 'පොල්වත්ත නැගෙනහිර', 5),
(454, 'පත්තඩුවන උතුර', 5),
(455, 'එල්ලන්ගල', 5),
(456, 'බුරුල්ලපිටිය', 5),
(457, 'මතම්මන', 5),
(458, 'වීදියවත්ත නැගෙනහිර', 5),
(459, 'ගොයිගම', 5),
(460, 'ඉහල උඩුගම්පොල', 5),
(461, 'පෙතියාගොඩ දකුණ', 5),
(462, 'කොරසෙ', 5),
(463, 'කොරස මැද', 5),
(464, 'මාරපොල', 5),
(465, 'වීගොඩ', 5),
(466, 'දොරණගොඩ නැගෙනහිර', 5),
(467, 'කොරසේ නැගෙනහිර', 5),
(468, 'දොරණගොඩ උතුර', 5),
(469, 'දොරණගොඩ බටහිර', 5),
(470, 'පහල උඩුගම්පොල නැගෙනහිර', 5),
(471, 'පහල උඩුගම්පල උතුර', 5),
(472, 'පහල උඩුගම්පොල බටහිර', 5),
(473, 'වීදියවත්ත බටහිර', 5),
(474, 'වැල්හේන', 5),
(475, 'වෑලිය', 5),
(476, 'පත්තඬුවන', 5),
(477, 'පත්තඬුවන බටහිර', 5),
(478, 'යාගොඩමුල්ල උතුර', 5),
(479, 'යාගොඩමුල්ල', 5),
(480, 'උග්ගල්බඩ බටහිර', 5),
(481, 'උග්ගල්බඩ', 5),
(482, 'කෙහෙල්බද්දර බටහිර', 5),
(483, 'කෙහෙල්බද්දර නැගෙනහිර', 5),
(484, 'පහල උඩුගම්පොල දකුණ', 5),
(485, 'අස්ගිරිවල්පොල උතුර', 5),
(486, 'දොඹවල', 5),
(487, 'පේඩිපොල', 5),
(488, 'දොරණගොඩ දකුණ', 5),
(489, 'වතුමුල්ල', 5),
(490, 'අස්ගිරිය උතුර', 5),
(491, 'අස්ගිරිය දකුණ', 5),
(492, 'අස්ගිරිය', 5),
(493, 'අස්ගිරිය බටහිර', 5),
(494, 'අස්ගිරිය දකුණ', 5),
(495, 'අස්ගිරිවල්පොල බටහිර', 5),
(496, 'මදෙල්ගමුව නැගෙනහිර', 5),
(497, 'බටපොත', 5),
(498, 'නැදගමුව උතුර', 5),
(499, 'නැදගමුව දකුණ', 5),
(500, 'නැදගමුව බටහිර', 5),
(501, 'ආරච්චිවත්ත', 5),
(502, 'යාගොඩමුල්ල දකුණ', 5),
(503, 'සමෘද්ධීගම', 5),
(504, 'ඕපාත', 5),
(505, 'කොටුගොඩ 2', 5),
(506, 'කොටුගොඩ 1', 5),
(507, 'මැදුරුවිට', 5),
(508, 'සියඔලාපිටිය', 5),
(509, 'මාදෙල්ගමුව බටහිර', 5),
(510, 'තම්මිට බටහිර', 5),
(511, 'තම්මිට', 5),
(512, 'පමුණුගම', 6),
(513, 'මහ පමුණුගම', 6),
(514, 'දෑලතුර බටහිර', 6),
(515, 'දෑලතුර නැගෙනහිර', 6),
(516, 'බෝපිටියතුඩුව', 6),
(517, 'බෝපිටිය', 6),
(518, 'පුල්ලුහේන', 6),
(519, 'පරනම්බලම', 6),
(520, 'නුගපේ', 6),
(521, 'කුංජාවත්ත', 6),
(522, 'මගුල් පොකුණ', 6),
(523, 'ඇලෙහිවත්ත', 6),
(524, 'වැලිසර', 6),
(525, 'පට්ටියවල', 6),
(526, 'උස්වැටකෙයියාව', 6),
(527, 'මහබාගේ', 6),
(528, 'ඇලපිටිවල', 6),
(529, 'හොරපෙතුඩුව', 6),
(530, 'හොරපෙ', 6),
(531, 'කුරුකුලාව උතුර', 6),
(532, 'කුරුකුවාලව දකුණ', 6),
(533, 'හීන්කෙන්ද', 6),
(534, 'තුඩුවේගෙදර', 6),
(535, 'ගල්උඩුපිට', 6),
(536, 'මත්තුමගල', 6),
(537, 'කෙරඟ පොකුණ', 6),
(538, 'කෙරවලපිටිය', 6),
(539, 'මාටාගොඩ', 6),
(540, 'බලගල', 6),
(541, 'දික්ඕවිට', 6),
(542, 'පල්ලියවත්ත උතුර', 6),
(543, 'එලකන්ද', 6),
(544, 'නායක කන්ද උතුර', 6),
(545, 'මාබෝල', 6),
(546, 'වැලිකඩමුල්ල', 6),
(547, 'වත්තල', 6),
(548, 'හැඳල උතුර', 6),
(549, 'හැඳල දකුණ', 6),
(550, 'නායක කන්ද දකුණ', 6),
(551, 'තිඹිරිගස්යාය', 6),
(552, 'පල්ලියවත්ත දකුණ', 6),
(553, 'කුරැදුහේන', 6),
(554, 'ඇවරිවත්ත', 6),
(555, 'තෙලගපාත', 6),
(556, 'ගල්වැටිය', 6),
(557, 'හේකිත්ත', 6),
(558, 'මහවත්ත', 7),
(559, 'දඩුගම', 7),
(560, 'දෙහියගත උතුර', 7),
(561, 'කුඩහකහපොල උතුර', 7),
(562, 'ගලවත්ත', 7),
(563, 'ඒකල', 7),
(564, 'දෙහියගත දකුණ', 7),
(565, 'කුඩහකහපොල දකුණ', 7),
(566, 'ඒකල කුරැදුවත්ත', 7),
(567, 'විශාකා වත්ත', 7),
(568, 'තුදෙල්ල උතුර', 7),
(569, 'තුඩැල්ල බටහිර', 7),
(570, 'තුඩැල්ල දකුණ', 7),
(571, 'කනුවන', 7),
(572, 'ඇලෙක්සැන්ඩ්‍රා වත්ත', 7),
(573, 'බණ්ඩිගොඩ', 7),
(574, 'යක්කඩුව', 7),
(575, 'නිවන්දම උතුර', 7),
(576, 'නිවන්දම දකුණ', 7),
(577, 'බටගම උතුර', 7),
(578, 'මාඑළිය', 7),
(579, 'ජාඇල', 7),
(580, 'වැලිගම්පිටිය උතුර', 7),
(581, 'ඉදිපිටිය', 7),
(582, 'වේවැල', 7),
(583, 'වැලිගම්පිටිය දකුණ', 7),
(584, 'තුම්පෑලිය', 7),
(585, 'ඉදිමින්න', 7),
(586, 'දොලහේන', 7),
(587, 'හපුගොඩ බටහිර', 7),
(588, 'කපුවත්ත', 7),
(589, 'කලඑළිය', 7),
(590, 'නැදුරුපිටිය', 7),
(591, 'රිළවුල්ල', 7),
(592, 'කදාන නැගෙනහිර', 7),
(593, 'කදාන බටහිර', 7),
(594, 'උස්වත්ත', 7),
(595, 'හපුගොඩ මධ්‍යම', 7),
(596, 'බටගම දකුණ', 7),
(597, 'පොල්පිටිමූකලාන', 7),
(598, 'බටුවත්ත බටහිර', 7),
(599, 'බටුවත්ත නැගෙනහිර', 7),
(600, 'වල්පොල නැගෙනහිර', 7),
(601, 'ජයශ්‍රීගම', 7),
(602, 'හපුගොඩ නැගෙනහිර', 7),
(603, 'නාගොඩ', 7),
(604, 'ජයසමරුගම', 7),
(605, 'පෙරලන්ද', 7),
(606, 'පොඩිවීකුඹුර', 7),
(607, 'වල්පොල බටහිර', 7),
(608, 'නාරන්ගොඩපාළුව බටහිර', 7),
(609, 'නාරන්ගොඩපලුව නැගෙනහිර', 7),
(610, 'තේවත්ත', 7),
(611, 'රාගම', 7),
(612, 'කැටගේවත්ත', 7),
(613, 'දඹුව', 7),
(614, 'රම්පිටිය', 7),
(615, 'මාකෙවිට උතුර', 8),
(616, 'මාකෙවිට දකුණ', 8),
(617, 'මාබිම', 8),
(618, 'ගෝනගහ 2', 8),
(619, 'වැලිකඩ', 8),
(620, 'ගෝනගහ 1', 8),
(621, 'අඹන්විට', 8),
(622, 'කිරිඳිවිට', 8),
(623, 'අකරවිට', 8),
(624, 'පහළගම', 8),
(625, 'මැදගම 2', 8),
(626, 'ඉහළගම බටහිර', 8),
(627, 'ඉහළගම නැගෙනහිර', 8),
(628, 'ගම්පහ අළුත්ගම උතුර', 8),
(629, 'කරනායකමුල්ල', 8),
(630, 'බදුවතුගොඩ', 8),
(631, 'බොරලියවත', 8),
(632, 'තිත්තලපිටිගොඩ', 8),
(633, 'අලුත්ගම බොගමුව උතුර', 8),
(634, 'අලුත්ගම ‍බෝගමුව දකුණ', 8),
(635, 'මහීපාලගොඩ', 8),
(636, 'මොරැන්න', 8),
(637, 'වීදියවත්ත', 8),
(638, 'කෙසෙල්වතුගොඩ උතුර', 8),
(639, 'ඉඳිගොල්ල', 8),
(640, 'ගම්පහ අලුත්ගම බටහිර', 8),
(641, 'බැණ්ඩියමුල්ල උතුර', 8),
(642, 'මැදගම 4', 8),
(643, 'මැදගම 3', 8),
(644, 'මැදගම 1', 8),
(645, 'ඔරුතොට දකුණ', 8),
(646, 'කොස්ඹ්විට', 8),
(647, 'රත්මලවිට', 8),
(648, 'මාකිලන්ගමුව', 8),
(649, 'හොරගොල්ල උතුර', 8),
(650, 'තිබ්බොටු‍‍ගොඩ', 8),
(651, 'මිදෙල්ලවිට', 8),
(652, 'කුඩා බොල්ලත', 8),
(653, 'බොල්ලත උතුර', 8),
(654, 'වේවැල් අගාර', 8),
(655, 'බොල්ලත බටහිර', 8),
(656, 'බොල්ලත දකුණ', 8),
(657, 'බුළුගහගොඩ බටහිර', 8),
(658, 'බුළුගහගොඩ නැගෙනහිර', 8),
(659, 'ගලහිටියාව උතුර', 8),
(660, 'හොරගොල්ල දකුණ', 8),
(661, 'නැදුන', 8),
(662, 'පහළයාගොඩ', 8),
(663, 'ඔරුතොට උතුර', 8),
(664, 'මොරගොඩ 1', 8),
(665, 'බැණ්ඩියමුල්ල බටහිර', 8),
(666, 'කිඩගම්මුල්ල', 8),
(667, 'බැණ්ඩියමුල්ල නැගෙනහිර', 8),
(668, 'ගම්පහ අළුත්ගම නැගෙනහිර', 8),
(669, 'කෙසෙල්වතුගොඩ දකුණ', 8),
(670, 'යක්කල උතුර', 8),
(671, 'ගල්තොටමුල්ල', 8),
(672, 'යක්කල බටහිර', 8),
(673, 'පැපොල්ගහදෙනිය', 8),
(674, 'යක්කල නැගෙනහිර', 8),
(675, 'යක්කල දකුණ', 8),
(676, 'හෙනරත්ගොඩ', 8),
(677, 'මුදුන්ගොඩ බටහිර', 8),
(678, 'මොරගොඩ 2', 8),
(679, 'ඉහල යාගොඩ උතුර', 8),
(680, 'මාහේන', 8),
(681, 'ගනේමුල්ල දකුණ', 8),
(682, 'ගණේමුල්ල උතුර', 8),
(683, 'ගලහිටියාව නැගෙනහිර', 8),
(684, 'ගලහිටියාව දකුණ', 8),
(685, 'කොස්සින්න නැගෙනහිර', 8),
(686, 'අමුණුගොඩ උතුර', 8),
(687, 'ඉහළ යාගොඩ දකුණ', 8),
(688, 'මුදුන්ගොඩ දකුණ', 8),
(689, 'මුදුන්ගොඩ උතුර', 8),
(690, 'ගොඩගෙදර', 8),
(691, 'රතුපස්වල', 8),
(692, 'ගල්ලොලුව', 8),
(693, 'බැලුම්මහර', 8),
(694, 'ඉහළ ඉඹුල්ගොඩ උතුර', 8),
(695, 'ඉහළ ඉඹුල්ගොඩ දකුණ', 8),
(696, 'පහළ ඉබුල්ගොඩ දකුණ', 8),
(697, 'පහළ ඉඹුල්ගොඩ බටහිර', 8),
(698, 'අමුණුගොඩ දකුණ', 8),
(699, 'පරකන්දෙනිය උතුර 1', 8),
(700, 'කොස්සින්න බටහිර 1', 8),
(701, 'කටුවාලමුල්ල උතුර', 8),
(702, 'කොස්සින්න බටහිර 2', 8),
(703, 'කටුවාලමුල්ල දකුණ', 8),
(704, 'පරකන්දෙනිය උතුර 2', 8),
(705, 'පරකන්දෙනිය දකුණ', 8),
(706, 'පහළ ඉඹුල්ගොඩ නැගෙනහිර', 8),
(707, 'ඇඹරළුව උතුර 2', 8),
(708, 'ඇඹරළුව උතුර 1', 8),
(709, 'වැලිවේරිය බටහිර', 8),
(710, 'නැදුන්ගමුව', 8),
(711, 'වැලිවේරිය නැගෙනහිර', 8),
(712, 'වැලිවේරිය උතුර', 8),
(713, 'වැලිවේරිය දකුණ', 8),
(714, 'ඇඹරළුව දකුණ 1', 8),
(715, 'ඇඹරළුව දකුණ 2', 8),
(716, 'එළුවපිටිය බටහිර', 9),
(717, 'එළුවපිටිය', 9),
(718, 'හිරිපිටිය බටහිර', 9),
(719, 'හිරිපිටිය උතුර', 9),
(720, 'හිරිපිටිය මධ්‍යම', 9),
(721, 'හිරිපිටිය නැගෙනහිර', 9),
(722, 'තල්ගස්මොටේ බටහිර', 9),
(723, 'තල්ගස්මොටේ', 9),
(724, 'තල්ගස්මොටේ නැගෙනහිර', 9),
(725, 'උදම්මිට', 9),
(726, 'හුඹුටියාව බටහිර', 9),
(727, 'හුඹුටියාව', 9),
(728, 'පරණ වේයන්ගොඩ', 9),
(729, 'කෝන්ගස්දෙනිය', 9),
(730, 'වෙදගම', 9),
(731, 'කලල්පිටිය', 9),
(732, 'නවගමුව', 9),
(733, 'නාපගොඩ', 9),
(734, 'නිට්ටඹුව දකුණ', 9),
(735, 'නිට්ටඹුව උතුර', 9),
(736, 'නිට්ටඹුව නැගෙනහිර', 9),
(737, 'කොලවත්ත', 9),
(738, 'පත්තලගෙදර නැගෙනහිර', 9),
(739, 'පත්තලගෙදර', 9),
(740, 'හිරිපිටිය දකුණ', 9),
(741, 'වටද්දර', 9),
(742, 'වටද්දර බටහිර', 9),
(743, 'මහලෙගොඩ', 9),
(744, 'මාගලේගොඩ දකුණ', 9),
(745, 'හීන්දෙනිය', 9),
(746, 'පට්ටිගොඩ', 9),
(747, 'වටද්දර දකුණ', 9),
(748, 'පහළ හිරිපිටිය', 9),
(749, 'දන්විලාන', 9),
(750, 'දඩගමුව නැගෙනහිර', 9),
(751, 'පින්නගොල්ල', 9),
(752, 'එගොඩ නිට්ටබුව', 9),
(753, 'හොරගොල්ලගම', 9),
(754, 'නාබාදලූව බටහිර', 9),
(755, 'නම්බාදළුව නැගෙනහිර', 9),
(756, 'රන්පොකුණගම ඒ කලාපය', 9),
(757, 'එල්ලක්කල බටහිර', 9),
(758, 'මාඉඹුල', 9),
(759, 'රන්පොකුණගම ඊ කලාපය', 9),
(760, 'රන්පොකුණගම ඩී කලාපය', 9),
(761, 'රන්පොකුණගම සී කලාපය', 9),
(762, 'රන්පොකුණගම බී කලාපය', 9),
(763, 'මඩුවෙගෙදර', 9),
(764, 'යටියන', 9),
(765, 'ඕර්චඩ් වත්ත', 9),
(766, 'මල්වත්ත', 9),
(767, 'තිහාරිය උතුර', 9),
(768, 'කටුවස්ගොඩ බටහිර', 9),
(769, 'කටුවස්ගොඩ', 9),
(770, 'දඩගමුව', 9),
(771, 'මුඩගමුව', 9),
(772, 'බන්ඩාරබටවල', 9),
(773, 'පිටියෙගෙදර', 9),
(774, 'දරළුව', 9),
(775, 'බෙම්මුල්ල', 9),
(776, 'කන්දඔළුවැව', 9),
(777, 'රනිස්වල', 9),
(778, 'සපුගස්තැන්න', 9),
(779, 'තිරිවානගම දකුණ', 9),
(780, 'තිරිවානගම උතුර', 9),
(781, 'හලගම්පිටිය', 9),
(782, 'කලගෙඩිහේන', 9),
(783, 'තිහාරියගම', 9),
(784, 'තිහාරිය නැගෙනහිර', 9),
(785, 'කලෝටුවාව', 9),
(786, 'කත්තොට', 9),
(787, 'ඔර්චාර්ඩ්වත්ත දකුණ', 9),
(788, 'බෝගොඩ', 9),
(789, 'මාතලාන බස්නාහිර', 9),
(790, 'වතුපිටිවල', 9),
(791, 'වල්පොල', 9),
(792, 'හග්ගල\'ල', 9),
(793, 'එල්ලක්කල', 9),
(794, 'ගොඩගම බටහිර', 9),
(795, 'ගොඩගම', 9),
(796, 'වැලිකඩමුල්ල', 9),
(797, 'කරස්නගල', 9),
(798, 'අලවල', 9),
(799, 'ඇතැඋඩකන්ද', 9),
(800, 'අලවල දකුණ', 9),
(801, 'නිකහැටිකන්ද', 9),
(802, 'කරස්නාගල දකුණ', 9),
(803, 'පල්කුඹුර', 9),
(804, 'පැල්පිට', 9),
(805, 'වලලියද්ද', 9),
(806, 'හග්ගල නැගෙනහිර', 9),
(807, 'දියකඩේ', 9),
(808, 'වෙලගෙදර', 9),
(809, 'කබුරාගල්ල', 9),
(810, 'මාතලාන උතුර', 9),
(811, 'මාතලාන', 9),
(812, 'මීවල', 9),
(813, 'කිත්තම්මහර', 9),
(814, 'තිහාරිය දකුණ', 9),
(815, 'පහල තිහාරිය', 9),
(816, 'තිහාහරිය බටහිර', 9),
(817, 'බෝගමුව', 9),
(818, 'මංගලතිරිය', 9),
(819, 'පිලන්කඩ', 9),
(820, 'බෝනෑගල', 9),
(821, 'මීවල බටහිර', 9),
(822, 'උඩුගොඩ බටහිර', 9),
(823, 'මාතලාන නැගෙනහිර', 9),
(824, 'උදුගොඩ', 9),
(825, 'පන්නිල', 9),
(826, 'හුනුපොල', 9),
(827, 'හල්පන්දෙනිය', 9),
(828, 'ඌරාපොල', 9),
(829, 'වදුරාමුල්ල', 9),
(830, 'දීනපමුනුව බටහිර', 9),
(831, 'දීනපමුනුව', 9),
(832, 'යටවක', 9),
(833, 'සපුගස්තැන්න', 9),
(834, 'බෝපගම', 9),
(835, 'බෝපගම නැගෙනහිර', 9),
(836, 'මීවිටගම්මන', 9),
(837, 'බෝපැත්ත දකුණ', 9),
(838, 'බෝපැත්ත', 9),
(839, 'නාගොඩ', 9),
(840, 'කුරවලන', 9),
(841, 'කහටෝවිට', 9),
(842, 'කහතෝවිට බටහිර', 9),
(843, 'ඕගොඩපොල උතුර', 9),
(844, 'ඕගොඩපොල', 9),
(845, 'කහඔිලිහේන', 9),
(846, 'උඩතුත්තිරිපිටිය', 9),
(847, 'මට්ටාගොඩ', 9),
(848, 'වීරගුල', 9),
(849, 'වීරගුල දකුණ', 9),
(850, 'කොස්කඳවල උතුර', 9),
(851, 'කිරිකිත්තමුල්ල', 9),
(852, 'කිරිකිත්තමුල්ල දකුණ', 9),
(853, 'කොස්කඳවල', 9),
(854, 'ඕපත්ඇල්ල', 9),
(855, 'පරණගම', 9),
(856, 'පරණගම නැගෙනහිර', 9),
(857, 'අරුප්පස්ස', 9),
(858, 'මඩකොටුව බටහිර', 9),
(859, 'මඩකොටුව', 9),
(860, 'රතඹලේ', 9),
(861, 'වල්ගම්මුල්ල', 9),
(862, 'රුවන්පුර', 9),
(863, 'ලාවුලුපිටිය', 9),
(864, 'ගල්බොඩ', 9),
(865, 'දෙමටලන්ද', 9),
(866, 'හප්පිටිය', 9),
(867, 'මේරිලන්ඩ් ජනපදය', 10),
(868, 'ඉදුරුගල්ල', 10),
(869, 'වතුරුගම', 10),
(870, 'බණ්ඩාරනායකපුර බටහිර', 10),
(871, 'බණ්ඩාරනායකපුර නැගෙනහිර', 10),
(872, 'මයිලවලාන', 10),
(873, 'මයිලවලාන දකුණ', 10),
(874, 'තිඹිරිගම', 10),
(875, 'මහල්ලොලුව', 10),
(876, 'ඉහළමිල්ලතෙ', 10),
(877, 'පින්ගමුව', 10),
(878, 'පහළ මිල්ලතෙ', 10),
(879, 'මිල්ලතෙ', 10),
(880, 'කිරිදිවැල', 10),
(881, 'බෝගහවත්ත', 10),
(882, 'රඹුටන්වත්ත', 10),
(883, 'ඇටඹගහවත්ත', 10),
(884, 'කන්නිමහර', 10),
(885, 'රදාවාන උතුර', 10),
(886, 'පාලුපැල්පිට', 10),
(887, 'කිතුලකන්ද', 10),
(888, 'රදාවාන දකුණ', 10),
(889, 'අල්ලියවත්ත', 10),
(890, 'දියවාල උතුර', 10),
(891, 'දියවාල', 10),
(892, 'මැද්දෙගම', 10),
(893, 'උඩගම', 10),
(894, 'විහාරකුඹුර', 10),
(895, 'කුට්ටිවිල', 10),
(896, 'තල්ගස්වත්ත', 10),
(897, 'කැන්දගොල්ල', 10),
(898, 'උඩවෙල', 10),
(899, 'කිරිමැටියවත්ත', 10),
(900, 'හිස්වැල්ල', 10),
(901, 'කිරිවාන', 10),
(902, 'මැද්දෙගම උතුර', 10),
(903, 'මැද්දෙගම දකුණ', 10),
(904, 'වේරහැර', 10),
(905, 'පල්ලෙගම දකුණ', 10),
(906, 'පල්ලේගම', 10),
(907, 'අනුරගොඩ', 10),
(908, 'වේරළුගම්පල', 10),
(909, 'නැදුන්ගොල්ල දකුණ', 10),
(910, 'නැදුන්ගොල්ල', 10),
(911, 'නන්දාරාම පෙදෙස', 10),
(912, 'මන්ඩාවල උතුර', 10),
(913, 'මාවත', 10),
(914, 'පරකඩමුල්ල', 10),
(915, 'නාකදපොල', 10),
(916, 'කෑරගල', 10),
(917, 'වැලිකැටියවත්ත', 10),
(918, 'කුරුදුහේන', 10),
(919, 'බදුවත්ත', 10),
(920, 'මණ්ඩාවල දකුණ', 10),
(921, 'අනුරගොඩ දකුණ', 10),
(922, 'වල්පොල', 10),
(923, 'පැපිලියවල', 10),
(924, 'ගනිහගම උතුර', 10),
(925, 'වටවල', 10),
(926, 'මීතිරිගල', 10),
(927, 'පොල්හේන', 10),
(928, 'ගනිහගම දකුණ', 10),
(929, 'දන්ගල්ල උතුර', 10),
(930, 'මැණික්ලන්ද', 10),
(931, 'පැල්පිට', 10),
(932, 'පුංචි මන්ඩාවල', 10),
(933, 'වහරක', 10),
(934, 'පුටුපාගල', 10),
(935, 'වල්අරඹ', 10),
(936, 'දෙමලගම', 10),
(937, 'හැළුම්මහර', 10),
(938, 'පනන්වල', 10),
(939, 'එගොඩ පැලහැල', 10),
(940, 'පැලහැල', 10),
(941, 'මදුරාව', 10),
(942, 'කජුගස්වත්ත', 10),
(943, 'ඉහල ලුණුගම', 10),
(944, 'මීගහව්ත්ත', 10),
(945, 'යකඹේ', 10),
(946, 'පට්ටියගම', 10),
(947, 'දන්ගල්ල', 10),
(948, 'රන්වල', 10),
(949, 'වෙදගම', 10),
(950, 'උඩුගම', 10),
(951, 'උඩුකනම්පැල්ල දකුණ', 10),
(952, 'උඩුකනම්පැල්ල', 10),
(953, 'සෙනසුන්ගොඩ', 10),
(954, 'පූගොඩ', 10),
(955, 'බංගලාවත්ත', 10),
(956, 'කුමාරිමුල්ල', 10),
(957, 'ඔවිටගම', 10),
(958, 'පරතාපකන්ද', 10),
(959, 'දෑතෑමුල්ල', 10),
(960, 'පහල ලුණුගම', 10),
(961, 'වනළුවාව උතුර', 10),
(962, 'තෙල්කැකුණ', 10),
(963, 'ඉන්දොලමුල්ල', 10),
(964, 'පරංගොඩ', 10),
(965, 'නාමළුව', 10),
(966, 'දෙකටන', 10),
(967, 'නාරම්පොල', 10),
(968, 'කළුකොඳයාව බටහිර', 10),
(969, 'කළුකොදයාව නැගෙනහිර', 10),
(970, 'ගල්වලගොඩ', 10),
(971, 'ගනේගොඩ', 10),
(972, 'දොම්පෙ', 10),
(973, 'ඉද්දමල්දෙනිය', 10),
(974, 'ගුරුවල', 10),
(975, 'එගොඩ ගුරුවල', 10),
(976, 'වානළුවාව දකුණ', 10),
(977, 'ගිරිදර බටහිර', 10),
(978, 'ගල්පොතුගොඩ', 10),
(979, 'නිකවල', 10),
(980, 'කපුගොඩ', 10),
(981, 'ගිරිදර', 10),
(982, 'මාලද නැගෙනහිර', 10),
(983, 'මාලිද', 10),
(984, 'පාලුගම', 10),
(985, 'දේගවත්ත', 10),
(986, 'පහල දොම්පෙ', 10),
(987, 'මල්වාන', 10),
(988, 'පහළ මාපිටිගම', 10),
(989, 'මොරහේන', 10),
(990, 'කිඹුල්විලවත්ත', 10),
(991, 'උඩමාපිටිගම', 10),
(992, 'උඩමාපිටිගම දකුණ', 10),
(993, 'පාලුගම බටහිර', 10),
(994, 'වේල්ගම', 10),
(995, 'ලන්සියාහේන', 10),
(996, 'සමණබැද්ද උතුර', 10),
(997, 'මහවලවත්ත', 10),
(998, 'තිත්තපත්තර', 10),
(999, 'සමනබැද්ද', 10),
(1000, 'කිඹුල්ගොඩ', 11),
(1001, 'පිටුවල්ගොඩ', 11),
(1002, 'කිනීගම', 11),
(1003, 'මාහරගම', 11),
(1004, 'සිවුරළුමුල්ල', 11),
(1005, 'පිලිකුත්තුව', 11),
(1006, 'යොන්ගම්මුල්ල', 11),
(1007, 'අඹගස්පිටිය', 11),
(1008, 'වරපලාන', 11),
(1009, 'කඳුමුල්ල', 11),
(1010, 'පස්ගම්මන', 11),
(1011, 'මාළිගාතැන්න', 11),
(1012, 'බටේපොල උතුර', 11),
(1013, 'බටේපොල', 11),
(1014, 'අමුණුකුඹුර', 11),
(1015, 'මල්වතුහිරිපිටිය', 11),
(1016, 'බුත්පිටිය උතුර', 11),
(1017, 'ඌරුවල නැගෙනහිර', 11),
(1018, 'ඌරුවල බටහිර', 11),
(1019, 'බුත්පිටිය දකුණ', 11),
(1020, 'නීලමහර උතුර', 11),
(1021, 'නීලමහර දකුණ', 11),
(1022, 'අරමංගොඩ උතුර', 11),
(1023, 'පුවක්පිටිය', 11),
(1024, 'අමුණුකුඔූර දකුණ', 11),
(1025, 'බලිවිල', 11),
(1026, 'විළිඹුල උතුර', 11),
(1027, 'විළිඹුල දකුණ', 11),
(1028, 'අරමංගොඩ', 11),
(1029, 'කහටාන', 11),
(1030, 'හේනේගම', 11),
(1031, 'ඇටිකෙහෙල්ගල්ල නැගෙනහිර', 11),
(1032, 'ඇටිකෙහෙල්ගල්ල බටහිර', 11),
(1033, 'කිරිකිත්ත උතුර', 11),
(1034, 'කිරිකිත්ත නැගෙනහිර', 11),
(1035, 'කිරිකිත්ත බටහිර', 11),
(1036, 'අහුගම්මන', 11),
(1037, 'නාරන්වල දකුණ', 11),
(1038, 'නාරන්වල', 11),
(1039, 'උඩුපිල නැගෙනහිර', 11),
(1040, 'උඩුපිල දකුණ', 11),
(1041, 'උඩුපිල උතුර', 11),
(1042, 'වෑබඩ දකුණ', 11),
(1043, 'වෑබඩ උතුර', 11),
(1044, 'වෑබඩ බටහිර', 11),
(1045, 'කිරිල්ලවල උතුර', 11),
(1046, 'කිරිල්ලවල', 11),
(1047, 'කිරිල්ලවල බටහිර', 11),
(1048, 'සූරියපලුව උතුර', 11),
(1049, 'කැන්දලියද්දපාළුව නැගෙනහිර', 11),
(1050, 'කැන්දලියද්දපාළුව උතුර', 11),
(1051, 'දංගහවෙල', 11),
(1052, 'කැන්දලියද්දපාළුව බටහිර', 11),
(1053, 'මහර නුගේගොඩ උතුර', 11),
(1054, 'මහර නුගේගොඩ බටහිර', 11),
(1055, 'මහර නුගේගොඩ නැගෙනහිර', 11),
(1056, 'සූරියපාලුව නැගෙනහිර', 11),
(1057, 'සූරියපාලුව දකුණ', 11),
(1058, 'රන්මුතුගල', 11),
(1059, 'කිරිල්ලවල දකුණ', 11),
(1060, 'වෑබඩ නැගෙනහිර', 11),
(1061, 'ගෝනහේන නැගෙනහිර', 11),
(1062, 'ගෝනහේන උතුර', 11),
(1063, 'ගෝනහේන දකුණ', 11),
(1064, 'ගෝනහේන බටහිර', 11),
(1065, 'ඇල්දෙනිය නැගෙනහිර', 11),
(1066, 'ඇල්දෙනිය බටහිර', 11),
(1067, 'පුවක්වැටිය', 11),
(1068, 'ඉහල කරගහමුණ දකුණ', 11),
(1069, 'ඉහල කරගහමුණ නැගෙනහිර', 11),
(1070, 'ඉහල කරගහමුණ උතුර', 11),
(1071, 'මහර නුගේගොඩ දකුණ', 11),
(1072, 'නෙලිගම', 11),
(1073, 'පහල කරගහමුණ උතුර', 11),
(1074, 'පහල කරගහමුණ නැගෙනහිර', 11),
(1075, 'පහල කරගහමුණ බටහිර', 11),
(1076, 'කෝපිවත්ත', 11),
(1077, 'දළුපිටිය නැගෙනහිර', 11),
(1078, 'කිරිමැටියාගාර', 11),
(1079, 'දළුපිටිය දකුණ', 11),
(1080, 'දළුපිටිය බටහිර', 11),
(1081, 'පින්නමැද බටහිර', 11),
(1082, 'ගොංගිතොට', 11),
(1083, 'අප්පුගෙවත්ත', 11),
(1084, 'ගොංගිතොට බටහිර', 11),
(1085, 'එඩේරමුල්ල දකුණ', 11),
(1086, 'එඩේරමුල්ල නැගෙනහිර', 11),
(1087, 'පින්නමැද', 11),
(1088, 'නාතුඩුව', 11),
(1089, 'එඩේරමුල්ල බටහිර', 11),
(1090, 'නාතුඩුව බටහිර', 11),
(1091, 'අක්බාර් නගරය', 11),
(1092, 'වෙලේගොඩ', 12),
(1093, 'හුනුපිටිය උතුර', 12),
(1094, 'නාහේන', 12),
(1095, 'ඊරියවැටිය', 12),
(1096, 'කිරිබත්ගොඩ', 12),
(1097, 'තලවතුහේන්පිට උතුර', 12),
(1098, 'තලවතුහේන්පිට දකුණ', 12),
(1099, 'කැන්දහේන', 12),
(1100, 'එගොඩ ඊරියවැටිය', 12),
(1101, 'හුනුපිටිය නැගෙනහිර', 12),
(1102, 'හුනුපිටිය දකුණ', 12),
(1103, 'වනවාසල බටහිර', 12),
(1104, 'වනවාසල නැගෙනහිර', 12),
(1105, 'දිප්පිටිගොඩ', 12),
(1106, 'වේවැල්දූව', 12),
(1107, 'වරාකනත්ත', 12),
(1108, 'කොහොල්විල', 12),
(1109, 'දළුගම්ගොඩ', 12),
(1110, 'නුංගමුගොඩ', 12),
(1111, 'දළුගම', 12),
(1112, 'හිඹුටුවැල්ගොඩ', 12),
(1113, 'පට්ටිය නැගෙනහිර', 12),
(1114, 'පට්ටිය උතුර', 12),
(1115, 'මීගහවත්ත', 12),
(1116, 'පෑලියගොඩවත්ත', 12),
(1117, 'පෑලියගොඩ ගගබඩ', 12),
(1118, 'පෑලියගොඩ ගගබඩ නැගෙනහිර', 12),
(1119, 'පට්ටිය බටහිර', 12),
(1120, 'වෙදමුල්ල', 12),
(1121, 'ගල්බොරැල්ල', 12),
(1122, 'පොල්හේන', 12),
(1123, 'කැළණිය', 12),
(1124, 'සිංහාරමුල්ල උතුර', 12),
(1125, 'පිලපිටිය', 12),
(1126, 'පෙතියාගොඩ', 12),
(1127, 'මෑවෑල්ල', 12),
(1128, 'සිංහාරමුල්ල', 12),
(1129, 'පහළ බියන්විල නැගෙනහිර', 13),
(1130, 'ඉහළ බියන්විල උතුර', 13),
(1131, 'ඉහළ බියන්විල මධ්‍යම', 13),
(1132, 'මාවරමණ්ඩිය', 13),
(1133, 'මීගහවත්ත බටහිර', 13),
(1134, 'මීගහවත්ත නැගෙනහිර', 13),
(1135, 'කම්මල්වත්ත', 13),
(1136, 'දෙල්ගොඩ', 13),
(1137, 'අතුරුමුල්ල', 13),
(1138, 'කදුබොඩ නැගෙනහිර', 13),
(1139, 'කදුබොඩ බටහිර', 13),
(1140, 'සියඔලාපෙ වත්ත', 13),
(1141, 'දරණගම', 13),
(1142, 'සියඔලාපෙ උතුර', 13),
(1143, 'හෙයියන්තුඩුව උතුර', 13),
(1144, 'මාකොළ දකුණ ඉහළ', 13),
(1145, 'මාකොළ උතුර ඉහළ', 13),
(1146, 'මාකොළ උතුර මධ්‍යම', 13),
(1147, 'පහළ බියන්විල බටහිර', 13),
(1148, 'පහළ බියන්විල මධ්‍යම', 13),
(1149, 'මාකොළ උතුර පහළ', 13),
(1150, 'මාකොළ දකුණ පහළ', 13),
(1151, 'පමුණුවිල', 13),
(1152, 'ගෝනවල නැගෙනහිර', 13),
(1153, 'සපුගස්කන්ද', 13),
(1154, 'හෙයියන්තුඩුව බටහිර', 13),
(1155, 'හෙයියන්තුඩුව නැගෙනහිර', 13),
(1156, 'සියඔලාපෙ දකුණ', 13),
(1157, 'යටිහේන', 13),
(1158, 'උලහිටිවල', 13),
(1159, 'වල්ගම බටහිර', 13),
(1160, 'බියගම උතුර', 13),
(1161, 'බියගම බටහිර', 13),
(1162, 'හෙයියන්තුඩුව දකුණ', 13),
(1163, 'මාබිම නැගෙනහිර', 13),
(1164, 'මාබිම බටහිර', 13),
(1165, 'පට්ටිවිල උතුර', 13),
(1166, 'ගෝනවල මධ්‍යම', 13),
(1167, 'ගලඒදණ්ඩ', 13),
(1168, 'ගෝනවල බටහිර', 13),
(1169, 'තල්වත්ත', 13),
(1170, '‍බොල්ලෑගල', 13),
(1171, 'පට්ටිවිල දකුණ', 13),
(1172, 'බියගම දකුණ', 13),
(1173, 'බියගම නැගෙනහිර', 13),
(1174, 'යබරළුව උතුර', 13),
(1175, 'යබරළුව දකුණ', 13),
(1176, 'මල්වාන නගරය', 13),
(1177, 'වල්ගම නැගෙනහිර', 13);

-- --------------------------------------------------------

--
-- Table structure for table `hambantota`
--

CREATE TABLE `hambantota` (
  `gncode` int(3) NOT NULL,
  `gnname` varchar(21) DEFAULT NULL,
  `divsec` int(2) DEFAULT NULL
) ENGINE=InnoDB DEFAULT CHARSET=utf8;

--
-- Dumping data for table `hambantota`
--

INSERT INTO `hambantota` (`gncode`, `gnname`, `divsec`) VALUES
(1, 'ඉහල කුඹුක්වැව', 1),
(2, 'මහගල්වැව', 1),
(3, 'මීගහ ජඳුර', 1),
(4, 'රන්මුදුවැව', 1),
(5, 'වැලිවැව', 1),
(6, 'සුරුවිරුගම', 1),
(7, 'සමාජසේවාපුර', 1),
(8, 'වීරියගම', 1),
(9, 'හත්පෝරුව', 1),
(10, 'වෙනිවැල් ආර', 1),
(11, 'අලිඔලුආර', 1),
(12, 'සූරියවැව නගරය', 1),
(13, 'විහාරගල', 1),
(14, 'බැද්දේවැව', 1),
(15, 'මහවැලිකඩ ආර', 1),
(16, 'අන්දරවැව', 1),
(17, 'නමඩගස්වැව', 1),
(18, 'මහපෑලැස්ස', 1),
(19, 'බැඳිගංතොට', 1),
(20, 'හබරත්තවල', 1),
(21, 'වැඳිවැව', 1),
(22, 'මහඅලුත්ගම්ආර', 2),
(23, 'අඟුණකොළවැව', 2),
(24, 'වෙහෙරගල', 2),
(25, 'රණවරණාව', 2),
(26, 'දෙව්රම්වෙහෙර', 2),
(27, 'බෝගහවැව', 2),
(28, 'පඬව්ගම', 2),
(29, 'පුංචිඅප්පුජඳුර', 2),
(30, 'ලුණුගම්වෙහෙර නව නගරය', 2),
(31, 'සීනිමුන්න', 2),
(32, 'කැන්දගස්මංකඩ', 2),
(33, 'මහානාගපුර', 2),
(34, 'මුවන්වැව', 2),
(35, 'වීරවිල් ආර', 2),
(36, 'ඉත්තන්වෑකඩ', 2),
(37, 'මත්තල', 2),
(38, 'පහළ මත්තල', 2),
(39, 'මිහිඳුපුර', 2),
(40, 'අභයපුර', 2),
(41, 'සිංහපුර', 2),
(42, 'සේනපුර', 2),
(43, 'අග්බෝපුර', 2),
(44, 'කරඹවැව', 2),
(45, 'රඹුක්වැව', 2),
(46, 'කිර්තිපුර', 2),
(47, 'සමන්පුර', 2),
(48, 'රණසිරිපුර', 2),
(49, 'වීරවිල', 2),
(50, 'වැළිගත්ත', 2),
(51, 'බෙරලිහෙල', 2),
(52, 'දුටුගැමුණුපුර', 2),
(53, 'ජයගම', 2),
(54, 'පරාක්‍රමපුර', 2),
(55, 'සද්ධාතිස්සපුර', 2),
(56, 'සද්ධාතිස්සපුර නව නගරය', 2),
(57, 'සාළියපුර', 2),
(58, 'කාවන්තිස්සපුර', 3),
(59, 'කිරින්ද', 3),
(60, 'උද්දකන්දර', 3),
(61, 'ජුල්පල්ලම', 3),
(62, 'වීරහෙල', 3),
(63, 'විජිතපුර', 3),
(64, 'ඇල්ලගල', 3),
(65, 'අංජලිගල', 3),
(66, 'පන්නගමුව', 3),
(67, 'දඹේවැලෑන', 3),
(68, 'මහින්දපුර', 3),
(69, 'ගැමුණුපුර', 3),
(70, 'එකමුතුගම', 3),
(71, 'සදු‍න්ගම', 3),
(72, 'දෙබරවැව', 3),
(73, 'කච්චේරියගම', 3),
(74, 'සඳගිරිපුර', 3),
(75, 'මහසෙන්පුර', 3),
(76, 'ශුද්ධ නගරය', 3),
(77, 'මැදවැලැන', 3),
(78, 'රෝහණපුර', 3),
(79, 'සේනපුර', 3),
(80, 'ගඟසිරිපුර', 3),
(81, 'පොල්ගහවැලෑන', 3),
(82, 'රන්දුණුවත්ත', 3),
(83, 'මොලකේපෝපතාන', 3),
(84, 'තිස්සපුර', 3),
(85, 'උඩුවිල', 3),
(86, 'රබර්වත්ත', 3),
(87, 'තිස්සමහාරාමය', 3),
(88, 'ගෝඨාභයපුර', 3),
(89, 'රණකෙළිය', 3),
(90, 'විහාරමහාදේවිපුර', 3),
(91, 'යෝදකණ්ඩිය', 3),
(92, 'වැළිපොතේවෙල', 3),
(93, 'හල්මිල්ලාව', 3),
(94, 'රත්නෙළුම්වලයාය', 3),
(95, 'ගෝණගමුව', 3),
(96, 'සාලියපුර', 3),
(97, 'නැදිගම්විල', 3),
(98, 'විජයපුර', 3),
(99, 'කෝන්වැලෑන', 3),
(100, 'මාගම', 3),
(101, 'අන්දරගස්යාය', 3),
(102, 'එලල්ල', 4),
(103, 'කැටන්වැව', 4),
(104, 'තම්මැන්නාව', 4),
(105, 'බඳගිරිය', 4),
(106, 'යහංගල නැගෙනහිර', 4),
(107, 'ජුල්ගමුව', 4),
(108, 'යහන්ගල බටහිර', 4),
(109, 'කෑලියපුර', 4),
(110, 'ගොන්නොරුව', 4),
(111, 'බැල්ලගස්වැව', 4),
(112, 'ගල්වැව', 4),
(113, 'සියඹළාගස්විල දකුණ', 4),
(114, 'සියඹළාගස්විල උතුර', 4),
(115, 'උඩ බැරගම', 4),
(116, 'අරවනමුල්ල', 4),
(117, 'පහළ බෙිරේගම', 4),
(118, 'දෙහිගහලන්ද', 4),
(119, 'වලව', 4),
(120, 'ගොඩවාය', 4),
(121, 'සිසිලසගම', 4),
(122, 'මණ්ජාව', 4),
(123, '‍‍සමෝදාගම', 4),
(124, 'මිරිජ්ජවිල', 4),
(125, 'හමිබන්තොට බටහිර', 4),
(126, 'හමිබන්තොට නැගනහිර', 4),
(127, 'සිරිබෝපුර', 4),
(128, '‍‍‍කොහොලන්කල', 4),
(129, 'පල්ලේමල ල', 4),
(130, 'බුන්දල', 4),
(131, 'සිරියගම', 4),
(132, 'සියඹලාකොටේ', 5),
(133, 'බරවකුඹුක', 5),
(134, 'තාලිගල', 5),
(135, 'ලියන්ගස්තොට', 5),
(136, 'වැටිය', 5),
(137, 'මුරවැසිහේන', 5),
(138, 'මහජඳුර', 5),
(139, 'හඳුන්කටුව', 5),
(140, 'රොටේ', 5),
(141, 'හැඩවින්න', 5),
(142, 'රිදියගම', 5),
(143, 'පුංචිහේනයාගම', 5),
(144, 'පොලියර්වත්ත', 5),
(145, 'ගොඩකොග්ගල', 5),
(146, 'කොග්ගල්ල', 5),
(147, 'මොදරපිළිවේල', 5),
(148, 'බෝලාන උතුර', 5),
(149, 'ජංසගම', 5),
(150, 'මාමඩල දකුණ', 5),
(151, 'මාමඩල උතුර', 5),
(152, 'ඇත්බටුව', 5),
(153, 'මුළන', 5),
(154, 'එරමිණියාය', 5),
(155, 'ඉහලගම', 5),
(156, 'දෙනිය', 5),
(157, 'ඇලේගොඩ බටහිර', 5),
(158, 'ඇලේගොඩ නැගෙනහිර', 5),
(159, 'බැමිණියන්විල', 5),
(160, 'වලවෙවත්ත බටහිර', 5),
(161, 'වලවෙවත්ත නැගෙනහිර', 5),
(162, 'බෝලාන දකුණ', 5),
(163, 'කුඩා බෝලාන', 5),
(164, 'පළුගහගොඩැල්ල', 5),
(165, 'රොටවල', 5),
(166, 'උහපිටගොඩ', 5),
(167, 'මිණිඇතිලිය', 5),
(168, 'පිංගම', 5),
(169, 'පල්ලේගම', 5),
(170, 'හුංගම', 5),
(171, 'බටඅත උතුර', 5),
(172, 'බටඅත දකුණ', 5),
(173, 'හාතගල', 5),
(174, 'කිවුල දකුණ', 5),
(175, 'කිවුල උතුර', 5),
(176, 'ලුණම උතුර', 5),
(177, 'ලුණම දකුණ', 5),
(178, 'නෝනගම', 5),
(179, 'එක්කස්ස', 5),
(180, 'වැලිපටන්විල', 5),
(181, 'මල්පෙත්තාව', 5),
(182, 'පුහුල්යාය', 5),
(183, 'අම්බලන්තොට උතුර', 5),
(184, 'අම්බලන්තොට දකුණ', 5),
(185, 'වාඳුරුප්ප', 5),
(186, 'තවාළුවිල', 5),
(187, 'කාරියමඩිත්ත', 6),
(188, 'දබරැල්ල උතුර', 6),
(189, 'රත්මල්වල', 6),
(190, 'කයිලවැල්පෝටාව', 6),
(191, 'කැන්දකැටිය', 6),
(192, 'දබරැල්ල දකුණ', 6),
(193, 'තලාව උතුර', 6),
(194, 'තලාව දකුණ', 6),
(195, 'දෙබොක්කාව දකුණ', 6),
(196, 'දෙබොක්කාව උතුර', 6),
(197, 'උස්වැව', 6),
(198, 'මැටිගත්වල', 6),
(199, 'අමරතුංගම', 6),
(200, 'සූරියපොකුණ', 6),
(201, 'පහලගම', 6),
(202, 'කොහොඹගස්වැව', 6),
(203, 'දික්වැව', 6),
(204, 'අබේසේකරගම', 6),
(205, 'කලවැල්වල', 6),
(206, 'මැද ආර', 6),
(207, 'බිංකම', 6),
(208, 'කරගහවල', 6),
(209, 'දන්දෙනිගම', 6),
(210, 'ගුරුවල', 6),
(211, 'වීරගස්වැව', 6),
(212, 'ගජනායකගම', 6),
(213, 'මැදගොඩ', 6),
(214, 'දිඹුල්ගොඩ', 6),
(215, 'අත්තනයාල නැගෙනහිර', 6),
(216, 'අත්තනයාල බටහිර', 6),
(217, 'වකමුල්ල', 6),
(218, 'හීන්බුන්න', 6),
(219, 'මකුලදෙනිය', 6),
(220, 'උඩයාල', 6),
(221, 'මැදයාල', 6),
(222, 'බෝගමුව', 6),
(223, 'දහඅමුන', 6),
(224, 'ජූලමුල්ල', 6),
(225, 'ජඳුර', 6),
(226, 'හැලේකඩ', 6),
(227, 'අලුත්වැව', 6),
(228, 'කංකානම්ගම', 6),
(229, 'ආචාරියාගම', 6),
(230, 'අගුණකොළපෑලැස්ස', 6),
(231, 'යකාගල', 6),
(232, 'ගුරුන්නැහෙගෙආර', 6),
(233, 'කොටවාය', 6),
(234, 'නෙටලපෝරුව', 6),
(235, 'හකුරුවෙල', 6),
(236, 'ඉදිගැටවෙල', 6),
(237, 'තලම්පෝරුව', 6),
(238, 'මුලන්යාය', 7),
(239, 'හඳපාන්ගල අයින', 7),
(240, 'හීල්ලගෙ අයින', 7),
(241, 'කුඩගල්ආර', 7),
(242, 'ඕකන්දයාය උතුර', 7),
(243, 'ඕකන්දයාය බටහිර', 7),
(244, 'කලුවගහයාය', 7),
(245, 'ඉහල ගෝනදෙනිය', 7),
(246, 'දෙබොක්කාව බටහිර', 7),
(247, 'දෙබොක්කාව නැගෙනහිර', 7),
(248, 'වෑකඳවල උතුර', 7),
(249, 'පහල ගෝනදෙණිය', 7),
(250, 'කුඩාබිබුල උතුර', 7),
(251, 'ගල්පොත්තයාය උතුර', 7),
(252, 'ගල්පොත්තයාය දකුණ', 7),
(253, 'මල්හේවගේ අයින', 7),
(254, 'කදමඩිත්ත', 7),
(255, 'මීගස් ආර', 7),
(256, 'කුඩා බිබුල දකුණ', 7),
(257, 'අඹකොලවැව දකුණ', 7),
(258, 'අඹකොලවැව උතුර', 7),
(259, 'මොරයාය උතුර', 7),
(260, 'මොරයාය දකුණ', 7),
(261, 'කෙමේගල', 7),
(262, 'වෑකඳවල දකුණ', 7),
(263, 'තෙළඹුයාය', 7),
(264, 'සියඹලාහැද්දෑව', 7),
(265, 'දෙගම්පොත', 7),
(266, 'කිංචිගුනේ බටහිර', 7),
(267, 'මැදගම', 7),
(268, 'රළුව', 7),
(269, 'කිංචිගුනේ දකුණ', 7),
(270, 'කිංචිගුනේ නැගෙනහිර', 7),
(271, 'මැදමූලන', 7),
(272, 'යක්ගස්මුල්ල', 7),
(273, 'උඩුකිරිවිල', 7),
(274, 'බුද්ධියාගම උතුර', 7),
(275, 'කැප්පිටියාව උතුර', 7),
(276, 'ඉත්තදෙමලිය නැගෙනහිර', 7),
(277, 'ඉත්තදෙමලිය බටහිර', 7),
(278, 'ඉත්තදෙමලිය දකුණ', 7),
(279, 'අතුබොදේ බටහිර', 7),
(280, 'අතුබොදේ නැගෙනහිර', 7),
(281, 'කැප්පිටියාව දකුණ', 7),
(282, 'බුද්ධියාගම බටහිර', 7),
(283, 'බුද්ධියාගම නැගෙනහිර', 7),
(284, 'වීරකැටිය බටහිර', 7),
(285, 'මණ්ඩාඩුව', 7),
(286, 'අග්‍රහැර', 7),
(287, 'වීරකැටිය නැගෙනහිර', 7),
(288, 'මුල්ගිරිගල නැගෙනහිර', 7),
(289, 'මුල්ගිරිගල උතුර', 7),
(290, 'මුල්ගිරිගල බටහිර', 7),
(291, 'මුල්ගිරිගල දකුණ', 7),
(292, 'බැදිගම බටහිර', 7),
(293, 'බැදිගම උතුර', 7),
(294, 'බැදිගම නැගෙනහිර', 7),
(295, 'බැදිගම දකුණ', 7),
(296, 'කුඩාබැදිගම', 7),
(297, 'මැදගොඩ', 7),
(298, 'කරිවිලකන්ද', 8),
(299, 'මැදකන්ද', 8),
(300, 'හිඟුරකන්ද', 8),
(301, 'උඩ අළුපොත්දෙනිය', 8),
(302, 'පහල අළුපොත්දෙනිය', 8),
(303, 'කොහොම්පෝරුව', 8),
(304, 'ගඟුලන්දෙනිය', 8),
(305, 'අඹගස්ආර', 8),
(306, 'ලබුහේන්ගොඩ', 8),
(307, 'සපුගහයාය', 8),
(308, 'හෙල්ලල', 8),
(309, 'මිද්දෙනිය උතුර', 8),
(310, 'මිද්දෙනිය නැගෙනහිර', 8),
(311, 'කූඩාගොඩ බටහිර', 8),
(312, 'කූඩගොඩ නැගෙනහිර', 8),
(313, 'දඹේතලාව', 8),
(314, 'මුරුංගස්යාය නැගෙනහිර', 8),
(315, 'මුරුංගස්යාය බටහිර', 8),
(316, 'මිද්දෙනිය බටහිර', 8),
(317, 'වැලිපිටිය නැගෙනහිර', 8),
(318, 'වැලිපිටිය', 8),
(319, 'වැලිපිටිය බටහිර', 8),
(320, 'රිටිගහයාය', 8),
(321, 'තල්වත්ත', 8),
(322, 'මීමණකොළදෙනිය', 8),
(323, 'සියඹලාමුරය', 8),
(324, 'උඩවෙල්මුල්ල', 8),
(325, 'සියාරපිටිය', 8),
(326, 'කෙසෙල්වත්ත', 8),
(327, 'උඩගොමඩිය', 8),
(328, 'බෙංගමුකන්ද', 8),
(329, 'දංගලකන්ද', 8),
(330, 'රුක්මල්පිටිය', 8),
(331, 'ගල්ලිඳමුල්ල', 8),
(332, 'කටුවන', 8),
(333, 'පන්ගම්විලයාය', 8),
(334, 'උලහිටියාව බටහිර', 8),
(335, 'උලහිටියාව', 8),
(336, 'උලහිටියාව නැගෙනහිර', 8),
(337, 'ආඳළුගොඩ', 8),
(338, 'මෑල්ලකැටිගොඩ', 8),
(339, 'ආරබොඩ', 8),
(340, 'හොරවින්න', 8),
(341, 'හැඩිවත්ත', 8),
(342, 'වීරක්කුට්ටිගොඩ', 8),
(343, 'රණසිංගොඩ', 8),
(344, 'ඕබඩගහදෙනිය', 8),
(345, 'වතුකන්ද', 8),
(346, 'කෝන්ගස්තැන්න', 8),
(347, 'ගල්පොතුකන්ද', 8),
(348, 'අඹගහහේන', 8),
(349, 'කරමැටිය', 8),
(350, 'පුවක්ගස් ආර', 8),
(351, 'බින්තැන්න', 8),
(352, 'බුකැන්දයාය', 8),
(353, 'වල්ගම්මුල්ල', 8),
(354, 'කණුමුල්දෙණිය උතුර', 9),
(355, 'ඔළුආර', 9),
(356, 'කණුමුල්දෙණිය බටහිර', 9),
(357, 'නැගෙනහිර කණුමුල්දෙණිය', 9),
(358, 'උඩදෙණිය', 9),
(359, 'කුරුඳුවත්ත', 9),
(360, 'සුමිහිරිගම', 9),
(361, 'රාජපුරගොඩ', 9),
(362, 'විජයසිරිපුර', 9),
(363, 'මොරකන්දගොඩ', 9),
(364, 'කඩිගමුව නැගෙනහිර', 9),
(365, 'පහල තලහගම්වාඩුව', 9),
(366, 'ඉහල තලහගම්වාඩුව', 9),
(367, 'නතුවල', 9),
(368, 'කන්දේබැද්ද', 9),
(369, 'ගොඩවැන්න', 9),
(370, 'කහටැල්ලගොඩ', 9),
(371, 'කණුමුල්දෙණිය දකුණ', 9),
(372, 'කඩිගමුව බටහිර', 9),
(373, 'වාව්ව', 9),
(374, 'මොදරවාන උතුර', 9),
(375, 'මොදරවාන දකුණ', 9),
(376, 'ඕකෙවෙල', 9),
(377, 'හීනටිහතමුණ', 9),
(378, 'පල්ලෙ වාව්ව', 9),
(379, 'යටිගල පහල', 9),
(380, 'යටිගල ඉහල', 9),
(381, 'මාලිගාතැන්න', 10),
(382, 'උඩුගල්මොටේගම', 10),
(383, 'පල්ලත්තර බටහිර', 10),
(384, 'පල්ලත්තර දකුණ', 10),
(385, 'පල්ලත්තර නැගෙනහිර', 10),
(386, 'නුගේවෙල', 10),
(387, 'ඉහල බෙලිගල්ල නැගෙනහිර', 10),
(388, 'වාඩිය', 10),
(389, 'ඉහල බෙලිගල්ල බටහිර', 10),
(390, 'බෙලිගල්ල උතුර', 10),
(391, 'බෙලිගල්ල දකුණ', 10),
(392, 'දම්මුල්ල නැගෙනහිර', 10),
(393, 'දම්මුල්ල බටහිර', 10),
(394, 'පට්ටියවෙල', 10),
(395, 'තාරපේරිය', 10),
(396, 'නිහිළුව බටහිර', 10),
(397, 'ඉඳිකැටියගොඩ', 10),
(398, 'නිහිළුව නැගෙනහිර', 10),
(399, 'වහරක්ගොඩ උතූර', 10),
(400, 'වහරක්ගොඩ දකුණ', 10),
(401, 'කහවත්ත', 10),
(402, 'කොස්ගහගොඩ', 10),
(403, 'අගුල්මඩුව', 10),
(404, 'අරන්වෙල උතුර', 10),
(405, 'කරඹකැටිය', 10),
(406, 'ගල්වැව', 10),
(407, 'ගොඩවෙල', 10),
(408, 'පානමුල්ල', 10),
(409, 'අඹගස්දෙනිය', 10),
(410, 'ගැටමාන්න උතුර', 10),
(411, 'ඇල්දෙනිය', 10),
(412, 'ගැටමාන්න බටහිර', 10),
(413, 'ගැටමාන්න නැගෙනහිර', 10),
(414, 'මහහීල්ල නැගෙනහිර', 10),
(415, 'කම්බුස්සාවල බටහිර', 10),
(416, 'කම්බුස්සාවල නැගෙනහිර', 10),
(417, 'බෙලිඅත්ත බටහිර', 10),
(418, 'බෙලිඅත්ත නගරය', 10),
(419, 'පුවක්දණ්ඩාව උතුර', 10),
(420, 'පුවක්දණ්ඩාව නැගෙනහිර', 10),
(421, 'අරන්වෙල බටහිර', 10),
(422, 'සිටිනමළුව බටහිර', 10),
(423, 'සිටිනමළුව උතුර', 10),
(424, 'සිටිනමළුව නැගෙනහිර', 10),
(425, 'සිටිනමළුව දකුණ', 10),
(426, 'පහලගොඩ', 10),
(427, 'මැදගොඩ', 10),
(428, 'බෙලිඅත්ත දකුණ', 10),
(429, 'කුඩාහීල්ල නැගෙනහිර', 10),
(430, 'කුඩාහීල්ල උතුර', 10),
(431, 'මහහීල්ල බටහිර', 10),
(432, 'මහහීල්ල උතුර', 10),
(433, 'ගැටමාන්න දකුණ', 10),
(434, 'නායකවත්ත', 10),
(435, 'අම්බල උතුර', 10),
(436, 'අම්බල බටහිර', 10),
(437, 'මිරිස්වත්ත', 10),
(438, 'කුඩාහීල්ල දකුණ', 10),
(439, 'ඔවිලාන', 10),
(440, 'මිහිඳුපුර', 10),
(441, 'පලපොත නැගෙනහිර', 10),
(442, 'පලපොත බටහිර', 10),
(443, 'දෙද්දුවාවල නැගෙනහිර', 10),
(444, 'දෙද්දුවාවල', 10),
(445, 'ගලගම උතුර', 10),
(446, 'ගලගම බටහිර', 10),
(447, 'ගලගම දකුණ', 10),
(448, 'ගලගම නැගෙනහිර', 10),
(449, 'නාකුළුගමුව උතුර', 10),
(450, 'වැව්දත්ත', 10),
(451, 'නාකුළුගමුව බටහිර', 10),
(452, 'සුදර්ශණගම', 11),
(453, 'පට්ටියපොල බටහිර', 11),
(454, 'තලුන්න', 11),
(455, 'අදුපැලෑන', 11),
(456, 'කදිරගොඩ', 11),
(457, 'ගෝයිම්භරගම', 11),
(458, 'කට්ටකඩුව උතුර', 11),
(459, 'කට්ටකඩුව දකුණ', 11),
(460, 'රන්න නැගෙනහිර', 11),
(461, 'රන්න බටහිර', 11),
(462, 'විගමුව', 11),
(463, 'පට්ටියපොල නැගෙනහිර', 11),
(464, 'පට්ටියපොල දකුණ', 11),
(465, 'විතාරන්දෙණිය උතුර', 11),
(466, 'තේනගම දකුණ', 11),
(467, 'තේනගම උතුර', 11),
(468, 'තලපිටියගම', 11),
(469, 'ඇත්ගාල්මුල්ල', 11),
(470, 'උඩුවිලගොඩ', 11),
(471, 'විතාරන්දෙණිය දකුණ', 11),
(472, 'අලුත්ගොඩ', 11),
(473, 'පලතුඩුව', 11),
(474, 'මාරකොල්ලිය', 11),
(475, 'මැදගම', 11),
(476, 'නෙටොල්පිටිය උතුර', 11),
(477, 'නෙටොල්පිටිය දකුණ', 11),
(478, 'වාඩිගල', 11),
(479, 'කහඳාව', 11),
(480, 'නිදහස්ගම බටහිර', 11),
(481, 'නිදහස්ගම නැෙගනහිර', 11),
(482, 'කහඳමෝදර', 11),
(483, 'ගුරුපොකුණ', 11),
(484, 'වැල්ඕඩය', 11),
(485, 'රැකව නැගෙනහිර', 11),
(486, 'රැකව බටහිර', 11),
(487, 'මැඩිල්ල', 11),
(488, 'වල්ගම්එළිය', 11),
(489, 'ගොඩවානගොඩ', 11),
(490, 'වගේගොඩ', 11),
(491, 'නලගම නැගෙනහිර', 11),
(492, 'සියඹලාගොඩ', 11),
(493, 'නලගම බටහිර', 11),
(494, 'පොලොම්මාරුව උතුර', 11),
(495, 'දන්කැටිය', 11),
(496, 'මැදකැටිය', 11),
(497, 'කොටුවේගොඩ', 11),
(498, 'ඉඳිපොකුණගොඩ උතුර', 11),
(499, 'පොලොම්මාරුව දකුණ', 11),
(500, 'කදුරුපාකුණ නැගෙනහිර', 11),
(501, 'ඉඳිපොකුණගොඩ දකුණ', 11),
(502, 'පල්ලික්කුඩාව නාගරික', 11),
(503, 'පල්ලික්කුඩාව ග්‍රාමීය', 11),
(504, 'කදුරුපොකුණ දකුණ', 11),
(505, 'කදුරුෙපාකුණ උතුර', 11),
(506, 'කදුරුපොකුණ බටහිර', 11),
(507, 'සීනිමෝදර බටහිර', 11),
(508, 'සීනිමෝදර නැගෙනහිර', 11),
(509, 'උණකූරුව බටහිර', 11),
(510, 'උණකුරුව නැෙගනහිර', 11),
(511, 'මොරකැටිආර නැගෙනහිර', 11),
(512, 'මොරකැටිආර බටහිර', 11),
(513, 'පහජ්ජාව', 11),
(514, 'මහවෙල', 11),
(515, 'ඉහළගොඩ', 11),
(516, 'නාකුළුගමුව දකුණ', 11),
(517, 'කුඩාවැල්ල උතුර', 11),
(518, 'කුඩාවැල්ල මධ්‍යම', 11),
(519, 'කුඩාවැල්ල නැගෙනහිර', 11),
(520, 'මාවැල්ල දකුණ', 11),
(521, 'මාවැල්ල උතුර', 11),
(522, 'කුඩාවැල්ල දකුණ', 11),
(523, 'කුඩාවැල්ල බටහිර', 11),
(524, 'රම්මල', 12),
(525, 'සපුත්න්ත්‍රිකන්ද', 12),
(526, 'වරාපිටිය', 12),
(527, 'කැරෑදෙනිය', 12),
(528, 'හග්ගිතකන්ද උතුරු', 12),
(529, 'කොන්කරහේන', 12),
(530, 'මාපිටකන්ද', 12),
(531, 'රදනිආර', 12),
(532, 'නමනැලිය', 12),
(533, 'උඩහගොඩ', 12),
(534, 'වීදිකන්ද', 12),
(535, 'ගල්වාඩිය', 12),
(536, 'උඩ ජූලම්පිටිය', 12),
(537, 'ජූලම්පිටිය', 12),
(538, 'පල්ලේ ජූලම්පිටිය', 12),
(539, 'පහලඕබඩ', 12),
(540, 'බෝවල උතුර', 12),
(541, 'බෝවල බටහිර', 12),
(542, 'වෙළඳගොඩ', 12),
(543, 'බටගස්ස', 12),
(544, 'පහළවත්ත', 12),
(545, 'පාතෙගම', 12),
(546, 'තලපත්කන්ද', 12),
(547, 'දෙහිගහහේන', 12),
(548, 'වීදපොල', 12),
(549, 'මතුවකන්ද', 12),
(550, 'හඳුගල', 12),
(551, 'කැබැල්ලකැටිය', 12),
(552, 'එගොඩබැද්ද', 12),
(553, 'කැකිරිඕබඩ', 12),
(554, 'අගලබඩ', 12),
(555, 'බෝවල දකුණ', 12),
(556, 'මුරුතවෙල ඉහළ', 12),
(557, 'මුරුතවෙල පහළ', 12),
(558, 'ගලහිටිය උතුර', 12),
(559, 'ඕමාර නගෙනහිර', 12),
(560, 'ඕමාර බටහිර', 12),
(561, 'ඇත්පිටිය', 12),
(562, 'වත්තෙහේන්ගොඩ', 12),
(563, 'හෙරේවෙල', 12),
(564, 'පිස්සුබැද්ද', 12),
(565, 'මැදගම්ගොඩ', 12),
(566, 'යහල්මුල්ල', 12),
(567, 'වලස්මුල්ල ඉහළ', 12),
(568, 'වලස්මුල්ල පහල', 12),
(569, 'ගලහිටිය දකුණ', 12),
(570, 'ගලහිටිය නැගෙනහිර', 12),
(571, 'කොහොලාන', 12),
(572, 'වලස්මුල්ල නැගෙනහිර', 12),
(573, 'වලස්මුල්ල උතුර', 12),
(574, 'වලස්මුල්ල බටහිර', 12),
(575, 'වලස්මුල්ල දකුණ', 12),
(576, 'දළුවක්ගොඩ', 12);

-- --------------------------------------------------------

--
-- Table structure for table `ins_report`
--

CREATE TABLE `ins_report` (
  `id` int(11) NOT NULL,
  `date` date NOT NULL,
  `upload_date` timestamp NOT NULL DEFAULT current_timestamp() ON UPDATE current_timestamp(),
  `img` varchar(100) NOT NULL,
  `aplicant_id` int(11) NOT NULL
) ENGINE=InnoDB DEFAULT CHARSET=utf8mb4;

--
-- Dumping data for table `ins_report`
--

INSERT INTO `ins_report` (`id`, `date`, `upload_date`, `img`, `aplicant_id`) VALUES
(2, '2022-06-27', '2022-06-27 06:30:49', 'QIJ5N3kefwDocument 8.pdf', 92);

-- --------------------------------------------------------

--
-- Table structure for table `jaffna`
--

CREATE TABLE `jaffna` (
  `gncode` int(3) NOT NULL,
  `gnname` varchar(27) DEFAULT NULL,
  `divsec` int(2) DEFAULT NULL
) ENGINE=InnoDB DEFAULT CHARSET=utf8;

--
-- Dumping data for table `jaffna`
--

INSERT INTO `jaffna` (`gncode`, `gnname`, `divsec`) VALUES
(1, 'අනලෙයි තීව් උතුර', 1),
(2, 'අනලෙයි තීව් දකුණ', 1),
(3, 'එළුවෙයි තීවු', 1),
(4, 'පරුත්තියඩෙයිප්පු', 1),
(5, 'කයිට්ස්', 1),
(6, 'කරම්පොන්', 1),
(7, 'කරම්පොන් නැගෙනහිර', 1),
(8, 'නාරාන්තනෙයි වයඹ', 1),
(9, 'නාරාන්තනෙයි උතුර', 1),
(10, 'නාරන්තනෙයි', 1),
(11, 'නාරාන්තනෙයි දකුණ', 1),
(12, 'කරම්පොන් ගිනිකොණ', 1),
(13, 'කරම්පොන් බටහිර', 1),
(14, 'පුලියංකූඩල්', 1),
(15, 'සුරුවිල්', 1),
(16, 'වඩ්ඩුකෝට්ටෙයි නැගෙනහිර', 2),
(17, 'වඩ්ඩුකෝට්ටෙයි උතුර', 2),
(18, 'සංකරත්තෙයි', 2),
(19, 'අරාලි බටහිර', 2),
(20, 'අරාලි මධ්‍යම', 2),
(21, 'අරාලි දකුණ', 2),
(22, 'අරාලි නැගෙනහිර', 2),
(23, 'අරාලි උතුර', 2),
(24, 'වඩ්ඩුකෝඩ්ඩෙයි දකුණ', 2),
(25, 'වඩුකෝඩ්ඩෙයි දකුණ බටහිර', 2),
(26, 'වඩුකෝඩ්ඩෙයි බටහිර', 2),
(27, 'තොල්පුරම් නැගෙනහිර', 2),
(28, 'තොල්පුරම් බටහිර', 2),
(29, 'පොන්නාලෙයි', 2),
(30, 'මූලායි', 2),
(31, 'චුලිපුරම් බටහිර', 2),
(32, 'චුලිපුරම් මධ්‍යම', 2),
(33, 'චුලිපුරම් නැගෙනහිර', 2),
(34, 'පණ්ණාගම්', 2),
(35, 'පන්ප‍‍ිප්පුලම්', 2),
(36, 'සිත්තන්කේණි', 2),
(37, 'චන්කානෙයි නැගෙනහිර', 2),
(38, 'චන්කනායි බටහිර', 2),
(39, 'චංකානෙයි දකුණ', 2),
(40, 'චංකානෙයි මධ්‍යම', 2),
(41, 'සුතුමලෙයි උතුර', 3),
(42, 'සුතුමලෙයි දකුණ', 3),
(43, 'සාවල්කඩ්ඩු', 3),
(44, 'උයරප්පුලම්', 3),
(45, 'ආනෙයිකෝඩඩෙයි', 3),
(46, 'නවාලි උතුර', 3),
(47, 'නවාලි නැගෙනහිර', 3),
(48, 'නවාලි දකුණ', 3),
(49, 'මනිපායි උතුර', 3),
(50, 'මානිපායි නැගෙනහිර', 3),
(51, 'මානිපායි දකුණ', 3),
(52, 'මානිපායි බස්නාහිර', 3),
(53, 'සන්දිලිපායි උතුර', 3),
(54, 'සන්දිලිපායි මැද', 3),
(55, 'සන්දිලිපායි බස්නාහිර', 3),
(56, 'මාහියප්පිට්ටි', 3),
(57, 'වඩලියඩෛප්පු', 3),
(58, 'පණ්ඩත්තරිප්පු', 3),
(59, 'පිරාන්පට්ටු', 3),
(60, 'සිලාලෙයි උතුර', 3),
(61, 'සිලාලෙයි දකුණ', 3),
(62, 'මාදගල් නැගෙනහිර', 3),
(63, 'මාදගල් දකුණ', 3),
(64, 'මාදගල් බටහිර', 3),
(65, 'පෙරියවිළාන්', 3),
(66, 'මාරීසන්කූඩල්', 3),
(67, 'ඉළවාළෙයි', 3),
(68, 'මුල්ලානෙයි', 3),
(69, 'මල්ලාකම් දකුණ', 4),
(70, 'මල්ලාකම් මධ්‍යම', 4),
(71, 'මල්ලාකම් උතුර', 4),
(72, 'ආලවෙඩ්ඩි උතුර', 4),
(73, 'ආලවෙඩ්ඩි මධ්‍යම', 4),
(74, 'අලවෙඩ්ඩි නැගෙනහිර', 4),
(75, 'ගණේෂ්වරම්', 4),
(76, 'අලවෙඩ්ඩි දකුණ', 4),
(77, 'අලවෙඩි බටහිර', 4),
(78, 'ඉළවාලෙයි උතුර', 4),
(79, 'ඉළවාලෙයි උතුර බටහිර', 4),
(80, 'විතහපුරම්', 4),
(81, 'පන්නාලෙයි', 4),
(82, 'කොල්ලන්කලඩ්ඩි', 4),
(83, 'නගුලේෂ්වරම්', 4),
(84, 'තෙල්ලිප්පලෙයි නැගෙනහිර', 4),
(85, 'තෙල්ලිප්පලෙයි', 4),
(86, 'තුර්කාපුරම්', 4),
(87, 'තන්තෙයි චෙල්වාපුරම්', 4),
(88, 'මාවිඩ්ඩපුරම්', 4),
(89, 'මාවිඩ්ඩපුරම් දකුණ', 4),
(90, 'කංකසන්තුරේයි බටහිර', 4),
(91, 'කංකසන්තුරේයි මධ්‍යම', 4),
(92, 'කංකසන්තුරේයි දකුණ', 4),
(93, 'පළෙයි වීමන්කාමම් උතුර', 4),
(94, 'පළෙයි වීමන්කාමම් දකුණ', 4),
(95, 'කඩ්ඩුවන්', 4),
(96, 'කඩ්ඩුවන් බටහිර', 4),
(97, 'තෙන්මයාලෙයි', 4),
(98, 'වරුත්තලෙයිවිලාන්', 4),
(99, 'කුරුම්පසිඩ්ඩි', 4),
(100, 'කුරුම්පසිඩ්ඩි නැ‍ගෙනහිර', 4),
(101, 'වසාවිලාන් නැගෙනහිර', 4),
(102, 'වසාවිලාන් බටහිර', 4),
(103, 'මයිලිඩ්ඩි උතුර', 4),
(104, 'තයිඩ්ඩි නැගෙනහිර', 4),
(105, 'මයිලිඩ්ඩිතුරෙයි දකුණ', 4),
(106, 'තයිඩ්ඩි උතුර', 4),
(107, 'තයිඩ්ඩි දකුණ', 4),
(108, 'මයිලිඩ්ඩිතුරෙයි උතුර', 4),
(109, 'පලාලි දකුණ', 4),
(110, 'පලාලි නැ‍ගෙනහිර', 4),
(111, 'පලාලි උතුර', 4),
(112, 'පලාලි උතුර බටහිර', 4),
(113, 'පලාලි බටහිර', 4),
(114, 'උඩුවිල් දකුණ බටහිර', 5),
(115, 'උඩුවිල් දකුණ නැගෙනහිර', 5),
(116, 'උඩුවිල් මධ්‍යම', 5),
(117, 'උඩුවිල් මධ්‍යම උතුර', 5),
(118, 'උඩුවිල් උතුර', 5),
(119, 'සන්ගුවලි', 5),
(120, 'ඉනුවිල් දකුණ බටහිර', 5),
(121, 'ඉනුවිල් නැගෙනහිර', 5),
(122, 'ඉනුවිල් උතුර නැගෙනහිර', 5),
(123, 'ඉනුවිල් බටහිර', 5),
(124, 'තාවඩි දකුණ', 5),
(125, 'තාවඩි නැගෙනහිර', 5),
(126, 'තාවඩි උතුර', 5),
(127, 'චුන්නාකම් නගරය උතුර', 5),
(128, 'චුන්නාකම් නගරය දකුණ', 5),
(129, 'චුන්නාකම් නගරය නැගෙනහිර', 5),
(130, 'චුන්නාකම් නගරය මධ්‍යම', 5),
(131, 'චුන්නාකම් නගරය බටහිර', 5),
(132, 'කඳරෝඩෙයි', 5),
(133, 'එ්ළාලෙයි බටහිර', 5),
(134, 'ඒලාලෙයි දකුණ බටහිර', 5),
(135, 'ඒලාලෙයි දකුණ', 5),
(136, 'ඒලාලෙයි නැගෙනහිර', 5),
(137, 'ඒලාලෙයි උතුර', 5),
(138, 'ඒලාලෙයි මධ්‍යම', 5),
(139, 'පුන්නාලෙයි කඩ්ඩුවන් දකුණ', 5),
(140, 'පුන්නාලෙයි කඩ්ඩුවන් උතුර', 5),
(141, 'ඊවිනෙයි', 5),
(142, 'කුප්පිලාන් දකුණ', 5),
(143, 'කුප්පිලාන් උතුර', 5),
(144, 'ඉරුපාලෙයි දකුණ', 6),
(145, 'ඉරුපාලෙයි නැගෙනහිර', 6),
(146, 'කල්වියංකාඩු', 6),
(147, 'කෝපායි දකුණ', 6),
(148, 'කෝපායි මැද', 6),
(149, 'කෝපායි උතුර', 6),
(150, 'උරුම්පිරායි බටහිර', 6),
(151, 'උරුම්පිරායි උතුර', 6),
(152, 'උරුම්පිරායි දකුණ', 6),
(153, 'උරුම්පිරායි නැගෙනහිර', 6),
(154, 'ඌරෙළු', 6),
(155, 'නීර්වේලි දකුණ', 6),
(156, 'නීර්වේලි උතුර', 6),
(157, 'නීර්වේලි බටහිර', 6),
(158, 'සිරුප්පිඩ්ඩි නැගෙනහිර', 6),
(159, 'සිරුප්පිඩ්ඩි බටහිර', 6),
(160, 'පුත්තූර් බටහිර', 6),
(161, 'පුත්තූර් උතුර', 6),
(162, 'නවකිරි', 6),
(163, 'ආවරංකාල් නැගෙනහිර', 6),
(164, 'ආවරංකාල් බටහිර', 6),
(165, 'පුත්තූර් නැගෙනහිර', 6),
(166, 'අච්චේළු', 6),
(167, 'වාදරවත්තෙයි', 6),
(168, 'පත්තමෙනි', 6),
(169, 'තම්පාලෙයි කදිරිපායි', 6),
(170, 'ඉඩෙයිකාඩු', 6),
(171, 'වළලායි', 6),
(172, 'අච්චුවේලි උතුර', 6),
(173, 'අච්චුවේලි දකුණ', 6),
(174, 'අච්චු‍වේලි බටහිර', 6),
(175, 'කරණවායි දකුණ', 7),
(176, 'කරණවායි බටහිර', 7),
(177, 'කරණවායි', 7),
(178, 'කරණවායි නැගෙනහිර', 7),
(179, 'උඩුප්පිඩඩි', 7),
(180, 'උඩුප්පිඩ්ඩි උතුර', 7),
(181, 'උඩුප්පඩ්ඩි දකුණ', 7),
(182, 'වල්වෙඩ්ඩි', 7),
(183, 'වල්වෙඩ්ඩි මැද', 7),
(184, 'සමරබාහු', 7),
(185, 'ඉමෙයාණන්', 7),
(186, 'ඉමෙයාණන් බටහිර', 7),
(187, 'කරණවායි උතුර', 7),
(188, 'කරණවායි උතුර බටහිර', 7),
(189, 'කරණවායි මැද', 7),
(190, 'කරවෙඩ්ඩි බටහිර', 7),
(191, 'කරවෙඩ්ඩි උතුර', 7),
(192, 'කරවෙඩ්ඩි දකුණ', 7),
(193, 'මත්තොනි', 7),
(194, 'කරවෙඩ්ඩි මැද', 7),
(195, 'කරවෙඩ්ඩි නැගෙනහිර', 7),
(196, 'කඩඩෙයිවේලි', 7),
(197, 'තුන්නාලෙයි දකුණ', 7),
(198, 'තුන්නාලෙයි නැගෙනහිර', 7),
(199, 'තුන්නාලෙයි', 7),
(200, 'තුන්නාලෙයි මැද', 7),
(201, 'තුන්නාලෙයි බටහිර', 7),
(202, 'කෙල්ලිඅඩි උතුර', 7),
(203, 'කෙල්ලිඅඩි', 7),
(204, 'කෙල්ලිඅඩි නැගෙනහිර', 7),
(205, 'අල්වායි', 7),
(206, 'අල්වායි දකුණ', 7),
(207, 'අල්වායි නැගෙනහිර', 7),
(208, 'අත්තායි', 7),
(209, 'කප්පුදු', 7),
(210, 'මනාල්කාඩු', 8),
(211, 'කුඩත්තනෙයි', 8),
(212, 'කුඩාත්තනෙයි කරෛයූර්', 8),
(213, 'පොට්පති', 8),
(214, 'අම්පන්', 8),
(215, 'නාගර්කෝවිල් නැගෙනහිර', 8),
(216, 'නාගර්කෝවිල බටහිර', 8),
(217, 'නාගර්කෝවිල දකුණ', 8),
(218, 'හෙම්පියන්පට්රු උතුර', 8),
(219, 'සෙම්පියාන්පත්තු දකුණ', 8),
(220, 'මරුදංකේණි', 8),
(221, 'වත්තිරායන්', 8),
(222, 'උඩුතුරෙයි', 8),
(223, 'ආළීයවළෙයි', 8),
(224, 'වෙට්රිලෙයිකේණි', 8),
(225, 'මුළ්ළියාන්', 8),
(226, 'පොක්කරුප්පු', 8),
(227, 'චුන්ඩිකුළම්', 8),
(228, 'තොණ්ඩමානාරු දකුණ', 9),
(229, 'තොණ්ඩමානාරු උතුර', 9),
(230, 'කෙරුඩාවිල් දකුණ', 9),
(231, 'කෙරුඩාවිල් උතුර', 9),
(232, 'කෙරුඩාවිල් නැගෙනහිර', 9),
(233, 'වැල්වෙට්ටිතුරයි උතුර බටහිර', 9),
(234, 'වල්වෙටිතුරෙයි උතුරු මධ්‍යම', 9),
(235, 'වල්වෙටිතුරෙයි උතුර නැගෙනහිර', 9),
(236, 'වල්වෙටිතුරෙයි දකුණ බටහිර', 9),
(237, 'වල්වෙටිතුරයි දකුණ නැගෙනහිර', 9),
(238, 'පොලිකණ්ඩි බටහිර', 9),
(239, 'පොලිකණ්ඩි නැගෙනහිර', 9),
(240, 'පොලිකණ්ඩි දකුණ', 9),
(241, 'අල්වායි බටහිර', 9),
(242, 'අල්වායි උතුර බටහිර', 9),
(243, 'අල්වායි උතුරු මධ්‍යම', 9),
(244, 'වියපාරිමූලෙයි', 9),
(245, 'අල්වායි උතුර', 9),
(246, 'පේදුරුතුඩුව', 9),
(247, 'පේදුරුතුඩුව දකුණ', 9),
(248, 'පේදුරුතුඩුව නැගෙනහිර', 9),
(249, 'තුම්පළෙයි', 9),
(250, 'තුම්පළෙයි නැගෙනහිර', 9),
(251, 'කට්කෝවළම්', 9),
(252, 'පුලෝලි උතුර', 9),
(253, 'පුලෝලි උතුර නැගෙනහිර', 9),
(254, 'පුලෝලි මධ්‍යම', 9),
(255, 'පුලෝලි බටහිර', 9),
(256, 'පුලෝලි දකුණ බටහිර', 9),
(257, 'පුලෝලි උතුර බටහිර', 9),
(258, 'පුලෝලි නැගෙනහිර', 9),
(259, 'පුලෝලි දකුණ', 9),
(260, 'මන්දිකෙයි', 9),
(261, 'වල්ලිපුරම්', 9),
(262, 'තුන්නාලෙයි උතුර', 9),
(263, 'කයිදඩි උතුර', 10),
(264, 'කයිදඩි නැගෙනහිර', 10),
(265, 'කයිදඩි මැද', 10),
(266, 'කයිදඩි දකුණ', 10),
(267, 'කයිදඩි දකුණ නැගෙනහිර', 10),
(268, 'කයිදඩි බස්නාහිර', 10),
(269, 'නවට්කුලි බස්නාහිර', 10),
(270, 'නාවට්කුලි නැගෙනහිර', 10),
(271, 'කෝවිලාකණ්ඩි', 10),
(272, 'කයිදඩි නාවට්කුලි', 10),
(273, 'මරවන්පුලවු', 10),
(274, 'දනංකලප්පු', 10),
(275, 'චාවකච්චේරි නගරය', 10),
(276, 'කෝවිට්කුඩියිරුප්පු', 10),
(277, 'සංකත්තානෙයි', 10),
(278, 'චාවකච්චේරි උතුර', 10),
(279, 'මණ්ඩුවිල්', 10),
(280, 'කල්වයල්', 10),
(281, 'නුණාවිල් නැගෙනහිර', 10),
(282, 'නුණාවිල් මැද', 10),
(283, 'නුණාවිල් බස්නාහිර', 10),
(284, 'කයිදඩි නුණාවිල්', 10),
(285, 'තෙන් මඩ්ඩුවිල්', 10),
(286, 'මඩ්ඩුවිල් නුණාවිල්', 10),
(287, 'මඩ්ඩුවිල් මැද', 10),
(288, 'මඩ්ඩුවිල් උතුර', 10),
(289, 'මඩ්ඩුවිල් නැගෙනහිර', 10),
(290, 'සන්දි‍රපුරම්', 10),
(291, 'සරසාලෙයි දකුණ', 10),
(292, 'සරසාලෙයි උතුර', 10),
(293, 'මීසාලෙයි උතුර', 10),
(294, 'මීසාලෙයි බස්නාහිර', 10),
(295, 'රාමාවිල්', 10),
(296, 'මීසාලෙයි නැගෙනහිර', 10),
(297, 'අල්ලාරෙයි', 10),
(298, 'වෙල්ලාම් පෝක්කඩ්ඩි', 10),
(299, 'කච්චායි', 10),
(300, 'පාලාවි', 10),
(301, 'කොඩිකාමම් උතුර', 10),
(302, 'කොඩිකාමම් මධ්‍යම', 10),
(303, 'කොඩිකාමම් දකුණ', 10),
(304, 'උසන්', 10),
(305, 'කරම්පකම්', 10),
(306, 'විඩතෙට්පලෙයි', 10),
(307, 'කෙට්පේලි', 10),
(308, 'එළුතුමඩ්ඩුවාල් දකුණ', 10),
(309, 'එළුතුමඩ්ඩුවාල් උතුර', 10),
(310, 'මිරුසුවිල් උතුර', 10),
(311, 'මිරුසුවිල් දකුණ', 10),
(312, 'කුඩමියන්', 10),
(313, 'නාවට්කාඩු', 10),
(314, 'වරණි උතුර', 10),
(315, 'මාසේරි', 10),
(316, 'ඉඩෙයිකුරිච්චි', 10),
(317, 'කරම්පෙයිකුරිච්චි', 10),
(318, 'වරණි ඉයට්රාලෙයි', 10),
(319, 'තාවලෙයි ඉයට්රාලෙයි', 10),
(320, 'මන්දුවිල් නැගෙනහිර', 10),
(321, 'මන්තුවිල් බටහිර', 10),
(322, 'මන්තුවිල් උතුර', 10),
(323, 'අරියාලෙයි නිරිත', 11),
(324, 'අරියාලෙයි නැගෙනහිර', 11),
(325, 'අරියාලෙයි වයඹ', 11),
(326, 'අරියාලෙයි මැද බස්නාහිර', 11),
(327, 'අරියාලෛයි නිරිත', 11),
(328, 'අරියා‍ලෙයි උතුරු මැද', 11),
(329, 'අරියාලෙයි මැද', 11),
(330, 'අරියාලෙයි මැද දකුණ', 11),
(331, 'අයියනාර් කෝවිලඩි', 11),
(332, 'වණ්ණාර්පණ්ණෙයි උතුර', 11),
(333, 'වණ්ණාර්පණ්ණෛ වයඹ', 11),
(334, 'වණ්ණාර්පණ්ණෙයි ඊසාන', 11),
(335, 'වණ්ණාර්පණ්ණෛ දකුණ', 11),
(336, 'කඳර්මඩම් වයඹ', 11),
(337, 'කඳර්මඩම් ඊසාන (කොටස)', 11),
(338, 'කඳර්මඩම් නිරිත (කො‍ටස)', 11),
(339, 'කඳර්මඩම් ගිනිකොණ', 11),
(340, 'නල්ලූර් උතුර', 11),
(341, 'නල්ලුර් රාජධානිය', 11),
(342, 'නල්ලූර් දකුණ', 11),
(343, 'සංකිලියන් තෝප්පු', 11),
(344, 'තිරුනෙල්වේලි බස්නාහිර', 11),
(345, 'තිරු‍නෙල්වෙලි මැද දකුණ', 11),
(346, 'තිරුනෙල්වේලි ගිණිකොණ', 11),
(347, 'තිරුනෙල්වේලි ඊසාන', 11),
(348, 'තිරුනෙල්වේලි මැද උතුර', 11),
(349, 'කෝණ්ඩාවිල් වයඹ', 11),
(350, 'කෝණ්ඩාවිල් නිරිත', 11),
(351, 'කෝණ්ඩාවිල් මැද බස්නාහිර', 11),
(352, 'කෝණ්ඩාවිල් මැද නැගෙනහිර', 11),
(353, 'කෝණ්ඩාවිල් ඊසාන', 11),
(354, 'කෝණ්ඩාවිල් ගිනිකොණ', 11),
(355, 'කොක්කුවිල් ඊසාන', 11),
(356, 'කොක්කුවිල් නැගෙනහිර', 11),
(357, 'කොක්කුවිල් ගිණිකොණ', 11),
(358, 'කොක්කුවිල් වයඹ', 11),
(359, 'කොක්කුවිල් බස්නාහිර', 11),
(360, 'කොක්කුවිල් මැද නැගෙනහිර', 11),
(361, 'කොක්කුවිල් නිරිත', 11),
(362, 'කොක්කුවිල් මැද බස්නාහිර', 11),
(363, 'නෙඩුංකුලම්', 12),
(364, 'කොළුම්පුතුරෙයි නැගෙනහිර', 12),
(365, 'කොළුම්පුතුරෙයි බටහිර', 12),
(366, 'පාසෙයියූර් නැගෙනහිර', 12),
(367, 'පාසෙයියූර් බටහිර', 12),
(368, 'ඊච්චමෝඩ්ඩැයි', 12),
(369, 'තිරුනගර්', 12),
(370, 'රෙක්ලමේෂන් නැගෙනහිර', 12),
(371, 'රෙක්ලමේෂන් බටහිර', 12),
(372, 'ගුරුනගර් නැගෙනහිර', 12),
(373, 'ගුරුනගර් බටහිර', 12),
(374, 'ස්මෝල් බසාර්', 12),
(375, 'යාපනය නගර් බටහිර', 12),
(376, 'යාපනය නගර් නැගෙනහිර', 12),
(377, 'චුන්ඩිකුලි දකුණ', 12),
(378, 'චුණ්ඩිකුළි උතුර', 12),
(379, 'මරුදඩි', 12),
(380, 'අතියඩි', 12),
(381, 'සිරාම්පියඩි', 12),
(382, 'ග්‍රෑන්ඩ් බසාර්', 12),
(383, 'කෝඩ්ඩෙයි', 12),
(384, 'වණ්ණාර්පණ්ණෙයි', 12),
(385, 'කොඩ්ඩඩි', 12),
(386, 'නාවාන්තුරෙයි දකුණ', 12),
(387, 'නාවාන්තුරෙයි උතුර', 12),
(388, 'මූර් වීදිය දකුණ', 12),
(389, 'මූර් වීදිය උතුර', 12),
(390, 'නව මූර් වීදිය', 12),
(391, 'මණ්ඩෙයිතීවු නැගෙනහිර', 13),
(392, 'මණ්ඩෙයිතීවු බටහිර', 13),
(393, 'මණ්ඩෙයිතිවු දකුණ', 13),
(394, 'අල්ලෙයිප්පිඩ්ඩි', 13),
(395, 'මණ්කුම්පාන්', 13),
(396, 'වේලණෙයි උතුර', 13),
(397, 'වේලණෙයි ඊසාන', 13),
(398, 'වේලණෙයි නැගෙනහිර', 13),
(399, 'වෙලණෙයි ගිණිකොණ', 13),
(400, 'වේලණෙයි මධ්‍යම නැගෙනහිර', 13),
(401, 'වේළණෙයි දකුණ', 13),
(402, 'වේලණෙයි බටහිර මධ්‍යම', 13),
(403, 'වේලණෙයි බටහිර', 13),
(404, 'සරවණෙයි නැගෙනහිර', 13),
(405, 'සරවණෙයි බටහිර', 13),
(406, 'පුංකුඩුතිව් ඊසාන', 13),
(407, 'පුකුඩුතීවු නැගෙනහිර', 13),
(408, 'පුංකුඩුතිවු ගිනිකොණ', 13),
(409, 'පුංකුඩුතීවු ගිණිකොණ', 13),
(410, 'පුංකුඩුතිව් දකුණ', 13),
(411, 'පුංකුඩුතීවු උතුර', 13),
(412, 'පුංකුඩුතිව් මධ්‍යම උතුර', 13),
(413, 'පුංකුඩුතිව් නිරිත', 13),
(414, 'පුංකුඩුතිව් මධ්‍යම බටහිර', 13),
(415, 'පුංකුඩුතිව් මධ්‍යම නැගෙනහිර', 13),
(416, 'පුංකුඩුතිව් උතුර බටහිර', 13),
(417, 'පුංකුඩුතිව් බටහිර', 13),
(418, 'නයිනාතිවු උතුර', 13),
(419, 'නයිනාතීවු මධ්‍යම', 13),
(420, 'නයිනාතිවු දකුණ', 13),
(421, 'ඩෙල්ෆ්ට් බටහිර', 14),
(422, 'ඩෙල්ෆ්ට් දකුණ', 14),
(423, 'ඩෙල්ෆ්ට් මධ්‍යම බටහිර', 14),
(424, 'ඩෙල්ෆ්ට් මධ්‍යම', 14),
(425, 'ඩෙල්ෆ්ට් මධ්‍යම නැගෙනහිර', 14),
(426, 'ඩෙල්ෆ්ට් නැගෙනහිර', 14),
(427, 'කාරෙයිනගර් උතුර', 15),
(428, 'කාරෙයිනගර් ඊසාන', 15),
(429, 'කාරෙයිනගර් නැගෙනහිර', 15),
(430, 'කාරෙයිනගර් මැද', 15),
(431, 'කාරෙයිනගර් වයඹ', 15),
(432, 'කාරෙයිනගර් බටහිර', 15),
(433, 'කාරෙයිනගර් දකුණ නැගෙනහිර', 15),
(434, 'කාරෙයිනගර් දකුණ', 15),
(435, 'කරෙයිනගර් නිරිත', 15);

-- --------------------------------------------------------

--
-- Table structure for table `kalutara`
--

CREATE TABLE `kalutara` (
  `gncode` int(3) NOT NULL,
  `gnname` varchar(24) DEFAULT NULL,
  `divsec` int(2) DEFAULT NULL
) ENGINE=InnoDB DEFAULT CHARSET=utf8;

--
-- Dumping data for table `kalutara`
--

INSERT INTO `kalutara` (`gncode`, `gnname`, `divsec`) VALUES
(1, 'හොරේතුඩුව උතුර', 1),
(2, 'හොරේතුඩුව', 1),
(3, 'හොරේතුඩුව මැද', 1),
(4, 'හොරේතුඩුව දකුණ', 1),
(5, 'ගොරකාන', 1),
(6, 'ගොරකාන දකුණ', 1),
(7, 'පරත්ත බටහිර', 1),
(8, 'පරත්ත', 1),
(9, 'දිග්ගල', 1),
(10, 'කෙසෙල් වත්ත', 1),
(11, 'සරික්කාමුල්ල', 1),
(12, 'හේනමුල්ල', 1),
(13, 'වත්තල්පොල', 1),
(14, 'මීරියවත්ත', 1),
(15, 'තොටවත්ත', 1),
(16, 'වේරවත්ත', 1),
(17, 'පල්ලිමුල්ල', 1),
(18, 'ගොරකාපොල', 1),
(19, 'වලාන උතුර', 1),
(20, 'අම්බලන්දුව', 1),
(21, 'ගලතුඩේ උතුර', 1),
(22, 'ගල්තුඩේ', 1),
(23, 'හිරණ බටහිර', 1),
(24, 'හිරණ', 1),
(25, 'තන්තිරිමුල්ල නැගෙනහිර', 1),
(26, 'තන්තිරිමුල්ල', 1),
(27, 'බෙක්කේගම', 1),
(28, 'වලාන දකුණ', 1),
(29, 'වලාන', 1),
(30, 'උඩහමුල්ල', 1),
(31, 'පුංචිදෙණිය', 1),
(32, 'මාලමුල්ල බටහිර', 1),
(33, 'කිරිබෙරිය', 1),
(34, 'මාලමුල්ල', 1),
(35, 'කුරුප්පුමුල්ල', 1),
(36, 'ඇටඔගොඩ', 1),
(37, 'උතුරු පට්ටිය', 1),
(38, 'කඩවීදිය උතුර', 1),
(39, 'සාගරපෙදෙස', 1),
(40, 'කඩවීදිය බටහිර', 1),
(41, 'කඩවීදිය', 1),
(42, 'වලපල පට්ටිය', 1),
(43, 'වලපල', 1),
(44, 'එළුවිල', 1),
(45, 'වැකඩ නැගෙනහිර', 1),
(46, 'වැකඩ උතුර', 1),
(47, 'වැකඩ බටහිර', 1),
(48, 'පට්ටිය', 1),
(49, 'උයන්කැලේ', 1),
(50, 'දකුණු පට්ටිය', 1),
(51, 'කළුදෑවල', 1),
(52, 'කළුදෑවල නැගෙනහිර', 1),
(53, 'මොරවින්න', 1),
(54, 'නල්ලුරුව උතුර', 1),
(55, 'නල්ලුරුව', 1),
(56, 'දිබ්බැද්ද', 1),
(57, 'දිබ්බැද්ද උතුර', 1),
(58, 'නාරම්පිටිය', 1),
(59, 'පින්වත්ත', 1),
(60, 'පින්වත්ත බටහිර', 1),
(61, 'උතුරු තල්පිටිය', 1),
(62, 'දකුණු තල්පිටිය', 1),
(63, 'පල්ලිමංක‍ඩ', 1),
(64, 'වාද්දුව බටහිර', 1),
(65, 'වාද්දුව නැගෙනහිර', 1),
(66, 'මහ වාද්දුව', 1),
(67, 'පාට්ටිඑළිය', 1),
(68, 'කුඩා වාද්දුව', 1),
(69, 'වාද්දුව දකුණ', 1),
(70, 'මොල්ලිගොඩ', 1),
(71, 'මොල්ලිගොඩ උතුර', 1),
(72, 'මොල්ලිගොඩ දකුණ', 1),
(73, 'කිදෙල්පිටිය බටහිර', 2),
(74, 'කිදෙල් පිටිය නැගනහිර', 2),
(75, 'සේනපුර', 2),
(76, 'නිව්ඩාව', 2),
(77, 'අලුත්ගම', 2),
(78, 'ඇලෝතියව', 2),
(79, 'වල්ගම දකුණ', 2),
(80, 'රේරුකන', 2),
(81, 'සමරණායකපුර', 2),
(82, 'කොතළාවළ', 2),
(83, 'විදාගම නැගනහිර', 2),
(84, 'වල්ගම දකුණ', 2),
(85, 'ගම්මන්පිල', 2),
(86, 'මැදගම', 2),
(87, 'අළුබෝමුල්ල නැගෙනහිර', 2),
(88, 'කුඩා අරැග්ගොඩ නැගනහිර', 2),
(89, 'මහ අරැග්ගොඩ', 2),
(90, 'කුඩා අරැග්ගොඩ බටහිර', 2),
(91, 'බටදොඔතුඩුව', 2),
(92, 'මිරිස්වත්ත', 2),
(93, 'වදුරැමුල්ල බටහිර', 2),
(94, 'පින්වළ නැගෙනහිර', 2),
(95, 'පින්වළ බටහිර', 2),
(96, 'වදුරැමුල්ල නැගනහිර', 2),
(97, 'මහවිළ', 2),
(98, 'පමුණුගම', 2),
(99, 'අලුබෝමුල්ල බටහිර', 2),
(100, 'රබුක්කන උතුර', 2),
(101, 'කබුරැගොඩ බටහිර', 2),
(102, 'කඹුරුගොඩ නැගනහිර', 2),
(103, 'විදාගම බටහිර', 2),
(104, 'ගැලනිගම', 2),
(105, 'රයිගම දකුණ', 2),
(106, 'රයිගම බටහිර', 2),
(107, 'රයිගම නැගෙනහිර', 2),
(108, 'රයිගම උතුර', 2),
(109, 'කොළමැදිරිය උතුර', 2),
(110, 'බන්ඩාරගම නැගනහිර', 2),
(111, 'බන්ඩාරගම', 2),
(112, 'රබුක්කන දකුණ', 2),
(113, 'බොල්ගොඩ', 2),
(114, 'මහබෙල්ලන', 2),
(115, 'ඉබුල්ලිහ', 2),
(116, 'දිගනතුඩුව', 2),
(117, 'මාදුපිටිය', 2),
(118, 'මහවත්ත', 2),
(119, 'බන්ඩාරගම බටහිර', 2),
(120, 'යටියන', 2),
(121, 'වැවිට', 2),
(122, 'අටලුගම නැගනහිර', 2),
(123, 'පනාපේ', 2),
(124, 'ගල්ගේමන්ඩිය', 2),
(125, 'අටලුගම බටහිර', 2),
(126, 'බමුණු මුල්ල(මුස්ලිම්)', 2),
(127, 'බමුණු මුල්ල', 2),
(128, 'එපිටමුල්ල', 2),
(129, 'කොරාවල', 2),
(130, 'බෝහහවත්ත', 2),
(131, 'කිමන්තුඩුව', 2),
(132, 'කොටිගම්ගොඩ', 3),
(133, 'පහළ මිල්ලැව උතුර', 3),
(134, 'පහළ මිල්ලැව දකුණ', 3),
(135, 'ඉහළ මිල්ලැව උතුර', 3),
(136, 'ඉහළ මිල්ලැව දකුණ', 3),
(137, 'තළගල නැගනහිර', 3),
(138, 'තලගල උතුර', 3),
(139, 'තලගල බටහිර', 3),
(140, 'ඔලබොඩුව උතුර', 3),
(141, 'කෝරල ඉම', 3),
(142, 'ගොඩිගමුව නැගෙනහිර', 3),
(143, 'හාලපිටිය', 3),
(144, 'වැල්මිල්ල', 3),
(145, 'ගොඩිගමුව බටහිර', 3),
(146, 'පාළන්නොරැව', 3),
(147, 'ඔලබොඩුව දකුණ', 3),
(148, 'ඔළබොඩුව නැ‍ගෙනහිර', 3),
(149, 'තලගල දකුණ', 3),
(150, 'පන්නිල', 3),
(151, 'කහටපිටිය', 3),
(152, 'උඩුව උතුර', 3),
(153, 'කිදෙල්පිටිය', 3),
(154, 'ගොරක්ගොඩ', 3),
(155, 'දඹර', 3),
(156, 'හාන්දුපැල්පොල', 3),
(157, 'කුඩා උඩුව', 3),
(158, 'මහ උඩුව', 3),
(159, 'කනන්විල උතුර', 3),
(160, 'බටුවි‍ට උතුර', 3),
(161, 'කුඹුකේ නැගනහිර', 3),
(162, 'කුඹුකේ දකුණ', 3),
(163, 'කුඹුක උතුර', 3),
(164, 'කුඹුක බටහිර', 3),
(165, 'පොකුණුවිට', 3),
(166, 'බටුවිට දකුණ', 3),
(167, 'මිමන', 3),
(168, 'කනන්විළ දකුණ', 3),
(169, 'උඩුව දකුණ', 3),
(170, 'කිරිගලහේන', 3),
(171, 'මිවන්පැලන බටහිර', 3),
(172, 'මිවනපලාන නැගෙනහිර', 3),
(173, 'ගුරුගොඩ', 3),
(174, 'මුණගම නැගෙනහිර', 3),
(175, 'මිදෙල්ලමුල්ලහේන', 3),
(176, 'ඔවිටියාගල', 3),
(177, 'අරමණාගොල්ල', 3),
(178, 'වැරැල්ලහේන', 3),
(179, 'කුළුපන', 3),
(180, 'කනේවල', 3),
(181, 'හේනේගම', 3),
(182, 'ගල්ඒදඬුගොඩ', 3),
(183, 'හොරණ උතුර', 3),
(184, 'මුණගම බටහිර', 3),
(185, 'දික්හේනගම', 3),
(186, 'නර්තනගල', 3),
(187, 'හොරණ දකුණ', 3),
(188, 'වෑවල බටහිර', 3),
(189, 'හල්තොටියාවත්ත', 3),
(190, 'මාහේන', 3),
(191, 'වෑවල නැගෙනහිර', 3),
(192, 'හොරණ නැගෙනහිර', 3),
(193, 'මෙනේරිගම', 4),
(194, 'අරකාවිල', 4),
(195, 'කඳනපිටිය', 4),
(196, 'කොටියාවත්ත', 4),
(197, 'කුරණ උතුර', 4),
(198, 'කුරණ දකුණ', 4),
(199, 'කොටිගල', 4),
(200, 'හදපාන්ගොඩ නැගෙනහිර', 4),
(201, 'හදපාන්ගොඩ බටහිර', 4),
(202, 'කැකුළාදොල', 4),
(203, 'හදපාන්ගොඩ දකුණ', 4),
(204, 'බටුගම්පොල', 4),
(205, 'රයිගම්වත්ත', 4),
(206, 'මහ ඉංගිරිය', 4),
(207, 'නම්බපාන', 4),
(208, 'ඌරුගල නැගෙනහිර', 4),
(209, 'ඉංගිරිය නැගෙනහිර', 4),
(210, 'ඉංගිරිය උතුර', 4),
(211, 'නිමලගම', 4),
(212, 'ඇඳුරාගල', 4),
(213, 'මාපුටුගල', 4),
(214, 'පැල්පිටිගොඩ', 4),
(215, 'රත්මල්ගොඩ නැගෙනහිර', 4),
(216, 'රත්මල්ගොඩ බටහිර', 4),
(217, 'පෝරුවදණ්ඩ බටහිර', 4),
(218, 'පෝරුවදණ්ඩ නැගෙනහිර', 4),
(219, 'වගවත්ත', 4),
(220, 'කැකුළලිය', 4),
(221, 'දොඹගස්කන්ද', 4),
(222, 'ඉංගිරිය බටහිර', 4),
(223, 'ඌරුගල බටහිර', 4),
(224, 'ඉහල නරාගල', 5),
(225, 'කොබවක උතුර', 5),
(226, 'දිවලකඩ', 5),
(227, 'මීගහකුඹුර', 5),
(228, 'යහලවත්ත', 5),
(229, 'බෝතලේගංගොඩ', 5),
(230, 'කෝන්ගස්තැන්න', 5),
(231, 'හල්වතුර', 5),
(232, 'අමරගෙදර උතුර', 5),
(233, 'බෝතලේ', 5),
(234, 'බුලත්සිංහල උතුර', 5),
(235, 'ඈගල්ඔය', 5),
(236, 'කොබවක දකුණ', 5),
(237, 'ඉහල නරාගල දකුණ', 5),
(238, 'ගෝවින්න උතුර', 5),
(239, 'පහළ නරාගල', 5),
(240, 'දේවමුල්ල', 5),
(241, 'ගෝවින්න දකුණ', 5),
(242, 'රැටියල', 5),
(243, 'ගලහේන', 5),
(244, 'බුලත්සිංහල දකුණ', 5),
(245, 'බුලත්සිංහල', 5),
(246, 'බුලත්සිංහල මධ්‍යම', 5),
(247, 'අමරගෙදර දකුණ', 5),
(248, 'දෙල්මෑල්ල', 5),
(249, 'උඩුගලකන්ද', 5),
(250, 'නිග්ගහ', 5),
(251, 'යටගම්පිටිය', 5),
(252, 'කරල්දැක්ම', 5),
(253, 'බුලත්සිංහල නැගෙනහිර', 5),
(254, 'දම්පරාදුගොඩ', 5),
(255, 'පහළ වෙල්ගම', 5),
(256, 'බුලත්සිංහල බටහිර', 5),
(257, 'දීයකඩුව නැගෙනහිර', 5),
(258, 'දීයකඩුව බටහිර', 5),
(259, 'බෝගහවත්ත', 5),
(260, 'මහගම උතුර', 5),
(261, 'දෙමෝදර වත්ත', 5),
(262, 'තැන්නෙහේන', 5),
(263, 'ඉහල වෙල්ගම', 5),
(264, 'පරගොඩ බටහිර', 5),
(265, 'පරගොඩ නැගෙනහිර', 5),
(266, 'මොල්කාව', 5),
(267, 'ගලහිටිය', 5),
(268, 'මහගම නැගෙනහිර', 5),
(269, 'පොලේගොඩ බටහිර', 5),
(270, 'මහගම බටහිර', 5),
(271, 'පහළ කුඩලිගම', 5),
(272, 'ඉහළ කුඩලිගම', 5),
(273, 'වේයන්ගල්ල බටහිර', 5),
(274, 'වේයන්ගල්ල නැගෙනහිර', 5),
(275, 'මහගම දකුණ', 5),
(276, 'මුදුන', 5),
(277, 'ගමගෙවත්ත', 5),
(278, 'ඉළිඹ', 6),
(279, 'කඳාන උතුර', 6),
(280, 'කඳාන දකුණ', 6),
(281, 'එළවැල්ල', 6),
(282, 'බැල්ලපිටිය බටහිර', 6),
(283, 'මාහේන දකුණ', 6),
(284, 'බැල්ලපිටිය නැගෙනහිර', 6),
(285, 'වල්පිට', 6),
(286, 'වේරවත්ත', 6),
(287, 'පෙරමුණගම', 6),
(288, 'වැලිකැටැල්ල', 6),
(289, 'රෙමුණ', 6),
(290, 'මහයාල නැගෙනහිර', 6),
(291, 'කනන්විල', 6),
(292, 'මහයාල බටහිර', 6),
(293, 'හල්ලන්කන්ද', 6),
(294, 'කූඩැල්ල', 6),
(295, 'මදුරාවල නැගෙනහිර', 6),
(296, 'කුඩායාල', 6),
(297, 'පහළ කරන්නාගොඩ', 6),
(298, 'අඟුරුවාතොට', 6),
(299, 'මදුරාවල බටහිර', 6),
(300, 'කෙසෙල්හේනාව', 6),
(301, 'කරන්නාගොඩ', 6),
(302, 'ඉහළ කරන්නාගොඩ', 6),
(303, 'කටුහේන', 6),
(304, 'වරකාගොඩ උතුර', 6),
(305, 'වරකාගොඩ බටහිර', 6),
(306, 'වරකාගොඩ දකුණ', 6),
(307, 'වරකාගොඩ නැගෙනහිර', 6),
(308, 'නාහල්ල', 6),
(309, 'පහළගොඩ', 6),
(310, 'ඉහළගොඩ', 6),
(311, 'ගුංගමුව', 7),
(312, 'බැල්ලන්තුඩාව', 7),
(313, 'කෙලෙස්ගමුව', 7),
(314, 'වැලිකල', 7),
(315, 'තිබ්බොටුගොඩ', 7),
(316, 'ලෙනවර', 7),
(317, 'හල්තොට', 7),
(318, 'ලඟාන', 7),
(319, 'දෙල්දොරවත්ත', 7),
(320, 'මිල්ලනිය', 7),
(321, 'රද්දෙගොඩ', 7),
(322, 'දැල්කඩ', 7),
(323, 'පරගස්තොට', 7),
(324, 'දික්හේන', 7),
(325, 'අරකගොඩ', 7),
(326, 'කැන්නන්තුඩාව', 7),
(327, 'මාවත්ගම', 7),
(328, 'යාලගල', 7),
(329, 'ලබුගම', 7),
(330, 'පෙතිගමුව උතුර', 7),
(331, 'පෙතිගමුව දකුණ', 7),
(332, 'වෙනිවැල්පිටිය', 7),
(333, 'මිල්ලගස්පොළ', 7),
(334, 'බොරලැස්ස', 7),
(335, 'පැල්පොල', 7),
(336, 'ඉඹුලහේන', 7),
(337, 'පුන්සිරිපුර', 7),
(338, 'ගල්පාත බටහිර', 7),
(339, 'ගල්පාත නැගෙනහිර', 7),
(340, 'බටගොඩ', 7),
(341, 'මුල්කඩකන්ද', 7),
(342, 'අධිකාරිගොඩ', 7),
(343, 'දොඹගොඩ', 7),
(344, 'උඩුවර උතුර', 7),
(345, 'උඩුවර බටහිර', 7),
(346, 'උඩුවර නැගෙනහිර', 7),
(347, 'උඩුවර දකුණ', 7),
(348, 'පාතකඩ', 7),
(349, 'පනාගොඩ', 7),
(350, 'යටවර දකුණ', 7),
(351, 'මහදුරුපිටිය', 7),
(352, 'දෙල්ගොඩ', 7),
(353, 'යටවර උතුර', 7),
(354, 'බේගමුව තලහිටිය', 7),
(355, 'මැස්ටිය', 8),
(356, 'මහගෝනදූව', 8),
(357, 'කුඩා ගෝනදූව', 8),
(358, 'මොරොන්තුඩුව උතුර', 8),
(359, 'මාවල', 8),
(360, 'මැලෑගම උතුර', 8),
(361, 'මැලෑගම දකුණ', 8),
(362, 'හබරලගහලන්ද', 8),
(363, 'පොහොද්දරමුල්ල බටහිර', 8),
(364, 'පොහොද්දරමුල්ල නැගෙනහිර', 8),
(365, 'පොතුපිටිය නැගෙනහිර', 8),
(366, 'මාවල දකුණ', 8),
(367, 'මහරැක්ම', 8),
(368, 'නාන්දූව', 8),
(369, 'මොරොන්තුඩුව දකුණ', 8),
(370, 'කලපුගම', 8),
(371, 'කලපුගම බටහිර', 8),
(372, 'අරියගම', 8),
(373, 'දෙල්දූව', 8),
(374, 'නුගගොඩ', 8),
(375, 'පොතුපිටිය දකුණ', 8),
(376, 'පොතුපිටිය උතුර', 8),
(377, 'පොතුපිටිය බටහිර', 8),
(378, 'මැද පොතුපිටිය', 8),
(379, 'කුඩා වස්කඩුව බටහිර', 8),
(380, 'කුඩා වස්කඩුව උතුර', 8),
(381, 'කුඩා වස්කඩුව නැගෙනහිර', 8),
(382, 'කපුහේන', 8),
(383, 'උස්ගොඩැල්ල', 8),
(384, 'පනාපිටිය උතුර', 8),
(385, 'පරදුව', 8),
(386, 'දොඩම්මුල්ල', 8),
(387, 'දියගම', 8),
(388, 'පනාපිටිය දකුණ', 8),
(389, 'රන්නුන්ගල', 8),
(390, 'උක්ගල්බඩ බටහිර', 8),
(391, 'දෙදියවල', 8),
(392, 'කුඩා වස්කඩුව දකුණ', 8),
(393, 'මහ වස්කඩුව දකුණ', 8),
(394, 'මහ වස්කඩුව උතුර', 8),
(395, 'විලේගොඩ උතුර', 8),
(396, 'මල්වත්ත', 8),
(397, 'විජේරත්නවත්ත', 8),
(398, 'උග්ගල්බඩ නැගෙනහිර', 8),
(399, 'තේක්කවත්ත', 8),
(400, 'ජාවත්ත', 8),
(401, 'බොට්නික්වත්ත', 8),
(402, 'කළුතර උතුර', 8),
(403, 'දේශාස්ත්‍ර කළුතර', 8),
(404, 'දේශාස්ත්‍ර කළුතර බටහිර', 8),
(405, 'විද්‍යාසාර', 8),
(406, 'තොටුපල', 8),
(407, 'එතනමඩල', 8),
(408, 'පලාතොට', 8),
(409, 'වේලාපුර', 8),
(410, 'කළුතර දකුණ', 8),
(411, 'කුඩා හීනටියන්ගල', 8),
(412, 'ඉලුක්වත්ත', 8),
(413, 'වෙලේගොඩ දකුණ', 8),
(414, 'ගොඩපරගහහේන', 8),
(415, 'කිතුල්වල', 8),
(416, 'අල්විස්වත්ත', 8),
(417, 'ඇටවිල', 8),
(418, 'අක්කරගොඩ', 8),
(419, 'මහවත්ත', 8),
(420, 'කළුතර දකුණ ඒ', 8),
(421, 'කලපුව', 8),
(422, 'වෙට්ටුමකඩ', 8),
(423, 'කුරුඳුවත්ත', 8),
(424, 'මහ හීනැටියන්ගල', 8),
(425, 'වත්තමුල්ල', 8),
(426, 'අලුබෝගහලන්ද', 8),
(427, 'රජවත්ත අලුත් කොටස', 8),
(428, 'රජවත්ත පරණ කොටස', 8),
(429, 'පුලර්ටන්', 8),
(430, 'උස්වත්ත', 8),
(431, 'කටුකුරුන්ඳ', 8),
(432, 'කලමුල්ල උතුර', 8),
(433, 'නාගොඩ බටහිර', 8),
(434, 'කජුදූව වත්ත', 8),
(435, 'නාගොඩ දකුණ', 8),
(436, 'වෙනිවෙල්කැටිය', 8),
(437, 'ගල්ලැස්ස', 8),
(438, 'කලමුල්ල නැගෙනහිර', 8),
(439, 'කලමුල්ල දකුණ', 8),
(440, 'ඈතගම බටහිර', 8),
(441, 'ඈතගම නැගෙනහිර', 8),
(442, 'කුඩා පයාගල උතුර', 9),
(443, 'මැහිමුල්ල', 9),
(444, 'පඹේ', 9),
(445, 'හිරිගල්ගොඩැල්ල', 9),
(446, 'මලේගොඩ', 9),
(447, 'කුඩා පයාගල දකුණ', 9),
(448, 'පයාගල උතුර', 9),
(449, 'පිණිදියමුල්ල', 9),
(450, 'විහාර කන්ද', 9),
(451, 'පාලයන්ගොඩ', 9),
(452, 'වේරගල', 9),
(453, 'කටුකුරුඳුගහලන්ද නැගෙනහිර', 9),
(454, 'කටුකුරුඳුගහලන්ද බටහිර', 9),
(455, 'පොතුවිල් නැගෙනහිර', 9),
(456, 'මහගම්මැද්ද', 9),
(457, 'මහ පයාගල', 9),
(458, 'පොතුවිල් බටහිර', 9),
(459, 'මුනසිංහගොඩ', 9),
(460, 'දියලගොඩ', 9),
(461, 'කපුගොඩ', 9),
(462, 'හල්කඳවිල', 9),
(463, 'යොවුන්ගම', 9),
(464, 'දූවේගොඩ', 9),
(465, 'කැන්දගහවිල', 9),
(466, 'මුංහේන', 9),
(467, 'මග්ගොන නැගෙනහිර', 9),
(468, 'අක්කරමලේ', 9),
(469, 'මග්ගොන බටහිර', 9),
(470, 'ඉඳිරිලිගොඩ', 9),
(471, 'කුඩා මාගල්කන්ද', 9),
(472, 'මාගල්කන්ද උතුර', 9),
(473, 'මාගල්කන්ද දකුණ', 9),
(474, 'අක්කර අසූව', 9),
(475, 'බුබුලන්ද', 9),
(476, 'කඳුරුගස්මුල්ල', 9),
(477, 'බඳනාගොඩ', 9),
(478, 'කාලවිල කන්ද', 9),
(479, 'වලතර', 9),
(480, 'පන්නිල', 9),
(481, 'චීනකොටුව', 9),
(482, 'අක්කරගොඩ', 9),
(483, 'කරඳගොඩ', 9),
(484, 'මරක්කලාවත්ත', 9),
(485, 'පොල්කොටුව', 9),
(486, 'පරණකඩේ', 9),
(487, 'මරදාන', 9),
(488, 'හෙට්ටියකන්ද', 9),
(489, 'මස්සල්ගොඩ', 9),
(490, 'කන්කාකම්ගොඩ', 9),
(491, 'අඹේපිටිය', 9),
(492, 'පිංහේන', 9),
(493, 'පිංහේන ජනපදය', 9),
(494, 'කාලවිල', 9),
(495, 'මලෙවන්ගොඩ', 9),
(496, 'පාදාගොඩ', 9),
(497, 'හෙට්ටිමුල්ල', 9),
(498, 'මහගොඩ', 9),
(499, 'මාලිගාහේන', 9),
(500, 'මොරගල්ල', 9),
(501, 'මුල්ලපිටිය', 9),
(502, 'ගම්මැද්ද', 9),
(503, 'කළුවාමෝදර උතුර', 9),
(504, 'ගල්හේන', 9),
(505, 'අලකඳුපිටිය', 9),
(506, 'වැලිපිටිය', 9),
(507, 'පතිරාජගොඩ', 9),
(508, 'කාදියවත්ත', 9),
(509, 'මාලේවන', 9),
(510, 'අධිකාරිගොඩ', 9),
(511, 'නාකන්දලගොඩ', 9),
(512, 'දන්වත්තගොඩ', 9),
(513, 'කොටපිටිය', 9),
(514, 'වරාපිටිය', 9),
(515, 'දර්ගා නගරය නැගෙනහිර', 9),
(516, 'ගඟඅද්දර', 9),
(517, 'දර්ගා නගරය', 9),
(518, 'කළුවාමෝදර නැගෙනහිර', 9),
(519, 'කළුවාමෝදර බටහිර', 9),
(520, 'ගනේගම', 9),
(521, 'සීතවත්ත', 9),
(522, 'අළුත්ගම නැගෙනහිර', 9),
(523, 'අළුත්ගම බටහිර', 9),
(524, 'කොහොලාන උතුර', 10),
(525, 'උක්වත්ත', 10),
(526, 'බොලොස්සගම', 10),
(527, 'රෙමුණගොඩ උතුර', 10),
(528, 'පැලපිටියගොඩ', 10),
(529, 'පැලපිටියගොඩ උතුර', 10),
(530, 'පහල නෑබොඩ', 10),
(531, 'නෑබොඩ', 10),
(532, 'නෑබොඩ බටහිර', 10),
(533, 'තෙබුවන නැගෙනහිර', 10),
(534, 'තෙබුවන බටහිර', 10),
(535, 'රෙමුණගොඩ දකුණ', 10),
(536, 'ගමගොඩ නැගෙනහිර', 10),
(537, 'සේරුපිට නැගෙනහිර', 10),
(538, 'සේරුපිට බටහිර', 10),
(539, 'කොහොලාන දකුණ', 10),
(540, 'අධිකාරිගොඩ', 10),
(541, 'ගමගොඩ බටහිර', 10),
(542, 'බෝඹුවල උතුර බටහිර', 10),
(543, 'බෝඹුවල උතුර මධ්‍යම', 10),
(544, 'බෝඹුවල උතුර නැගෙනහිර', 10),
(545, 'බෝඹුවල දකුණ බටහිර', 10),
(546, 'බෝඹුවල දකුණ මධ්‍යම', 10),
(547, 'බෝඹ්වල දකුණ නැගෙනහිර', 10),
(548, 'තුඩුගල නැගෙනහිර', 10),
(549, 'වෙල්ලත', 10),
(550, 'ඉහල නෑබඩ', 10),
(551, 'වත්තෙහේන', 10),
(552, 'නෑහින්න', 10),
(553, 'වඩුගම', 10),
(554, 'තුඩුගල බටහිර', 10),
(555, 'නැගෙනහිර දොඩන්ගොඩ උතුර', 10),
(556, 'බටහිර දොඩන්ගොඩ උතුර', 10),
(557, 'බටහිර දොඩන්ගොඩ වයඹ', 10),
(558, 'දොඩන්ගොඩ බටහිර', 10),
(559, 'බටහිර දොඩන්ගොඩ මධ්‍යම', 10),
(560, 'බටහිර දොඩන්ගොඩ දකුණ', 10),
(561, 'නැගෙනහිර දොඩන්ගොඩ දකුණ', 10),
(562, 'සපුගහවත්ත', 10),
(563, 'පුහාඹුගොඩ නැගෙනහිර', 10),
(564, 'දොඩන්ගොඩ නැගෙනහිර', 10),
(565, 'නැගෙනහිර දොඩන්ගොඩ මධ්‍යම', 10),
(566, 'පුහාඹුගොඩ බටහිර', 10),
(567, 'ඇලදූව', 10),
(568, 'ගල්පොත්තාවිල', 10),
(569, 'ඉද්දගොඩ බටහිර', 11),
(570, 'ඉද්දගොඩ නැගෙනහිර', 11),
(571, 'හිරිකැටිය', 11),
(572, 'පාන්තිය', 11),
(573, 'වැලිමානාන', 11),
(574, 'බෝපිටිය නැගෙනහිර', 11),
(575, 'යට්ටෝවිට', 11),
(576, 'මතුගම බටහිර', 11),
(577, 'මතුගම උතුර', 11),
(578, 'ගුරුදොල', 11),
(579, 'වෑත්තෑව', 11),
(580, 'මතුගම නැගෙනහිර', 11),
(581, 'මතුගම දකුණ', 11),
(582, 'නාරවිල', 11),
(583, 'බෝපිටිය බටහිර', 11),
(584, 'දීයගල', 11),
(585, 'තඹරැටිය', 11),
(586, 'යටදොළවත්ත නැගෙනහිර', 11),
(587, 'යටදොළවත්ත බටහිර', 11),
(588, 'අලුත්ගම්ගොඩ', 11),
(589, 'නවුත්තුඩුව', 11),
(590, 'කීරන්තිඩිය', 11),
(591, 'පුස්සලමුල්ල', 11),
(592, 'කොලැහැකඩ', 11),
(593, 'කොටගෙදර', 11),
(594, 'හේනෙගම', 11),
(595, 'බදුගම', 11),
(596, 'ඕවිටිගල', 11),
(597, 'සඳසිරිගම', 11),
(598, 'බදුගම නව ජනපදය', 11),
(599, 'හොරවල නැගෙනහිර', 11),
(600, 'හොරවල උතුර', 11),
(601, 'හොරවල', 11),
(602, 'හොරවල බටහිර', 11),
(603, 'වැලිපැන්න නැගෙනහිර-දකුණ', 11),
(604, 'වැලිපැන්න බටහිර', 11),
(605, 'වැලිපැන්න නැගෙනහිර-උතුර', 11),
(606, 'දිප්පිට', 11),
(607, 'ලෙව්වන්දූව උතුර', 11),
(608, 'හේන්පිට', 11),
(609, 'ගල්මත්ත', 11),
(610, 'වලගෙදර උතුර', 11),
(611, 'වරකාතොල්ල', 11),
(612, 'නුගගහලන්ද', 11),
(613, 'කැප්පෙටිගහලන්ද', 11),
(614, 'බොන්දුපිටිය', 11),
(615, 'ආඳාවල', 11),
(616, 'තල්ගස්ගොඩ', 11),
(617, 'ඉඳිගස්තුඩුව', 11),
(618, 'ලද්දූව', 11),
(619, 'මීගම', 11),
(620, 'දේවගොඩ', 11),
(621, 'වලගෙදර දකුණ', 11),
(622, 'කුරැදිප්පිට', 11),
(623, 'ලෙව්වන්දූව බටහිර', 11),
(624, 'ලෙව්වන්දූව නැගෙනහිර', 11),
(625, 'මඩවල', 11),
(626, 'ගිරිකොළ', 12),
(627, 'පිඹුර', 12),
(628, 'ඕමත්ත', 12),
(629, 'ඕමත්ත නැගෙනහිර', 12),
(630, 'ඇවරිවත්ත', 12),
(631, 'කැකුලන්දල දකුණ', 12),
(632, 'හල්ඕවිට', 12),
(633, 'උඩවෙල', 12),
(634, 'හෑළඹ', 12),
(635, 'යටියන බටහිර', 12),
(636, 'ගොරොක්ගොඩ', 12),
(637, 'බේරගම', 12),
(638, 'අගලවත්ත', 12),
(639, 'කැකුලන්ද උතුර', 12),
(640, 'දාපිලිගොඩ', 12),
(641, 'වදුරබ්බ', 12),
(642, 'යටියන නැගෙනහිර', 12),
(643, 'පින්නගොඩ', 12),
(644, 'බෝධියකන්ද', 12),
(645, 'මුලටියන', 12),
(646, 'රිදීරේඛාගම', 12),
(647, 'කිතුල්ගොඩ', 12),
(648, 'කිතුල්ගොඩ දකුණ', 12),
(649, 'කුඩා කළුපහන', 12),
(650, 'මහකළුපහන', 12),
(651, 'කෙවිටියගල උතුර', 12),
(652, 'දියපත්තුගම', 12),
(653, 'කුරුපිට', 12),
(654, 'හරන්කහපත', 12),
(655, 'කෙවිටියගල', 12),
(656, 'පොල්ගම්පල', 12),
(657, 'පොල්ගම්පල නැගෙනහිර', 12),
(658, 'රත්මලේ නැගෙනහිර', 12),
(659, 'රත්මලේ', 12),
(660, 'කොස්ගුලන', 13),
(661, 'කෙලින්කන්ද', 13),
(662, 'කෙලින්කන්ද ජනපදය', 13),
(663, 'වලකඩ', 13),
(664, 'කපුගෙදර', 13),
(665, 'ගලහිටිය', 13),
(666, 'ඉලුක්පත', 13),
(667, 'පැලැඳ බටහිර', 13),
(668, 'පැලැඳ', 13),
(669, 'බාම්පාර', 13),
(670, 'අඹේගොඩ', 13),
(671, 'මොරපිටිය උතුර', 13),
(672, 'මොරපිටිය', 13),
(673, 'මිදලන බටහිර', 13),
(674, 'මාරගහදෙණිය', 13),
(675, 'ලත්පඳුර නැගෙනහිර', 13),
(676, 'බෙල්ලන නැගෙනහිර', 13),
(677, 'විහාරගම', 13),
(678, 'කපුගම', 13),
(679, 'බෙල්ලන', 13),
(680, 'යකුපිටිය', 13),
(681, 'ලත්පඳුර', 13),
(682, 'කඹුරාවල', 13),
(683, 'බදුරලිය', 13),
(684, 'දිග්ගොඩ', 13),
(685, 'මිදලන', 13),
(686, 'මොරපිටිය දකුණ', 13),
(687, 'අත්වැල්තොට', 13),
(688, 'දිගන්න', 13),
(689, 'බටහේන', 13),
(690, 'හැඩිගල්ල', 13),
(691, 'මගුර නැගෙනහිර', 13),
(692, 'මගුර බටහිර', 13),
(693, 'අද්දරගොඩ', 13),
(694, 'පැණිගල', 13),
(695, 'කළුගල', 13),
(696, 'අතලේ', 13),
(697, 'ඉඟුරුදළුව', 13),
(698, 'බොල්ලුන්න', 13),
(699, 'කළුකන්දාව', 13),
(700, 'බටගොඩවිල', 13),
(701, 'බොරළුගොඩ', 13),
(702, 'තිනියාවල', 13),
(703, 'පන්නිල දකුණ', 14),
(704, 'පන්නිල නැගෙනහිර', 14),
(705, 'ඌරගොඩ බටහිර', 14),
(706, 'ඌරුගොඩ නැගෙනහිර', 14),
(707, 'ලිහිණියාව බටහිර', 14),
(708, 'ලිහිනියාව නැගෙනහිර', 14),
(709, 'මොරගල', 14),
(710, 'මීගහතැන්න', 14),
(711, 'මල්වච්චිගොඩ/ ගඟබඩ', 14),
(712, 'බෝතලාව', 14),
(713, 'කුම්බදූව', 14),
(714, 'මද්දෙගම', 14),
(715, 'බෝගොඩ කන්ද', 14),
(716, 'හල්වලකැලේමල්වතුකන්ද', 14),
(717, 'උතුම්ගම', 14),
(718, 'කුඩා මතුගම', 14),
(719, 'පරෙයිගම උතුර', 14),
(720, 'හල්වල', 14),
(721, 'පන්නිල', 14),
(722, 'මිරිස්වත්ත', 14),
(723, 'ඉත්තෑපාන උතුර', 14),
(724, 'මාලඹේහේන', 14),
(725, 'ඉත්තෑපාන බටහිර', 14),
(726, 'ඉත්තෑපාන දකුණ', 14),
(727, 'ඉත්තෑපාන නැගෙනහිර', 14),
(728, 'ලුල්බද්දුව', 14),
(729, 'පරෙයිගම දකුණ', 14),
(730, 'ගුලවිට උතුර', 14),
(731, 'වෙදවත්ත', 14),
(732, 'කටුකැලේ වැල්මීගොඩ', 14),
(733, 'රණේපුරගොඩ', 14),
(734, 'මණ්ඩගල', 14),
(735, 'යට්ටපාත', 14),
(736, 'පහල හෙවෙස්ස උතුර', 14),
(737, 'පහල හෙවෙස්ස දකුණ', 14),
(738, 'පැලවත්ත නැගෙනහිර', 14),
(739, 'පැලවත්ත', 14),
(740, 'පැලවත්ත බට/උතු', 14),
(741, 'මාකලන්දාව', 14),
(742, 'මාකලන්දාව දකුණ', 14),
(743, 'ගුලවිට දකුණ', 14),
(744, 'උඩුගම', 14),
(745, 'කරපාගල', 14),
(746, 'ගම්මන නැගෙනහිර', 14),
(747, 'ගම්මන බටහිර', 14),
(748, 'ගොරකදූව', 14),
(749, 'යගිරල', 14),
(750, 'කටුදොර', 14),
(751, 'මඟුරුමස්විල', 14),
(752, 'වලල්ලාවිට', 14),
(753, 'පැලවත්ත බට/දකුණ', 14),
(754, 'ගොරකදූව', 14),
(755, 'මිරිස්වත්ත', 14),
(756, 'තුංදොළ', 14),
(757, 'වීරකන්ද', 14),
(758, 'ගුලනවත්ත', 14),
(759, 'කංකොටවත්ත', 14),
(760, 'ඉහළ හෙවෙස්ස', 14),
(761, 'වලල්ලාවිට දකුණ', 14),
(762, 'තොටහ', 14);

-- --------------------------------------------------------

--
-- Table structure for table `kandy`
--

CREATE TABLE `kandy` (
  `gncode` int(4) NOT NULL,
  `gnname` varchar(23) DEFAULT NULL,
  `divsec` int(2) DEFAULT NULL
) ENGINE=InnoDB DEFAULT CHARSET=utf8;

--
-- Dumping data for table `kandy`
--

INSERT INTO `kandy` (`gncode`, `gnname`, `divsec`) VALUES
(1, 'මීගහහේන දකුණ', 1),
(2, 'මීගහහේන', 1),
(3, 'ගලබාව', 1),
(4, 'කොබ්බෑගල', 1),
(5, 'අඹගහහේන', 1),
(6, 'රොක්හිල්', 1),
(7, 'අක්කර වත්ත', 1),
(8, 'බොනකොට්', 1),
(9, 'හද්දාපිටිය', 1),
(10, 'දෙල්ගස්යාය', 1),
(11, 'ගල්ලෙනවත්ත', 1),
(12, 'කදන්හේන නැගෙනහිර', 1),
(13, 'නාමල්තැන්න', 1),
(14, 'අලවත්තේගම', 1),
(15, 'කුඹුරේගම', 1),
(16, 'බාංඅංග', 1),
(17, 'ඈතමුල්ල', 1),
(18, 'පාළුකෝපිවත්ත', 1),
(19, 'දමුණුගස්තැන්න', 1),
(20, 'ගලගෙදර බටහිර', 1),
(21, 'උඩපිටිය', 1),
(22, 'ගලගෙදර මඩිගේ දකුණ', 1),
(23, 'ගලගෙදර', 1),
(24, 'ගලගෙදර මඩිගේ', 1),
(25, 'පෙතිගේවෙල', 1),
(26, 'උදලාගම', 1),
(27, 'ගුණදාහ', 1),
(28, 'මැදගොඩ පහල', 1),
(29, 'ඕපල්ල', 1),
(30, 'ගංගොඩපිටිය', 1),
(31, 'පුබ්බිලිය', 1),
(32, 'කන්නාදෙනිය', 1),
(33, 'බරන්දර', 1),
(34, 'කළුවාන', 1),
(35, 'කිණීගම', 1),
(36, 'කිනිගම නැගෙනහිර', 1),
(37, 'පොත්තිල', 1),
(38, 'උඩුව', 1),
(39, 'මැදගොඩ ඉහල', 1),
(40, 'නාරංවල', 1),
(41, 'හිත්ගොඩ වල්පොල', 1),
(42, 'පරණගම', 1),
(43, 'වෑත්තෑව', 1),
(44, 'පවුල්පාව', 1),
(45, 'කිරිඳිවැල්පොල', 1),
(46, 'කූරගම උතුර', 1),
(47, 'නිකතැන්න', 1),
(48, 'ඇටඹේගොඩ', 1),
(49, 'තහල්පිටිය', 1),
(50, 'දෙහිදෙනිය', 1),
(51, 'කන්දේකුඹුර', 1),
(52, 'දියපලාගොඩ', 1),
(53, 'නියංගොඩ', 1),
(54, 'නියඹේපොල', 1),
(55, 'හේනෙගම පල්කුඹුර', 1),
(56, 'ඉඩමේගම', 1),
(57, 'මරවානාගොඩ', 1),
(58, 'අදුන්ගම පල්කුඹුර', 1),
(59, 'කූරගම', 1),
(60, 'උඩහේනේපොළ', 1),
(61, 'පොහොලියද්ද', 1),
(62, 'හියදල', 1),
(63, 'පල්ලෙකොටුව', 1),
(64, 'හියදල වල්පොල', 1),
(65, 'මිනිගමුව', 1),
(66, 'මිනිගමුව ඉහළ', 1),
(67, 'තැන්නේවෙල', 1),
(68, 'එගොඩමුල්ල උතුර', 2),
(69, 'ඉහළ මුල්ල', 2),
(70, 'දෙහිවත්ත', 2),
(71, 'එගොඩමුල්ල දකුණ', 2),
(72, 'පහළකිතුල්ගොල්ල', 2),
(73, 'අලවත්ත', 2),
(74, 'උඩකිතුල්ගොල්ල', 2),
(75, 'අංකුඹුර දකුණ', 2),
(76, 'අංකුඹුර උතුර', 2),
(77, 'උග්ගල ජනපදය', 2),
(78, 'පල්ලෙගම පහළ', 2),
(79, 'වැල්ගාල', 2),
(80, 'අංකුඹුර උඩගම', 2),
(81, 'කෝවිල මුදුන', 2),
(82, 'ගල්හින්න', 2),
(83, 'ගල්කන්ද', 2),
(84, 'පල්ලිය කොටුව', 2),
(85, 'බටගොල්ලදෙනිය', 2),
(86, 'වටගලතැන්න', 2),
(87, 'මොරන්කන්ද', 2),
(88, 'වෑවල උතුර', 2),
(89, 'උඩහේන', 2),
(90, 'සියපත්ගම', 2),
(91, 'පතිරාද', 2),
(92, 'උඩහිඟුල්වල', 2),
(93, 'පහළ හිඟුල්වල', 2),
(94, 'රඹුකේවල', 2),
(95, 'ගොඩහේන', 2),
(96, 'කහටගස්තැන්න', 2),
(97, 'වටගොඩ', 2),
(98, 'දොළපිහිල්ල උතුර', 2),
(99, 'දොළපිහිල්ල දකුණ', 2),
(100, 'වැලිගල්ල', 2),
(101, 'වෑවල', 2),
(102, 'බොක්කාවල', 2),
(103, 'හරංකහව', 2),
(104, 'හේනේගම', 2),
(105, 'මොලගොඩ', 2),
(106, 'වල්දෙණිය', 2),
(107, 'මැදගොඩ', 2),
(108, 'දිද්දෙනිය', 2),
(109, 'ඕවිස්ස උතුර', 2),
(110, 'ඕවිස්ස දකුණ', 2),
(111, 'කිරලගම', 2),
(112, 'පලිපාන', 2),
(113, 'දොඹගම්මන', 2),
(114, 'උක්ගහකුඹු‍ර', 2),
(115, 'මාරතුගොඩ උතුර', 2),
(116, 'මාරතුගොඩ දකුණ', 2),
(117, 'අඹරුප්ප', 2),
(118, 'ගල්ලෑල්ල', 2),
(119, 'මාරුද්දන', 2),
(120, 'අලගොඩ', 2),
(121, 'මඩදෙනිය', 2),
(122, 'වරකාදෙණිය', 2),
(123, 'බටගල්ල උතුර', 2),
(124, 'බමුණුපොළ', 2),
(125, 'බටුගොඩ උතුර', 2),
(126, 'බටගල්ල දකුණ', 2),
(127, 'බටුගොඩ දකුණ', 2),
(128, 'දිවානවත්ත', 2),
(129, 'මුල්ලෙගම උතුර', 2),
(130, 'කහවත්ත උතුර', 2),
(131, 'කහවත්ත දකුණ', 2),
(132, 'මුල්ලෙගම දකුණ', 2),
(133, 'කළුවාන දකුණ', 2),
(134, 'කළුවාන උතුර', 2),
(135, 'රඹුකේඇල', 3),
(136, 'විලාන උඩගම', 3),
(137, 'විලාන පල්ලේගම', 3),
(138, 'වලහේන', 3),
(139, 'අලවතුගොඩ', 3),
(140, 'බලකඩුව', 3),
(141, 'මාවතුපොල', 3),
(142, 'අරඹේපොළ', 3),
(143, 'දෙල්ගස්ගොඩ', 3),
(144, 'දිප්පිටිය', 3),
(145, 'මල්වානහින්න', 3),
(146, 'කොනකලගල', 3),
(147, 'මල්ගමන්දෙනිය', 3),
(148, 'රතුකොහො', 3),
(149, 'මාරහෙල', 3),
(150, 'හුරිගොල්ල', 3),
(151, 'නීරැල්ල', 3),
(152, 'මේල්චේන', 3),
(153, 'බුලුගොහොතැන්න', 3),
(154, 'කසාවත්ත', 3),
(155, 'උඩවැලිකැටිය', 3),
(156, 'පල්ලේවැලිකැටිය', 3),
(157, 'දොඩංගොල්ල', 3),
(158, 'අකුරණ', 3),
(159, 'දෙල්ගස්තැන්න', 3),
(160, 'කුරුගොඩ', 3),
(161, 'දීගල', 3),
(162, 'පංගොල්ලාමඩ', 3),
(163, 'දුනුවිල උතුර', 3),
(164, 'දුනුවිල දකුණ', 3),
(165, 'පල්ලේදීගල', 3),
(166, 'තෙළඹුගහවත්ත ගම', 3),
(167, 'වරාගස්හින්න', 3),
(168, 'කුරුඳුගහඇල', 3),
(169, 'උග්ගල', 3),
(170, 'යටවර', 4),
(171, 'යටවර කන්දගම', 4),
(172, 'ඉහළ යටවර', 4),
(173, 'උඩුරාවණ', 4),
(174, 'දොරගමුව', 4),
(175, 'බෝගහකුඹුර', 4),
(176, 'දීගහවතුර', 4),
(177, 'මහකුඹුර', 4),
(178, 'මන්දණ්ඩා‍වෙල', 4),
(179, 'පරණගම', 4),
(180, 'අළුත්ගම', 4),
(181, 'වල්පලදෙණිය', 4),
(182, 'පුවක්ගහදෙණිය', 4),
(183, 'ව‍ත්තේගම', 4),
(184, 'වත්තේගම උතුර', 4),
(185, 'ගුනැමිබිල්ල', 4),
(186, 'ඊරියගස්තැන්න', 4),
(187, 'පිටියේ ගෙදර', 4),
(188, 'යටි‍රාවණ', 4),
(189, 'මීගම්මන', 4),
(190, 'මීගම්මන බටහිර', 4),
(191, 'ගලදෙණිය', 4),
(192, 'උඩතලවින්න', 4),
(193, 'පල්ලෙතලවින්න ඉහළ', 4),
(194, 'මූණමලේ', 4),
(195, 'කැන්දලියද්ද', 4),
(196, 'ගිරාකඩුව', 4),
(197, 'අඹතැන්න', 4),
(198, 'මොලගොඩයාවත්ත', 4),
(199, 'මෙගොඩගම', 4),
(200, 'එගොඩගම', 4),
(201, 'මිල්ලංග', 4),
(202, 'පල්ලෙතලවින්න', 4),
(203, 'උඩතලවින්න මඩි‍ගේ', 4),
(204, 'මීගමවත්ත', 4),
(205, 'මඩවල මඩි‍ගේ', 4),
(206, 'මඩවල', 4),
(207, 'වලල', 4),
(208, 'කැටකහල', 4),
(209, '‍තල්කොටුව', 4),
(210, 'නාපාන', 4),
(211, 'ලීමගහදෙණිය', 4),
(212, 'පිහිල්ලදෙණිය', 4),
(213, 'ගුන්නෑපාන මඩි‍ගේ', 4),
(214, 'පොල්ගොල්ල', 4),
(215, 'බලනගල', 4),
(216, 'නවයාලතැන්න', 4),
(217, 'කහල්ල', 4),
(218, 'කළුගලවත්ත', 4),
(219, 'ගාලේවත්ත', 4),
(220, 'අබසිංගම', 4),
(221, 'හාමින්දාගොඩ', 4),
(222, 'කැලෑබොක්ක', 5),
(223, 'වටකැලේ', 5),
(224, 'මහපතන', 5),
(225, 'කොස්ගම', 5),
(226, 'තවලන්තැන්න', 5),
(227, 'ගෝමරය', 5),
(228, 'බැද්දෙගම', 5),
(229, 'අරත්තන', 5),
(230, 'මඩුල්කැලේ', 5),
(231, 'හාතලේ', 5),
(232, 'අංගම්මන', 5),
(233, 'උඩුගොඩ', 5),
(234, 'පිටවල', 5),
(235, 'පන්විල', 5),
(236, 'මීමුරේ', 6),
(237, 'කුඹුක්ගොල්ල', 6),
(238, 'කයිකාවල', 6),
(239, 'පුස්සේඇල', 6),
(240, 'කරඹකැටිය', 6),
(241, 'ගැරඩිගල', 6),
(242, 'මූණමල්පැලැස්ස', 6),
(243, 'කළුගල', 6),
(244, 'උඩ ඉළුක', 6),
(245, 'පදුපොල', 6),
(246, 'උඩකුඹුර', 6),
(247, 'කළුගල්ඔය', 6),
(248, 'දුම්බරගම', 6),
(249, 'පල්ලේවෙල', 6),
(250, 'උඩවෙල', 6),
(251, 'කන්දේගම', 6),
(252, 'වදවලකන්ද', 6),
(253, 'කොබෝනිල්ල', 6),
(254, 'පල්ලේකන්ද', 6),
(255, 'හංවැල්ල', 6),
(256, 'ආඬිදෙණිය', 6),
(257, 'දඔගහපිටිය', 6),
(258, 'පෝප්පිටිය', 6),
(259, 'ඔයතැන්න', 6),
(260, 'තලගුනේ', 6),
(261, 'ගෙදරමඩ', 6),
(262, 'කිරිගංකුඹු‍ර', 6),
(263, 'උඩදුම්බර', 6),
(264, 'නවනගල', 6),
(265, 'හුන්නස්ගිරිය', 6),
(266, 'කිරිපට්ටිය', 6),
(267, 'හාල්යාල', 6),
(268, 'මැදිරිය', 6),
(269, 'ගංගොඩ', 6),
(270, 'උඩපිටවල', 6),
(271, 'මහවල', 6),
(272, 'පිටවල උඩගම්මැද්ද', 6),
(273, 'ගොඩකුඹුර', 6),
(274, 'මැදිවක', 6),
(275, 'කරඳගොල්ල', 6),
(276, 'රඹුක්වැල්ල නැගෙනහිර', 6),
(277, 'රඹුක්වැල්ල බටහිර', 6),
(278, 'දේනාපිටිය', 6),
(279, 'නුගේතැන්න නැගෙනහිර', 6),
(280, 'නුගේතැන්න බටහිර', 6),
(281, 'කෙවුල්ගම', 6),
(282, 'ගනේගල', 6),
(283, 'මිනුවන්ගමුව', 6),
(284, 'කලල්ගමුව', 6),
(285, 'පිටවල', 6),
(286, 'දේවහන්දිය නැගෙනහිර', 6),
(287, 'හපුකන්ද නැගෙනහිර', 6),
(288, 'හපුකන්ද බටහිර', 6),
(289, 'මඩුගල්ල උඩගම්මැද්ද', 6),
(290, 'මඩුගල්ල උතුර', 6),
(291, 'මඩුගල්ල දකුණ', 6),
(292, 'පමුනේතැන්න', 6),
(293, 'දේවින්නේගම', 6),
(294, 'බඹරබැද්ද නැගෙනහිර', 6),
(295, 'බඹරබැද්ද බටහිර', 6),
(296, 'පිටිගොඩ', 6),
(297, 'කලවල', 6),
(298, 'දේවහන්දිය බටහිර', 6),
(299, 'ගලමුදුන', 7),
(300, 'දුංගොල්ල', 7),
(301, 'තොටිල්ලගස්ඇල්ල', 7),
(302, 'පලුගොල්ල', 7),
(303, 'වේවරේ', 7),
(304, 'දැහැමිගම', 7),
(305, 'හිඹුටුව', 7),
(306, 'උඩත්තව උතුර', 7),
(307, 'පල්ලේගල්දෙබොක්ක', 7),
(308, 'උඩගලදෙබොක්ක', 7),
(309, 'උඩත්තව', 7),
(310, 'දඔගහවෙළ', 7),
(311, 'කිදිගොඩ උතුර', 7),
(312, 'උඩවෙළ', 7),
(313, 'කිදිගොඩ දකුණ', 7),
(314, 'උල්පතගම', 7),
(315, 'අඹගොල්ල', 7),
(316, 'දඹේපිටිය', 7),
(317, 'වැල්ගහවාඩිය', 7),
(318, 'මහයාය උතුර', 7),
(319, '08 ඇල', 7),
(320, 'වැල්ගාල', 7),
(321, 'මහයාය දකුණ', 7),
(322, 'තෝරපිටිය', 7),
(323, 'කිණපැලැස්ස', 7),
(324, 'මහගලහින්න', 7),
(325, 'හසළක', 7),
(326, 'පල්ලේවත්ත', 7),
(327, 'හසළක නගරය', 7),
(328, 'මහඇස්සැද්දුම', 7),
(329, 'රත්නැල්ල', 7),
(330, 'ගුරැළුපොත', 7),
(331, 'වරාගොල්ල', 7),
(332, 'වේරගම', 7),
(333, 'බුළත්වැල්කදුර', 7),
(334, 'වේරගංතොට', 7),
(335, 'මොරයාය', 7),
(336, 'ලුණුමඩලාකැටිය', 7),
(337, 'දියබුබුල', 7),
(338, 'හදගනාව', 7),
(339, 'බටුමුල්ල', 7),
(340, 'උඩයාගල', 7),
(341, 'අසමෝදගම්යාය', 7),
(342, 'අඔගහපැලැස්ස', 7),
(343, 'මුත්තෙට්ටුතැන්න', 7),
(344, 'මිනිපේ', 7),
(345, 'කොලොංයාය', 7),
(346, 'බැබීය', 7),
(347, 'ඇල්ලියද්ද', 8),
(348, 'තුනිස්ගල', 8),
(349, 'ගෝනවල', 8),
(350, 'තංගප්පුව', 8),
(351, 'කොටගග', 8),
(352, 'බුලත්වත්ත', 8),
(353, 'ගලබඩවත්ත', 8),
(354, 'නාගොල්ල', 8),
(355, 'ගල්කොටුව', 8),
(356, 'වේරපිටිය', 8),
(357, 'වේරතැන්න', 8),
(358, 'රංදිවෙල', 8),
(359, 'බෝබැබිල', 8),
(360, 'ඩක්වාරිය', 8),
(361, 'රංගල අලුත්වත්ත', 8),
(362, 'පර්න්ඩේල්', 8),
(363, 'හක්මන', 8),
(364, 'බර්න්සයිඩ්', 8),
(365, 'රංගල', 8),
(366, 'වෙළදරාඩ', 8),
(367, 'මකුල්දෙණිය', 8),
(368, 'වරදිවෙල', 8),
(369, 'ගිඩ්ඩාව වරදිවෙල', 8),
(370, 'දූන්හින්න', 8),
(371, 'මානෙළුව', 8),
(372, 'ගිඩ්ඩව', 8),
(373, 'වැලිකැටිය', 8),
(374, 'පුටුහපුව', 8),
(375, 'උඩබාගේ', 8),
(376, 'අමුපිටිය', 8),
(377, 'ගොඩමුන්න', 8),
(378, 'කටුගොඩ', 8),
(379, 'හීල්ඔය', 8),
(380, 'කන්දෙකුඹුර', 8),
(381, 'රේටියගම', 8),
(382, 'පොද්දල්ගොඩ', 8),
(383, 'නිල්ගල', 8),
(384, 'මාදෙණියාවක', 8),
(385, 'ඇඹලගම', 8),
(386, 'සිරිදිගන', 8),
(387, 'නුගේපතන', 8),
(388, 'වටපාන', 8),
(389, 'අම්බලගල', 8),
(390, 'ගඟසිරිගම', 8),
(391, 'මඩපොළ', 8),
(392, 'කන්දේගම', 8),
(393, 'රංදෙණිය', 8),
(394, 'පල්ලේබාගේ', 8),
(395, 'ගබ්වෙල', 8),
(396, 'උඩිස්පත්තුව', 8),
(397, 'රංමුල්ල', 8),
(398, 'මහරවෙල', 8),
(399, 'කුරුකොහොගම', 8),
(400, 'කිරිබත්තලාව', 8),
(401, 'හාතියල්වෙල', 8),
(402, 'මාංගොඩ', 8),
(403, 'රඹුක්පොත', 8),
(404, 'නමදගල', 8),
(405, 'මැටිදෙණිය', 8),
(406, 'දකුණු දොරලියද්ද', 8),
(407, 'වෑගල', 8),
(408, 'මීගහමඩිත්ත', 8),
(409, 'රඹුක්වැල්ල', 8),
(410, 'උඩවෙල', 8),
(411, 'වැල්ලෙතොට', 8),
(412, 'විල්අමුණ', 8),
(413, 'කරල්ලියද්ද', 8),
(414, 'අඹගහලන්ද', 8),
(415, 'හිජ්ජාපුර', 8),
(416, 'ගල්අම්බලම', 8),
(417, 'මාබේරියතැන්න', 8),
(418, 'ඇල්ලෙපොල', 8),
(419, 'වැවේගම', 8),
(420, 'සෙනරත්වෙල', 8),
(421, 'නිතුලේමඩ', 8),
(422, 'උඩතැන්න', 8),
(423, 'මැදමහනුවර', 8),
(424, 'බෝමුරේ', 8),
(425, 'රජගල', 8),
(426, 'වතුලියද්ද', 8),
(427, 'මොරගහමුල', 8),
(428, 'මහදොරලියද්ද', 8),
(429, 'පුවක්ගහදිවෙල', 8),
(430, 'අම්බාලේ', 8),
(431, 'මීරියගොල්ල', 8),
(432, 'බඹරගහදෙණිය', 8),
(433, 'මීගහලන්ද', 8),
(434, 'සඳසිරිදුනුවිල', 8),
(435, 'තැන්නලන්ද', 8),
(436, 'උඩගම්මැද්ද', 8),
(437, 'වෙලපහළ', 8),
(438, 'මැදගම්මැද්ද', 8),
(439, 'රඹුක්වැල්ල නැ/', 8),
(440, 'දුනුහප්පාව', 9),
(441, 'නාරම්පනාව බටහිර', 9),
(442, 'කන්දේකුඹුර', 9),
(443, 'අලවතුගිරියගම', 9),
(444, 'ගල්පිහිල්ල', 9),
(445, 'මක්කානිගම', 9),
(446, 'වාවින්න', 9),
(447, 'පල්ලේගම', 9),
(448, 'මහරතැන්න බටහිර', 9),
(449, 'උඩගම උතුර', 9),
(450, 'ඉහළ ගෝනාගම', 9),
(451, 'දෙල්ගස්ලන්ද', 9),
(452, 'ලුනුකැටියාමඩිත්ත', 9),
(453, 'නාරම්පනාව නැගෙනහිර', 9),
(454, 'කුරුඅඹේමුදුන', 9),
(455, 'මාළුවේගම', 9),
(456, 'වැපතන', 9),
(457, 'ගෝනවල උතුර', 9),
(458, 'දැලිවලතැන්න', 9),
(459, 'හීපිටිය', 9),
(460, 'උඩගම දකුණ', 9),
(461, 'මහරතැන්න නැගෙනහිර', 9),
(462, 'මැණික්හින්න', 9),
(463, 'හුරිකඩුව උතුර', 9),
(464, 'හුරිකඩුව බටහිර', 9),
(465, 'බෝගස්කුඹුර', 9),
(466, 'පිලවල උතුර', 9),
(467, 'අමුණුගම උතුර', 9),
(468, 'අමුණුගම දකුණ', 9),
(469, 'උඩගුන්නැපාන දකුණ', 9),
(470, 'උඩගුන්නෑපාන උතුර', 9),
(471, 'ගබඩාගම දකුණ', 9),
(472, 'ගබඩාගම උතුර', 9),
(473, 'පල්ලේගුන්නෑපාන දකුණ', 9),
(474, 'පල්ලේගුන්නෑපාන උතුර', 9),
(475, 'සිරිමල්වත්ත බටහිර', 9),
(476, 'සිරිමල්වත්ත නැගෙනහිර', 9),
(477, 'සිරිමල්වත්ත පල්ලෙගම', 9),
(478, 'ලේවැල්ලගම', 9),
(479, 'දෙගල්දොරුව', 9),
(480, 'දීකිරිමඩවල', 9),
(481, 'හපුවල', 9),
(482, 'ගලපිටඅඹේ', 9),
(483, 'හතමුණ', 9),
(484, 'දොඩම්ගොල්ල', 9),
(485, 'හුරිකඩුව දකුණ', 9),
(486, 'හුරිකඩුව නැගෙනහිර', 9),
(487, 'හුරිකඩුව මඩිහේ', 9),
(488, 'ගල්අමුණ', 9),
(489, 'මල්පාන', 9),
(490, 'අහස්පොකුණ උතුර', 9),
(491, 'ගෝනවල දකුණ', 9),
(492, 'කුඹුක්කදුර දකුණ', 9),
(493, 'කුඹුක්කදුර උතුර', 9),
(494, 'රජවැල්ල උතුර', 9),
(495, 'අහස්පොකුණ දකුණ', 9),
(496, 'ඉහලවෙල', 9),
(497, 'කෙන්ගල්ල', 9),
(498, 'නිතුලේතැන්න', 9),
(499, 'දම්බරාව', 9),
(500, 'පිලවල දකුණ', 9),
(501, 'මහවත්ත නැගෙනහිර', 9),
(502, 'මහවත්ත උතුර', 9),
(503, 'මහවත්ත බටහිර', 9),
(504, 'මහවත්ත දකුණ', 9),
(505, 'අරංගල උතුර', 9),
(506, 'කර්ත්තමඩ', 9),
(507, 'අරංගල දකුණ', 9),
(508, 'ගල්මඩුව', 9),
(509, 'නත්තරම්පොත', 9),
(510, 'කුණ්ඩසාලෙ උතුර', 9),
(511, 'කුන්ඩසාලෙ දකුණ', 9),
(512, 'බලගොල්ල බටහිර', 9),
(513, 'බලගොල්ල නැගෙනහිර', 9),
(514, 'අස්වලපිටිය', 9),
(515, 'දියබුබුල', 9),
(516, 'රජවැල්ල දකුණ', 9),
(517, 'අලුත්පල්ලේකැලේ', 9),
(518, 'විජය ශ්‍රීගම', 9),
(519, 'අඹකොටේවත්ත', 9),
(520, 'මාවිල්මඩ', 10),
(521, 'සියඹලාගස්තැන්න', 10),
(522, 'පිටකන්දගම', 10),
(523, 'සෙංකඩගල', 10),
(524, 'වට්ටාරන්තැන්න', 10),
(525, 'නිත්තවෙල', 10),
(526, 'වටපුළුව', 10),
(527, 'මහවැලි උයන', 10),
(528, 'වටපුළුව දකුණ', 10),
(529, 'අරුප්පොල නැගෙනහිර', 10),
(530, 'අරුප්පොල බටහිර', 10),
(531, 'වටපුළුව බටහිර', 10),
(532, 'මහයියාව', 10),
(533, 'මාපනාවතුර', 10),
(534, 'පූර්ණවත්ත නැගෙනහිර', 10),
(535, 'පූර්ණවත්ත බටහිර', 10),
(536, 'අස්ගිරිය', 10),
(537, 'බහිරව කන්ද', 10),
(538, 'නුවර දොඩන්වල', 10),
(539, 'අනිවත්ත නැගෙනහිර', 10),
(540, 'කටුකැලේ බටහිර', 10),
(541, 'කටුකැලේ', 10),
(542, 'ඉහළ කටුකැලේ', 10),
(543, 'මහනුවර', 10),
(544, 'ලේවැල්ල', 10),
(545, 'තල්වත්ත', 10),
(546, 'බුවැලිකඩ', 10),
(547, 'මල්වත්ත', 10),
(548, 'බෝගම්බර', 10),
(549, 'දෙයියන්නෙවෙල', 10),
(550, 'නාගස්තැන්න', 10),
(551, 'සුදුහුම්පොල නැගෙනහිර', 10),
(552, 'සුදුහුම්පොල බටහිර', 10),
(553, 'වෙල්අට', 10),
(554, 'අනිවත්ත බටහිර', 10),
(555, 'ගැටඹේ', 10),
(556, 'පහළ ඊරියගම', 10),
(557, 'ගොඩගන්දෙනිය', 10),
(558, 'පල්ලේ පේරාදෙණිය', 10),
(559, 'උඩබෝවල', 10),
(560, 'බෝවල', 10),
(561, 'මුල්ගම්පොල', 10),
(562, 'හීරැස්සගල', 10),
(563, 'හන්තාන පෙදෙස', 10),
(564, 'අම්පිටිය දකුණ', 10),
(565, 'අම්පිටිය උතුර', 10),
(566, 'අම්පිටිය උඩගම උතුර', 10),
(567, 'තැන්නෙකුඹුර', 10),
(568, 'අම්පිටිය පල්ලෙගම', 10),
(569, 'මැද්දේගම', 10),
(570, 'අම්පිටිය උඩගම දකුණ', 10),
(571, 'වැවතැන්න', 10),
(572, 'උල්පත්කුඹුර', 10),
(573, 'ගුරුදෙණිය බටහිර', 10),
(574, 'ගුරුදෙණිය නැගෙනහිර', 10),
(575, 'මාලිගාතැන්න', 10),
(576, 'ගුරුදෙණිය දඹවෙල', 10),
(577, 'ලෙව්ල', 10),
(578, 'කැටවල', 10),
(579, 'බෝලවත්ත', 10),
(580, 'ඔගස්ටාවත්ත', 10),
(581, 'උඩපේරාදෙණිය', 10),
(582, 'හිඳගල', 10),
(583, 'මහකන්ද', 10),
(584, 'අමුවන්දෙනිය', 11),
(585, 'දොරණෑගම', 11),
(586, 'ඉහගම', 11),
(587, 'මැදවල', 11),
(588, 'අංගොඩ', 11),
(589, 'දෙඹරලාව', 11),
(590, 'බෝතොට', 11),
(591, 'අත්තරගම නැගෙනහිර', 11),
(592, 'අත්තරගම', 11),
(593, 'ගෝනිගොඩ/පල්කුඹුර', 11),
(594, 'ගෝනිගොඩ', 11),
(595, 'අත්තරගම දකුණ', 11),
(596, 'හපුගොඩ', 11),
(597, 'උඩබොකලවෙල', 11),
(598, 'රජපිහිල්ල', 11),
(599, 'උල්ලඳුපිටිය නැගෙනහිර', 11),
(600, 'උල්ලදුපිටිය බටහිර', 11),
(601, 'අරඹේගම', 11),
(602, 'අලදෙනිය', 11),
(603, 'හෑදෙනිය', 11),
(604, 'රාජසිංහගම', 11),
(605, 'පල්කුඹුර', 11),
(606, 'නාරංගොඩ', 11),
(607, 'කුරුඳුගොල්ල', 11),
(608, 'විගුහුම්පොල', 11),
(609, 'හිරියලගම්මන', 11),
(610, 'තිත්තපජ්ජල', 11),
(611, 'තිත්තපජ්ජල උතුර', 11),
(612, 'නුගවෙල', 11),
(613, 'බටුඅඹේ', 11),
(614, 'එඩරුතැන්න', 11),
(615, 'ඇඹුල්පුරේ', 11),
(616, 'උඩුවාවල බටහිර', 11),
(617, 'උඩුවාවල උතුර', 11),
(618, 'පල්ලෙබොකලවෙල', 11),
(619, 'රණවන බටහිර', 11),
(620, 'රණවන නැගෙනහිර', 11),
(621, 'උඩුවාවල නැගෙනහිර', 11),
(622, 'සෙනෙරත්ගම උතුර', 11),
(623, 'වතුවල', 11),
(624, 'උයන්වත්ත', 11),
(625, 'දඩහෝගම', 11),
(626, 'මාපාමඩුල්ල', 11),
(627, 'මාලගම්මන', 11),
(628, 'රුවන්පුරය', 11),
(629, 'කුරුදුවත්ත', 11),
(630, 'කරඩුවාවල ඉහල', 11),
(631, 'කරඩුවාවල පහල', 11),
(632, 'ඕවතැන්න', 11),
(633, 'යහලතැන්න බටහිර', 11),
(634, 'යහලතැන්න කන්ද', 11),
(635, 'කුළුගම්මන', 11),
(636, 'උගුරැස්සපිටිය', 11),
(637, 'සෙනෙරත්ගම දකුණ', 11),
(638, 'කොණ්ඩදෙණිය', 11),
(639, 'ඇටමුරුංගාගොඩ', 11),
(640, 'යටිවාවල', 11),
(641, 'කටුගස්තොට', 11),
(642, 'ඉනිගල', 11),
(643, 'රත්මලේ', 11),
(644, 'හමන්ගොඩ උතුර', 11),
(645, 'හමංගොඩ දකුණ', 11),
(646, 'උග්ගල්ල', 11),
(647, 'උඩදුල්වල', 11),
(648, 'කුරුඳුගහමඩ', 11),
(649, 'සීවලීකන්ද', 11),
(650, 'මහතැන්න', 11),
(651, 'බුලත්ගොල්ල', 11),
(652, 'යටිහලගල/උඩගම', 11),
(653, 'පහල දුල්වල', 11),
(654, 'උඩුමුල්ල', 11),
(655, 'ගොහාගොඩ', 11),
(656, 'වේගිරිය', 11),
(657, 'පොල්වත්ත', 11),
(658, 'මඩපතගම', 11),
(659, 'බාන්වැල්ගොල්ල', 11),
(660, 'නාරංගස්කුඹුර', 11),
(661, 'පල්ලෙමුල්ල', 11),
(662, 'හල් පල්ලෙගම', 11),
(663, 'බෝගහකන්ද', 11),
(664, 'යටි /පල්ලෙගම', 11),
(665, 'හල්ලොළුව', 11),
(666, 'කුඹුරේගෙදර', 11),
(667, 'වරාතැන්න', 11),
(668, 'පරගොඩ', 11),
(669, 'අළුදෙණිය උතුර', 11),
(670, 'අලුදෙණිය දකුණ', 11),
(671, 'අලකොලමඩිත්ත', 11),
(672, 'අඹෝරුව', 11),
(673, 'ගල්දොල', 11),
(674, 'පොල්වත්ත ඉහළගම', 11),
(675, 'ඉල්පේමඩ', 11),
(676, 'පොල්වත්ත', 11),
(677, 'දුංකුඹුර', 11),
(678, 'නිකතැන්න', 11),
(679, 'නාරංගස්පිටිය', 11),
(680, 'ගොඩතලේ', 11),
(681, 'කලෝටුවාව', 11),
(682, 'දේදුනුපිටිය පහලගම', 11),
(683, 'දමුණු‍පොල', 11),
(684, 'පල්ලෙපොල', 11),
(685, 'වෙලගම', 11),
(686, 'වැලිගොඩපොළ', 11),
(687, 'හතරලියැද්ද', 11),
(688, 'කනක්කරපොල උතුර', 11),
(689, 'මාවතගම', 11),
(690, 'ඉඹුලේතැන්න', 11),
(691, 'වැලිවිට ඉහලගම උතුර', 11),
(692, 'වැලිවිට ඉහලගම', 11),
(693, 'සිවුරුපිටිය', 11),
(694, 'එරමුදුලියද්ද', 11),
(695, 'මුරුද්දෙනිය', 11),
(696, 'වල්පලාගොල්ල උතුර', 11),
(697, 'වල්පලාගොල්ල නැගෙනහිර', 11),
(698, 'වල්පලාගොල්ල දකුණ', 11),
(699, 'වැලිවිට පහලගම', 11),
(700, 'හඳබෝව', 11),
(701, 'මීගස්තැන්න', 11),
(702, 'කනක්කරපොල දකුණ', 11),
(703, 'අවුල්බෝදලේ', 11),
(704, 'ලෙච්චමි වැනිලා', 11),
(705, 'යග්ගල', 11),
(706, 'රංගමුව', 11),
(707, 'දේදුනුපිටිය ඉහළ', 11),
(708, 'අම්බාව', 11),
(709, 'දෙහිදෙණිය මඩිගේ', 11),
(710, 'පැලැන පහලගම', 11),
(711, 'පැලැන', 11),
(712, 'කන්දේමීය', 11),
(713, 'අලගල්ල පහලගම', 11),
(714, 'අලගල්ල ඉහලගම', 11),
(715, 'මුඩගම්මන', 11),
(716, 'පට්ටපොල ඉහලගම', 11),
(717, 'පට්ටපොල පහළ', 11),
(718, 'වැලිවිට පහළගම දකුණ', 11),
(719, 'ආඩියාතැන්න', 11),
(720, 'කොළුගල', 11),
(721, 'කොළුගල පහළ', 11),
(722, 'කිතුල්දොර', 11),
(723, 'අලුත්ගම පහල', 11),
(724, 'අලුත්ගම ඉහළ', 11),
(725, 'අලගල්ල වත්ත', 12),
(726, 'කිරිමැටිය වත්ත', 12),
(727, 'පහළ යටිගම්මන', 12),
(728, 'යටිගම්මන', 12),
(729, 'තිස්මඩ', 12),
(730, 'කොටලිගො‍ඩ උතුර', 12),
(731, 'උඩවෙල නාඩිතලාව', 12),
(732, 'උඩවෙල පල්ලෙමඩිත්ත', 12),
(733, 'වතුරකුඹුර', 12),
(734, 'ගුරුගම', 12),
(735, 'දෙහිඅංග උතුර', 12),
(736, 'කොබ්බෑකඩුව', 12),
(737, 'ඉහළ කොබ්බෑකඩුව', 12),
(738, 'පෑලෑව ඉහළගම', 12),
(739, 'යහලතැන්න', 12),
(740, 'පෑලව ඉහළ මැද', 12),
(741, 'පෑලව පහලගම', 12),
(742, 'ගන්නෝරුව බටහිර', 12),
(743, 'දෙහිගම නැගෙනහිර', 12),
(744, 'දෙහිගම දකුණ', 12),
(745, 'දෙහිගම උතුර', 12),
(746, 'දෙහිඅංග දකුණ', 12),
(747, 'පහළ දොඩම්වල', 12),
(748, 'දොඩම්වල ඉහළ', 12),
(749, 'උඩවෙල පහලගම', 12),
(750, 'මුංවතුගොඩ', 12),
(751, 'වල්ගම්පාය', 12),
(752, 'බත්ගොඩ', 12),
(753, 'දෙළුව නැගෙනහිර', 12),
(754, 'දොළුව බටහිර', 12),
(755, 'කොටලිගොඩ දකුණ', 12),
(756, 'මැණික්දිවෙල', 12),
(757, 'පොත්තෙපිටිය', 12),
(758, 'ඉහළ අල්ගල්ල', 12),
(759, 'ගොඩිගමුව', 12),
(760, 'මොටනදෙකිඳ', 12),
(761, 'ගෝන්දෙණිය', 12),
(762, 'මාදිලිගම', 12),
(763, 'උඩරත්මීවල', 12),
(764, 'පහල රත්මීවල', 12),
(765, 'දෙල්දෙනිය', 12),
(766, 'වල්ගොව්වාගොඩ', 12),
(767, 'කවුඩුපන', 12),
(768, 'හලියද්ද', 12),
(769, 'දන්තුරේ', 12),
(770, 'සියඹලාගොඩ', 12),
(771, 'පරකටවැල්ල', 12),
(772, 'ඉඹුල්මල්ගම', 12),
(773, 'දියපලාගොඩ', 12),
(774, 'මංගලගම', 12),
(775, 'කරුවල වත්ත', 12),
(776, 'ගන්නෝරුව ම්‍ධ්‍යම', 12),
(777, 'දෙහිදෙණිය බටහිර', 12),
(778, 'සූරියගොඩ', 12),
(779, 'මල්ගම්මන', 12),
(780, 'මොලදණ්ඩ', 12),
(781, 'ගිරාගම', 12),
(782, 'අරඹේගම නැගෙනහිර', 12),
(783, 'කුඩාඔය', 12),
(784, 'කුරුඳුවත්ත', 12),
(785, 'කදංගම උතුර', 12),
(786, 'මාමුඩාවල', 12),
(787, 'මාලිගාතැන්න', 12),
(788, 'කැටකුඹුර', 12),
(789, 'අමුණුපුරය', 12),
(790, 'මොරගොල්ල මහකන්ද', 12),
(791, 'බලන', 12),
(792, 'වෙරළුගොල්ල', 12),
(793, 'පහළ මුදලිවත්ත', 12),
(794, 'මුදලිවත්ත', 12),
(795, 'පානබොක්ක', 12),
(796, 'කඳංගම දකුණ', 12),
(797, 'කොටබෝගොඩ', 12),
(798, 'ඌරාපොල', 12),
(799, 'අරඹේගම බටහිර', 12),
(800, 'ඇඹිල්මීගම උතුර', 12),
(801, 'රණවන', 12),
(802, 'බුළුමුල්ල', 12),
(803, 'පිලපිටිය', 12),
(804, 'කිරිබත්කුඹුර නැ‍ගෙනහිර', 12),
(805, 'දෙහිදෙණිය නැගෙනහිර', 12),
(806, 'කැන්දකඩුව', 12),
(807, 'ගන්නෝරුව නැගෙනහිර', 12),
(808, 'උඩඊරියගම/නැ', 12),
(809, 'උඩඊරියගම /බටහිර', 12),
(810, 'ඒදඬුවාව නැගෙනහිර', 12),
(811, 'ඒදඩුවාව බටහිර', 12),
(812, 'කිරිබත්කුඹුර බටහිර', 12),
(813, 'ඇඹිලිමීගම දකුණ', 12),
(814, 'ගෝවින්දල', 12),
(815, 'පිළිමතලාව', 12),
(816, 'ඉළුක්වත්ත', 12),
(817, 'මඩරංගොඩ', 12),
(818, 'කඩවත්ගම', 12),
(819, 'කඩුගන්නාව නගරය', 12),
(820, 'ගංගොඩ', 13),
(821, 'ගංගොඩ උතුර', 13),
(822, 'වැරැල්ලමාන', 13),
(823, 'තලවත්ත', 13),
(824, '‍බෝයගම', 13),
(825, 'ගංගොඩ දකුණ', 13),
(826, 'ගඩලාදෙණිය උතුර', 13),
(827, 'කිරිවවුල නැගනහිර', 13),
(828, 'කිරිවවුල බටහිර', 13),
(829, 'අලදුවක', 13),
(830, 'පහළ කුරැකුත්තල', 13),
(831, 'කුරුකුත්තල ඉහල', 13),
(832, 'බැලුංගල', 13),
(833, 'ලගමුව', 13),
(834, 'මාත්ගමුව', 13),
(835, 'උරැලෑවත්ත', 13),
(836, 'වරකාගොඩ', 13),
(837, 'හෑපාන', 13),
(838, 'ගඩලාදෙණිය දකුණ', 13),
(839, 'දැලිවල', 13),
(840, 'පමුණුව බටහිර', 13),
(841, 'පමුණුව නැගනහිර', 13),
(842, 'මාම්පිටිය', 13),
(843, 'රාජගිරිය', 13),
(844, '‍හේ‍න්දෙණිය බටහිර', 13),
(845, '‍හේ‍න්දෙණිය නැගනහිර', 13),
(846, 'පැනිදෙනිය', 13),
(847, 'ස‍ග‍‍බෝගම', 13),
(848, 'මිවතුර', 13),
(849, 'අගුණා‍වල නැගනහිර', 13),
(850, 'අගුණාවල බටහිර', 13),
(851, 'යා‍ලේ‍ගොඩ නැගනහිර', 13),
(852, 'යාලේගොඩ බටහිර', 13),
(853, 'අලපලාවල නැගෙනහිර', 13),
(854, 'අලපලාවල බටහිර', 13),
(855, 'වල්ගම', 13),
(856, 'රබ්බේගමුව උතුර', 13),
(857, 'රබ්බේගමුව දකුණ', 13),
(858, 'හිද්දවුල්ල නැගනහිර', 13),
(859, 'ගගුල්දෙනිය', 13),
(860, 'වට්ටප්පොල', 13),
(861, 'වලගෙදර උතුර', 13),
(862, 'උඩගම', 13),
(863, 'අලුත්කන්ද', 13),
(864, 'සාදික්කාවත්ත', 13),
(865, 'කෝවිලකන්ද', 13),
(866, 'වලගෙදර දකුණ', 13),
(867, 'නිකහැටිය', 13),
(868, 'පානබොක්ක', 13),
(869, 'හිද්දවුල බටහිර', 13),
(870, 'හියාරාපිටිය', 13),
(871, 'හීයවල', 13),
(872, 'ඉඹුල්දෙනිය', 13),
(873, 'නාරංවල', 13),
(874, 'හන්දෙස්ස', 13),
(875, 'පිලිගල්ල බටහිර', 13),
(876, 'පිලිගල්ල නැගනහිර', 13),
(877, 'ගොඩපොල බටහිර', 13),
(878, 'ගොඩපොල නැගනහිර', 13),
(879, 'කඹුරාදෙණිය', 13),
(880, 'මීවලදෙණිය', 13),
(881, 'අරත්තන', 13),
(882, 'දවුලගල', 13),
(883, 'ඇරව්වාවල', 13),
(884, 'රංගම', 13),
(885, 'වතුපොළ', 13),
(886, 'මානික්කාව', 13),
(887, 'ඇල්පිටිකන්ද', 13),
(888, 'කුරදෙනිය', 13),
(889, 'අඹන්වල', 13),
(890, 'වේරවල නැගෙනහිර', 13),
(891, 'වෙරවල බටහිර', 13),
(892, 'සියඹළාගොඩ', 13),
(893, 'මැද්දේගොඩ', 13),
(894, 'ඇම්බැක්ක', 13),
(895, 'අම්බරපොළ', 13),
(896, 'එළදැත්ත බටහිර', 13),
(897, '‍ඉහළ පෙතියාගොඩ', 13),
(898, 'පෙතියගොඩ බටහිර', 13),
(899, 'පෙතියාගොඩ නැගෙනහිර', 13),
(900, 'පල්ලේ අළුදෙනිය', 13),
(901, 'කරමඩ උතුර', 13),
(902, 'නිව් පේරාදෙනිය', 13),
(903, 'කරමඩ දකුණ', 13),
(904, 'නිව් ඇල්පිටිය උතුර', 13),
(905, 'ගෙලිඔය', 13),
(906, 'දෙහිපාගොඩ බටහිර', 13),
(907, 'දෙහිපාගොඩ නැගනහිර', 13),
(908, 'එළදැත්ත නැගෙනහිර', 13),
(909, 'හත්නාගොඩ', 13),
(910, 'කැටකුඹුර', 13),
(911, 'බුවැලිකඩ', 13),
(912, 'දොඩන්දෙනිය', 13),
(913, 'බටුපිටිය', 13),
(914, 'බඹ්රදෙණිය', 13),
(915, 'පිලපිටිය', 13),
(916, 'රංගොඩ', 13),
(917, 'අඔගස්තැන්න', 13),
(918, 'වෙලම්බොඩ', 13),
(919, 'ලියන්ගහවත්ත', 13),
(920, 'මාවිකුඹුර උතුර', 13),
(921, 'මාවිකුඹුර දකුණ', 13),
(922, 'වටදෙනිය', 13),
(923, 'විහාරගම', 13),
(924, 'ගංහත', 13),
(925, 'දස්කර', 13),
(926, 'වේගිරිය නැගෙනහිර', 13),
(927, 'තලවතුර', 13),
(928, 'මුරුතගහමුල', 13),
(929, 'පිටවලවත්ත', 13),
(930, 'නිව් ඇල්පිටිය දකුණ', 13),
(931, 'පොල්ගහඅංග', 13),
(932, 'දෙල්ගහපිටිය', 13),
(933, 'වැලිගල්ල', 13),
(934, 'උඩඅලුදෙනිය', 13),
(935, 'පල්කුඹුර', 13),
(936, 'ලුණුගම', 13),
(937, 'හොඩියාදෙණිය', 13),
(938, 'වේගිරිය බටහිර', 13),
(939, 'කොටගල්ඔලුව', 13),
(940, 'දැල්දෙණිය', 13),
(941, 'දිහිටිදෙනිය', 13),
(942, 'අප්පල්ලාගොඩ නැගෙනහිර', 13),
(943, 'අප්පල්ලාගොඩ බටහිර', 13),
(944, 'ගල්ඔය', 14),
(945, 'හල්ඔය', 14),
(946, 'වාරියගල', 14),
(947, 'මෙගොඩ කළුගමුව', 14),
(948, 'ගනේගොඩ', 14),
(949, 'ගොඩ‍වෙල', 14),
(950, 'නවගුරුකැලේ', 14),
(951, 'නිල්ලඹ', 14),
(952, 'නව නිල්ලඹ', 14),
(953, 'පල්ලේදෙල්තොට', 14),
(954, 'ගුරුකැලේ', 14),
(955, 'ලැගුම්දෙනිය', 14),
(956, 'ඔරයන්වත්ත', 14),
(957, 'දොළුව', 14),
(958, 'ඉගුරුවත්ත', 14),
(959, 'නාරංවිට', 14),
(960, 'අටුවේවත්ත', 14),
(961, 'ගම්පොලවත්ත', 14),
(962, 'වෑවතැන්න', 14),
(963, 'තුන්දෙනිය', 14),
(964, 'කහවත්ත', 14),
(965, 'ගොතටුවෙල', 14),
(966, 'මිල්ලගහමුල', 14),
(967, 'පඹදෙණිය', 14),
(968, 'පන්විලතැන්න', 14),
(969, 'මස්ගොල්ල', 14),
(970, 'තුම්පැලවක', 14),
(971, 'මුල්ගම', 14),
(972, 'උඩුදෙනිය', 14),
(973, 'හුණුගල', 14),
(974, 'රජතලාව', 14),
(975, 'පුපුරැස්ස', 14),
(976, 'පිටවල', 14),
(977, 'උඩුවෙලවත්ත ජනපදය', 15),
(978, 'ගාල්තැන්න', 15),
(979, 'වතුලියද්ද', 15),
(980, 'මොනරංගල', 15),
(981, 'නැහිණි‍වෙල', 15),
(982, 'ගොඩම්පිටිය', 15),
(983, 'හිප්පල', 15),
(984, 'කොස්සින්න', 15),
(985, 'තලාතුඔය බටහිර', 15),
(986, 'පුස්සතැන්න', 15),
(987, 'පින්නගොල්ල', 15),
(988, 'සිංහාරගම', 15),
(989, 'හාරගම', 15),
(990, 'කපුලියද්ද නැගෙනහිර', 15),
(991, 'කපුලියද්ද බටහිර', 15),
(992, 'දුල්මුරේ', 15),
(993, 'බූටාවත්ත උතුර', 15),
(994, 'තලාතුඔය නැගෙනහිර', 15),
(995, 'අංකෙළිපිටිය', 15),
(996, 'බටගල්ල', 15),
(997, 'ඇතුල්ගම නැගෙනහිර', 15),
(998, 'ඇතුල්ගම උතුර', 15),
(999, 'උඩුවෙල පල්ලෙගම නැගෙනහිර', 15),
(1000, 'උඩුවෙල පල්ලෙගම බටහිර', 15),
(1001, 'උඩුවෙල පල්ලෙගම දකුණ', 15),
(1002, 'උඩුවෙල උඩගම බටහිර', 15),
(1003, 'උඩුවෙල උඩගම නැගෙනහිර', 15),
(1004, 'රටේමුල්ල', 15),
(1005, 'පුලියද්ද', 15),
(1006, 'ඇතුල්ගම බටහිර', 15),
(1007, 'ඇතුගල්ගම දකුණ', 15),
(1008, 'හපුතලේ එගොඩගම', 15),
(1009, 'හපුතලේ උඩගම', 15),
(1010, 'මොරගොල්ල', 15),
(1011, 'හපුතලේ පල්ලෙගම', 15),
(1012, 'නුගලියද්ද ඉහළ', 15),
(1013, 'නුගලියද්ද පහළ', 15),
(1014, 'බූටාවත්ත දකුණ', 15),
(1015, 'ගොඩමුන්න බටහිර', 15),
(1016, 'නාරංගස්තැන්න', 15),
(1017, 'ගොඩලවෙල', 15),
(1018, 'බෝලෑප', 15),
(1019, 'පාතමයිලපිටිය දකුණ', 15),
(1020, 'පාතමයිලපිටිය උතුර', 15),
(1021, 'උඩමයිලපිටිය උතුර', 15),
(1022, 'දමුණුගොල්ල', 15),
(1023, 'මාරස්සන', 15),
(1024, 'මඩදෙනිය', 15),
(1025, 'වෙලේගම', 15),
(1026, 'ගොඩමුන්න නැගෙනහිර', 15),
(1027, 'ලෑටියගොල්ල', 15),
(1028, 'ශ්‍රියාගම', 15),
(1029, 'මැදගම උඩගම', 15),
(1030, 'මැදගම පල්ලේගම', 15),
(1031, 'කන්දෙවෙල', 15),
(1032, 'ඇලිකේවෙල', 15),
(1033, 'මීරුප්ප', 15),
(1034, 'කැතිගන්නාවෙල', 15),
(1035, 'උඩමයිලපිටිය දකුණ', 15),
(1036, 'ගලගොඩ', 15),
(1037, 'හේවාවිස්ස නැගෙනහිර', 15),
(1038, 'හේවාවිස්ස බටහිර', 15),
(1039, 'බව්ලාන', 15),
(1040, 'ඕලුවාවත්ත', 15),
(1041, 'කිරිවනාගොඩ', 15),
(1042, 'උඩුදෙනිය මඩිහේ', 15),
(1043, 'උනුවින්න නැගෙනහිර', 15),
(1044, 'උනුවින්න බටහිර', 15),
(1045, 'උඩුදෙනිය', 15),
(1046, 'බෝපිටිය', 15),
(1047, 'පොත්ගොඩ', 15),
(1048, 'කහඹිලියාව', 15),
(1049, 'නීලවල', 15),
(1050, 'පේරවත්ත බටහිර', 16),
(1051, 'පේරවත්ත නැගෙනහිර', 16),
(1052, 'පාලුගම', 16),
(1053, 'උඩදෙල්තොට', 16),
(1054, 'ගලහ', 16),
(1055, 'සුදුවැල්ල', 16),
(1056, 'ග්‍රේට්වැලිය', 16),
(1057, 'බවුලාන වත්ත ජනපදය', 16),
(1058, 'මාවුස්සාව', 16),
(1059, 'වනහපුව', 16),
(1060, 'බෝපිටිය නගරය', 16),
(1061, 'මැදකැකිල', 16),
(1062, 'කරගස්කඩ දකුණ', 16),
(1063, 'කරගස්කඩ උතුර', 16),
(1064, 'ගෝනංගොඩ', 16),
(1065, 'කන්දේගම', 16),
(1066, 'වැටකේපොත', 16),
(1067, 'පට්ටියගම පල්ලේගම', 16),
(1068, 'කිරවනාකැටිය', 16),
(1069, 'කොළඹිස්ස බටහිර', 16),
(1070, 'මුරපොළ බටහිර', 16),
(1071, 'මුරපොල නැගෙනහිර', 16),
(1072, 'කොළඹිස්ස නැගෙනහිර', 16),
(1073, 'නවනැලිය', 16),
(1074, 'කොටගේපිටිය', 16),
(1075, 'වාඩියගොඩ', 16),
(1076, 'පට්ටියගම උඩගම', 16),
(1077, 'පට්ටියගම ගබඩාගම උතුර', 16),
(1078, 'පට්ටියගම ගබඩාගම දකුණ', 16),
(1079, 'එගොඩ කළුගමුව', 17),
(1080, 'උඩෝවිට', 17),
(1081, 'කිරින්ද', 17),
(1082, 'ගල්ගෙඩියාව', 17),
(1083, 'රණවල', 17),
(1084, 'බෝවල', 17),
(1085, 'රත්මල්කඩුව', 17),
(1086, 'හපුගස්පිටිය', 17),
(1087, 'උනම්බුව', 17),
(1088, 'ඉලංගවත්ත', 17),
(1089, 'කහටපිටිය', 17),
(1090, 'බෝතලාපිටිය', 17),
(1091, 'ගම්පොළ නැගෙනහිර', 17),
(1092, 'මවුන්ටෙම්පල්', 17),
(1093, 'කීරප‍‍නේ', 17),
(1094, 'සිංහපිටිය උතුර', 17),
(1095, 'සිංහපිටිය දකුණ', 17),
(1096, 'ගම්පොළ බටහිර', 17),
(1097, 'පොල්කුඹුර', 17),
(1098, 'ඉල්ලවතුර', 17),
(1099, 'අංගම්මන නැගෙනහිර', 17),
(1100, 'අංගම්මන බටහිර', 17),
(1101, 'ඇරෑගොඩ', 17),
(1102, 'කුරුකුදේ', 17),
(1103, 'කුඩමාකේ', 17),
(1104, 'ගොඩගම', 17),
(1105, 'ජයමාලාපුර', 17),
(1106, 'අමුණුපුරය', 17),
(1107, 'වත්තෙහේන', 17),
(1108, 'මිල්ලගස්පිටිය', 17),
(1109, 'උඩගම', 17),
(1110, 'හුණුකොටුගම', 17),
(1111, 'දුනුකේඋල්ල', 17),
(1112, 'වනහපුව', 17),
(1113, 'ඉහළගම', 17),
(1114, 'පාරදෙක', 17),
(1115, 'අමුහේන', 17),
(1116, 'දැල්පිටිය', 17),
(1117, 'නව දේවිට', 17),
(1118, 'ගලත', 17),
(1119, 'පල්ලෙගම', 17),
(1120, 'පුස්සැල්ලාව', 17),
(1121, 'වහුගපිටිය', 17),
(1122, 'පුස්සැල්ලාවගම', 17),
(1123, 'දොරගල', 17),
(1124, 'කැකුලන්ද', 17),
(1125, 'වැලිගඟ', 17),
(1126, 'කළුගල්හින්න', 17),
(1127, 'මාවතුර', 17),
(1128, 'කොහොවල', 18),
(1129, 'පොල්මලගම', 18),
(1130, 'ගල්පාය', 18),
(1131, 'හැරකොළ', 18),
(1132, 'වල්ලහගොඩ', 18),
(1133, 'මාලිගාපුරණ', 18),
(1134, 'ගම්පොලවෙල', 18),
(1135, 'ඇත්ගාල උතුර', 18),
(1136, 'තැඹිලිගල', 18),
(1137, 'පැල්ලපිටිය උතූර', 18),
(1138, 'මල්වත්තගම', 18),
(1139, 'ගිරාඋල්ල', 18),
(1140, 'කරගල', 18),
(1141, 'වැටකේදෙණිය', 18),
(1142, 'උඩුවැල්ල', 18),
(1143, 'පටිතලාව', 18),
(1144, 'කෙලිගෲප්', 18),
(1145, 'අළුගොල්ල', 18),
(1146, 'ගැමුණුපුර', 18),
(1147, 'යටපාන', 18),
(1148, 'පැල්ලපිටිය දකුණ', 18),
(1149, 'උලපනේ උතුර', 18),
(1150, 'උඩගම', 18),
(1151, 'ඇත්ගාල බටහිර', 18),
(1152, 'ඇත්ගාල නැගෙනහිර', 18),
(1153, 'සිංහපුර', 18),
(1154, 'උලපනේ දකුණ', 18),
(1155, 'පිටකන්ද', 18),
(1156, 'උඩහේන්තැන්න', 18),
(1157, 'රක්ෂාව', 18),
(1158, 'මියනගොල්ල', 18),
(1159, 'පල්ලෙගම', 19),
(1160, 'වරකාව', 19),
(1161, 'වැලිගොඩවත්ත', 19),
(1162, 'දඬුබැඳිරුප්ප', 19),
(1163, 'පැණිතුඩුව', 19),
(1164, 'පහළ රඹුක්පිටිය', 19),
(1165, 'උඩ රඹුක්පිටිය', 19),
(1166, 'බලංතොට උතුර', 19),
(1167, 'වැලිගම්පල', 19),
(1168, 'කරහඳුන්ගල', 19),
(1169, 'නාවලපිටිය දකුණ', 19),
(1170, 'නාවලපිටිය උතුර', 19),
(1171, 'නාවලපිටිය බටහිර', 19),
(1172, 'නාවලපිටිය නැගෙනහිර', 19),
(1173, 'ඉඹුල්පිටිය', 19),
(1174, 'ග්‍රීන්වුඩ්', 19),
(1175, 'බව්වාගම', 19),
(1176, 'කැන්දෝපිටිය', 19),
(1177, 'අලුත්ගම', 19),
(1178, 'බලංතොට දකුණ', 19),
(1179, 'දෙකිඳ', 19),
(1180, 'මාපාකන්ද උතුර', 19),
(1181, 'ඉඟුරුඔය උතුර', 19),
(1182, 'කඩියන්ලෙන', 19),
(1183, 'වෙස්ට්හෝල්', 19),
(1184, 'ඉඟුරුඔය දකුණ', 19),
(1185, 'මාපාකන්ද දකුණ', 19),
(1186, 'වැවේගම', 19),
(1187, 'හයිඩ්‍රි', 19);

-- --------------------------------------------------------

--
-- Table structure for table `kegalle`
--

CREATE TABLE `kegalle` (
  `gncode` int(3) NOT NULL,
  `gnname` varchar(22) DEFAULT NULL,
  `divsec` int(2) DEFAULT NULL
) ENGINE=InnoDB DEFAULT CHARSET=utf8;

--
-- Dumping data for table `kegalle`
--

INSERT INTO `kegalle` (`gncode`, `gnname`, `divsec`) VALUES
(1, 'දොඹේමඩ නැගෙනහිර', 1),
(2, 'දොඹේමඩ බටහිර', 1),
(3, 'උදන්විට', 1),
(4, 'මාළිගාතැන්න', 1),
(5, 'අළුගොල්ල', 1),
(6, 'ගබ්බල උතුර', 1),
(7, 'ගබ්බල දකුණ', 1),
(8, 'මහගම', 1),
(9, 'හල්වත්ත', 1),
(10, 'හේවාදිවෙල', 1),
(11, 'නත්තඹුර', 1),
(12, 'කුඩාගම උතුර', 1),
(13, 'කුඩාගම දකුණ', 1),
(14, 'මැදගලදෙනිය', 1),
(15, 'වල්ගම', 1),
(16, 'උඩගලදෙනිය', 1),
(17, 'දඹුල්ල', 1),
(18, 'දැලිවල', 1),
(19, 'හගවෙල', 1),
(20, 'ඉහල වල්පොල', 1),
(21, 'කොටවැල්ල', 1),
(22, 'කනුගොල්ල', 1),
(23, 'පරපේ උතුර', 1),
(24, 'පරපේ දකුණ', 1),
(25, 'කොස්සින්න', 1),
(26, 'කංසලගමුව', 1),
(27, 'හීනබෝව', 1),
(28, 'වලල්ගොඩ', 1),
(29, 'කිරිවල්ලාපිටිය', 1),
(30, 'ඊරියගොල්ල', 1),
(31, 'වැරැල්ලපත', 1),
(32, 'වැලිගමුව', 1),
(33, 'තල්දෑව', 1),
(34, 'වහව', 1),
(35, 'පදවිගම්පල', 1),
(36, 'පුවක්මොටේ', 1),
(37, 'උඩුගම', 1),
(38, 'තිස්මල්පොල', 1),
(39, 'යටගම', 1),
(40, 'මීදුම', 1),
(41, 'හුරීමළුව', 1),
(42, 'ඒරියාව', 1),
(43, 'රඹුක්කන නගරය', 1),
(44, 'දියසුන්නත', 1),
(45, 'මඩවල', 1),
(46, 'ගොඩගන්දෙනිය', 1),
(47, 'කෙම්පිටිය', 1),
(48, 'කඩිගමුව', 1),
(49, 'හලාගිරිය', 1),
(50, 'මුවපිටිය', 1),
(51, 'බෙලිගොඩපිටිය', 1),
(52, 'පින්නවල', 1),
(53, 'දළුග්ගල', 1),
(54, 'මොට්ටප්පුලිය', 1),
(55, 'කුරෙම්පොල', 1),
(56, 'හල්පිටිය', 1),
(57, 'නාරම්බැද්ද නැගෙනහිර', 1),
(58, 'නාරම්බැද්ද බටහිර', 1),
(59, 'මරුක් වතුර', 1),
(60, 'ඉඹුල්ගස්දෙනිය', 1),
(61, 'අඹුවන්ගල', 1),
(62, 'කෙසෙල්වතුගොඩ', 1),
(63, 'දුනුකේවල', 1),
(64, 'වඩුවාදෙනිය', 1),
(65, 'හිරිවඩුන්න', 1),
(66, 'බතමුරේ', 1),
(67, 'කොත්තන වත්ත', 1),
(68, 'කොටගම', 1),
(69, 'කිරිවන්දෙනිය', 1),
(70, 'නැටියපාන', 1),
(71, 'උඩුගම ගොන්දෑවල', 1),
(72, 'පත්තම්පිටිය', 1),
(73, 'යටිවල්දෙනිය', 1),
(74, 'හේනේපොළ', 1),
(75, 'දිගන කන්ද', 1),
(76, 'ගංගොඩ', 1),
(77, 'බැද්දේවෙල', 1),
(78, 'යෝධගම', 1),
(79, 'පිටියේගම', 1),
(80, 'දෙල්දෙනිය', 1),
(81, 'කිවුල්පන', 1),
(82, 'මින්වාන', 1),
(83, 'කුඹල්දිවෙල', 1),
(84, 'ගල්පල', 1),
(85, 'කුඹල්‍ඔළුව', 1),
(86, 'කවුඩාවුල්ල', 1),
(87, 'මොළගොඩ', 1),
(88, 'වරාගොඩ', 1),
(89, 'මංගලගම', 1),
(90, 'වෑගන්තලේ', 2),
(91, 'යටිමහන', 2),
(92, 'කැප්පෙටිපොල', 2),
(93, 'ඉහළ කෝට්ටේ', 2),
(94, 'මාකෙහෙල්වල', 2),
(95, 'දුනුගම මාලියද්ද', 2),
(96, 'කරපනේ', 2),
(97, 'කෝන්දෙණිය', 2),
(98, 'ගෝන්දිවෙල', 2),
(99, 'උතුවන්කන්ද', 2),
(100, 'අම්බුළුගල', 2),
(101, 'අත්තනගොඩ', 2),
(102, 'පානගමුව', 2),
(103, 'දෙහිමඩුව', 2),
(104, 'හබ්බුන්කඩුව', 2),
(105, 'මහවත්ත', 2),
(106, 'මුරුතවල', 2),
(107, 'රන්දිවෙල', 2),
(108, 'උඩමාකඩවර', 2),
(109, 'ගනේතැන්න', 2),
(110, 'මාකඩවර', 2),
(111, 'බටවල', 2),
(112, 'හිඟුල', 2),
(113, 'ඔවත්ත', 2),
(114, 'හිගුල්ඔය', 2),
(115, 'රන්කොත්දිවෙළ', 2),
(116, 'මාවනැල්ල', 2),
(117, 'මාවාන', 2),
(118, 'කිරිංගදෙණිය', 2),
(119, 'වැලිගල්ල', 2),
(120, 'දොඩන්තලේ', 2),
(121, 'කප්පාගොඩ', 2),
(122, 'නාංකුරුගම', 2),
(123, 'කෝන්ගමුව', 2),
(124, 'බෙලිගම්මන', 2),
(125, 'ඒදඩුවාව', 2),
(126, 'ඉඩම්පිටිය', 2),
(127, 'කැකිරිගොඩ', 2),
(128, 'උයන්වත්ත', 2),
(129, 'අළුත් නුවර', 2),
(130, 'මොල්ලිගොඩ', 2),
(131, 'මාවෙල', 2),
(132, 'වරකපාන', 2),
(133, 'කහවන්දළ', 2),
(134, 'මහන්තේගම', 2),
(135, 'හීනටිපන', 2),
(136, 'රුකුලගම', 2),
(137, 'දාස්වත්ත', 2),
(138, 'ලෙව්කේ', 2),
(139, 'කුඹල්ගම', 2),
(140, 'බලවත්ගම', 2),
(141, 'වේරකේ', 2),
(142, 'ඇඹිල්මිවෙළ', 2),
(143, 'තඹවිට', 2),
(144, 'එරමිණිගම්මන', 2),
(145, 'අඹදෙණිය', 2),
(146, 'වේරගොඩ', 2),
(147, 'කුරගල', 2),
(148, 'වඩුවාවල', 2),
(149, 'ගිනිහප්පිටිය බටහිර', 2),
(150, 'ගිනිහප්පිටිය නැගෙනහිර', 2),
(151, 'අඹරුප්ප', 2),
(152, 'මඩුල්බෝව', 2),
(153, 'අම්බලාව', 2),
(154, 'බලත්ගමුව', 2),
(155, 'කෙහෙල්පන්නල නැගෙනහිර', 2),
(156, 'වාඩියතැන්න', 2),
(157, 'හෙම්මාතගම', 2),
(158, 'දුම්බුලුවාව', 2),
(159, 'කෙහෙල්පන්නල බටහිර', 2),
(160, 'පල්ලිපෝරුව', 2),
(161, 'දීවල උඩගම', 3),
(162, 'වාකිරිගල', 3),
(163, 'ඇපලාව වත්ත', 3),
(164, 'උඩුවේවල', 3),
(165, 'කන්දෙවත්ත', 3),
(166, 'ගල් අතර', 3),
(167, 'ගම්මන්නාගොඩ', 3),
(168, 'කටුගහ', 3),
(169, 'උස්සාපිටිය', 3),
(170, 'වහරක්ගොඩ', 3),
(171, 'රුවන්දෙනිය', 3),
(172, 'අට්ටාපිටිය', 3),
(173, 'දෙවනගල', 3),
(174, 'කාරියගම', 3),
(175, 'ගොඩිගමුව', 3),
(176, 'නාරංගම්මන', 3),
(177, 'ලඹුබටුව', 3),
(178, 'වත්තේගෙදර', 3),
(179, 'අස්මඩල', 3),
(180, 'කන්දමුල්ල', 3),
(181, 'කුමාරපුර', 3),
(182, 'දෙබත්ගම උඩබාගෙ', 3),
(183, 'දේබත්ගම පල්ලේබාගේ', 3),
(184, 'හත්ගම්පළ', 3),
(185, 'මෝරාගම්මන', 3),
(186, 'ගැවිලිපිටිය නගරය', 3),
(187, 'ගැවිලිපිටිය ගම', 3),
(188, 'පැහිණිපැද්දර', 3),
(189, 'නිකපිටිය', 3),
(190, 'තල්ගමුව', 3),
(191, 'දිප්පිටිය', 3),
(192, 'හබලක්කාව', 3),
(193, 'කීරපන', 3),
(194, 'විල්පොල', 3),
(195, 'ගල්බොක්ක', 3),
(196, 'එළඟිපිටිය', 3),
(197, 'කලුගල', 3),
(198, 'කෙහෙල්වත්ත', 3),
(199, 'දම්පැල්ගොඩ', 3),
(200, 'නාරංගල', 3),
(201, 'ගැටබේරිකන්ද', 3),
(202, 'පන්නල', 3),
(203, 'දූල්දෙණිය', 3),
(204, 'තල්ගස්පිටිය මුස්ලිම්ගම', 3),
(205, 'තල්ගස්පිටිය', 3),
(206, 'තෙල්එක', 3),
(207, 'හකුරුගම්මන', 3),
(208, 'අරණායක', 3),
(209, 'උඩගම', 3),
(210, 'අම්බලකන්ද', 3),
(211, 'ගංතුන උඩගම', 3),
(212, 'ගංතුන මැදගම', 3),
(213, 'ජම්බුගස්මඩ', 3),
(214, 'පෝඩාපේ', 3),
(215, 'දෙයියන්වල', 3),
(216, 'අරම', 3),
(217, 'රහල', 3),
(218, 'රන්දිලිගම', 3),
(219, 'යෝධ ගම', 3),
(220, 'සැලව නැ‍ගෙනහිර', 3),
(221, 'සැලව බටහිර', 3),
(222, 'සියඹලාපිටිය', 4),
(223, 'පුස්සැල්ල', 4),
(224, 'දිඹුල්ගමුව', 4),
(225, 'කොලොන්ගල්ල', 4),
(226, 'දියගම', 4),
(227, 'කලුගල්ල', 4),
(228, 'පුවක්දෙනිය', 4),
(229, 'මීපිටිය', 4),
(230, 'ඔලගන්කන්ද', 4),
(231, 'වෑවලදෙනිය', 4),
(232, 'රංවල', 4),
(233, 'පරනගම්පල', 4),
(234, 'ඌරාඋල්ල', 4),
(235, 'අඹන්පිටිය', 4),
(236, 'බෙරගල', 4),
(237, 'කැගල්ල නගරය', 4),
(238, 'ගොලහැල', 4),
(239, 'කරඬුපන', 4),
(240, 'උඩ කරඬුපන', 4),
(241, 'නිල්මල්ගොඩ', 4),
(242, 'පරගම්මන', 4),
(243, 'වල්දෙනිය', 4),
(244, 'දික් ඇල්ල', 4),
(245, 'බුලුරුප්ප', 4),
(246, 'ඇකිරියගල', 4),
(247, 'දිවෙළ මැදගම', 4),
(248, 'දිවෙළ පල්ලේගම', 4),
(249, 'ඈවුනුගල්ල', 4),
(250, 'දික්කොහුපිටිය', 4),
(251, 'කවුඩුගම', 4),
(252, 'මාකුර', 4),
(253, 'බුලුගහදෙනිය', 4),
(254, 'තලේවල', 4),
(255, 'හෙට්ටිමුල්ල', 4),
(256, 'මිනුවන්ගමුව', 4),
(257, 'උඩුමාගම', 4),
(258, 'වඩුපොල', 4),
(259, 'වතුර', 4),
(260, 'මීදෙනිය දකුණ', 4),
(261, 'මීදෙනිය උතුර', 4),
(262, 'මලවිට', 4),
(263, 'ගොඩිගමුව', 4),
(264, 'හපුවිට පල්ලේගම', 4),
(265, 'අලපලාවල', 4),
(266, 'නීලපලාගම්මන', 4),
(267, 'අරෑගම', 4),
(268, 'අතුරුපාන', 4),
(269, 'රොටුව', 4),
(270, 'හුංගම්පොල', 4),
(271, 'ගුරුල්ලවල', 4),
(272, 'මොරදන', 4),
(273, 'මාබෝපිටිය', 4),
(274, 'හිග්ගොඩ', 4),
(275, 'බොස්සැල්ල', 4),
(276, 'ගංතුන පල්ලේගම උතුර', 4),
(277, 'බෝගල', 4),
(278, 'තියඹරාහේන', 4),
(279, 'උඳුගොඩ', 4),
(280, 'බෙලිහුල්වාන', 4),
(281, 'ගංතුන පල්ලේගම දකුණ', 4),
(282, 'පල්ලේවෙල​', 4),
(283, 'හැලමඩ', 5),
(284, 'ගොඩපොල', 5),
(285, 'බටුවත්ත', 5),
(286, 'මකුද්දල', 5),
(287, 'වේරගොඩ', 5),
(288, 'ජිවාන', 5),
(289, 'දේවාලේගම', 5),
(290, 'වලගම', 5),
(291, 'කන්දේගෙදර', 5),
(292, 'ඇඳුරපොත බටහිර', 5),
(293, 'පානකාව', 5),
(294, 'ඇඳුරපොත නැගෙනහිර', 5),
(295, 'නවගමුව', 5),
(296, 'හත්නාගොඩ', 5),
(297, 'පෙහෙරඹේ', 5),
(298, 'පලපොලුව', 5),
(299, 'යට්ටෝගොඩ', 5),
(300, 'බල්ලපාන පාතබගේ', 5),
(301, 'කොබ්බෑවල', 5),
(302, 'ගලිගමුව', 5),
(303, 'බල්ලපාන උඩබගේ', 5),
(304, 'මේෆිල්ඩ්', 5),
(305, 'ආසිදෙණිය', 5),
(306, 'දෙමටන්පිටිය', 5),
(307, 'බිසෝවෙළ', 5),
(308, 'ඉඹුල්ගල', 5),
(309, 'අටුගොඩ', 5),
(310, 'රෑනපාන', 5),
(311, 'බඹරගම', 5),
(312, 'නාබේරියාව', 5),
(313, 'නාරංගොඩ', 5),
(314, 'අලවල', 5),
(315, 'හොලොම්ඹුව', 5),
(316, 'බෝයගොඩ', 5),
(317, 'අරන්දර', 5),
(318, 'කිරිදන', 5),
(319, 'කිනිගම', 5),
(320, 'දමුණුපොල', 5),
(321, 'ලාහුපන', 5),
(322, 'පොතුකොළදෙණිය', 5),
(323, 'පිංදෙණිය', 5),
(324, 'උඩුගම', 5),
(325, 'නාදෙණිය', 5),
(326, 'අටාල', 5),
(327, 'හපුදෙණිය', 5),
(328, 'කුරුණෑගොඩ', 5),
(329, 'රුග්ගහතැන්න', 5),
(330, 'අම්පේ', 5),
(331, 'හත්නාපිටිය', 5),
(332, 'කරගල', 5),
(333, 'අරුග්ගම්මන', 5),
(334, 'වද්දෙනිය', 6),
(335, 'කලුගල', 6),
(336, 'වෙනිවැල්ලකඩුව', 6),
(337, 'කෝදාපාලුව', 6),
(338, 'ඕපාත', 6),
(339, 'පස්පොළකන්ද', 6),
(340, 'තුල්හිරිය', 6),
(341, 'පරාක්‍රමගම', 6),
(342, 'නාංගල්ල', 6),
(343, 'රාගල්කන්ද', 6),
(344, 'හෑලියගොඩ', 6),
(345, 'මැටියගනේ', 6),
(346, 'තල්ගම', 6),
(347, 'ඈගල්ල', 6),
(348, 'කුම්ඹල්ගම', 6),
(349, 'අක්වත්ත', 6),
(350, 'පින්නගොඩකන්ද', 6),
(351, 'ගස්නාව', 6),
(352, 'මන්ගෙදර', 6),
(353, 'අඹ්පුස්ස', 6),
(354, 'වරකාපොල', 6),
(355, 'මාහේන ජනපදය', 6),
(356, 'මාහේන', 6),
(357, 'තෝලංගමුව', 6),
(358, 'නාපේ', 6),
(359, 'මොරවක', 6),
(360, 'මාම්පිට', 6),
(361, 'නෙළුම්දෙනිය', 6),
(362, 'ඔත්නාපිටිය', 6),
(363, 'බූරුන්නාව', 6),
(364, 'එලිපන්ගමුව', 6),
(365, 'දෙල්ගමුව', 6),
(366, 'තුඹලියද්ද', 6),
(367, 'ගණිතපුර', 6),
(368, 'පුහුලේගම', 6),
(369, 'ගොඩවෙල', 6),
(370, 'පැණිහෙල', 6),
(371, 'තාඹුගල', 6),
(372, 'තල්ගහදෙනිය', 6),
(373, 'කුකුල්පනේ', 6),
(374, 'තල්ලියද්ද', 6),
(375, 'දොරවක පල්ලෙබාගේ', 6),
(376, 'යද්දෙහිමුල්ල', 6),
(377, 'කොහොඹදෙනිය', 6),
(378, 'ඉහල ලෙනගල', 6),
(379, 'දැදිගම', 6),
(380, 'පිටදෙනිය', 6),
(381, '‍තුන්තොට', 6),
(382, 'ඉඹුලෝවිට', 6),
(383, 'මැණික්කඩවර', 6),
(384, 'මහ පල්ලේගම', 6),
(385, 'කිනිවිට', 6),
(386, 'හපුගොඩ', 6),
(387, 'දොරවක උඩබාගේ', 6),
(388, 'වේරගොඩ', 6),
(389, 'පලමුරේ', 6),
(390, 'බෝපිටිය', 6),
(391, 'අල්ගම', 6),
(392, 'මදුරුපිටිය', 6),
(393, 'උඩුවක', 6),
(394, 'හල්ලව', 6),
(395, 'ඒබිඩිගල', 6),
(396, 'අල්පිටිය', 6),
(397, 'කිවුල්දෙණිය', 6),
(398, 'කුඩාපල්ලේගම', 6),
(399, 'තඹදිය', 6),
(400, 'එළමල්දෙනිය', 6),
(401, 'මල්මඩුව', 6),
(402, 'පොල්ගම්පළ', 6),
(403, 'වේරගල', 6),
(404, 'පල්ලෙපැල්පිට', 6),
(405, 'පහල ලෙනගල', 6),
(406, 'වැල්හැල්ල', 6),
(407, 'දුම්මලදෙනිය', 6),
(408, 'අලගම ඉහලගම​', 6),
(409, 'කන්දෙගම​', 6),
(410, 'ඇත්නාවල', 6),
(411, 'නිවටුව', 6),
(412, 'දුනුමාල', 7),
(413, 'ගලපිටමඩ', 7),
(414, 'වල්ගම්පත', 7),
(415, 'කඩිගමුව', 7),
(416, 'මහකන්ද', 7),
(417, 'ලෙනගල', 7),
(418, 'ලෙවන්ගම උතුර', 7),
(419, 'ලෙවන්ගම දකුණ', 7),
(420, 'මොරතොට', 7),
(421, 'වහරක', 7),
(422, 'දළුවලාන', 7),
(423, 'වහකුල', 7),
(424, 'දන්නොරුව', 7),
(425, 'නිවුන්හැල්ල', 7),
(426, 'ඉඹුලාන', 7),
(427, 'සියඹලාවල', 7),
(428, 'පෙතන්ගොඩ', 7),
(429, 'කන්නත්තොට', 7),
(430, 'ගෝනාරඹ', 7),
(431, 'දොරණුව', 7),
(432, 'බෝපැත්ත', 7),
(433, 'මොරාවත්ත', 7),
(434, 'මාහල්ල', 7),
(435, 'ගෝනගල උතුර', 7),
(436, 'ඉදුරාන', 7),
(437, 'පුරන්පොත්ත', 7),
(438, 'බටුවිට', 7),
(439, 'අමිතිරිගල උතුර', 7),
(440, 'අමිතිරිගල දකුණ', 7),
(441, 'ගෝනගල බටහිර', 7),
(442, 'මාපිටිගම', 7),
(443, 'මොරලිය', 7),
(444, 'රුවන්වැල්ල', 7),
(445, 'වැන්දල', 7),
(446, 'මහදෙනිය', 7),
(447, 'උඩකණුගල', 7),
(448, 'පල්ලේ කණුගල', 7),
(449, 'මැදගොඩ', 7),
(450, 'කනන්ගමුව', 8),
(451, 'ගැටියමුල්ල', 8),
(452, 'හි‍ග්ගොඩ', 8),
(453, 'පුෂ්පනේ', 8),
(454, 'කබගමුව', 8),
(455, 'අලවතුර', 8),
(456, 'අඹුවක්ක', 8),
(457, 'හල්ඔලුව', 8),
(458, 'වෑගල්ල', 8),
(459, 'ලැවල', 8),
(460, 'බුලත්කොහුපිටිය', 8),
(461, 'රංගල්ල', 8),
(462, 'නේව්ස්මියර් ඉහල', 8),
(463, 'උඩුව', 8),
(464, 'දේදුගල', 8),
(465, 'පැලැම්පිටිය', 8),
(466, 'නෙළුවක්කන', 8),
(467, 'උඩපොත', 8),
(468, 'කැන්දව', 8),
(469, 'නාරංගල', 8),
(470, 'ඌරුමීවල', 8),
(471, 'පුනහැල', 8),
(472, 'පනාපිටිය', 8),
(473, 'අම්පාගල', 8),
(474, 'තෙල්කුමුදුවල', 8),
(475, 'කිරිපෝරුව', 8),
(476, 'අඹමල්ල', 8),
(477, 'මත්තමගොඩ', 9),
(478, 'ගල්පාත', 9),
(479, 'කබුළුමුල්ල', 9),
(480, 'පහළ ගරාගොඩ', 9),
(481, 'ඉහල ගරාගොඩ', 9),
(482, 'යටියන්තොට', 9),
(483, 'මහවිල', 9),
(484, 'පරුස්සැල්ල', 9),
(485, 'ජයවින්දාගම', 9),
(486, 'වැලිහෙලතැන්න', 9),
(487, 'මලල්පොළ', 9),
(488, 'දොඹේපොළ', 9),
(489, 'අමනාවල', 9),
(490, 'බෙරන්නාව', 9),
(491, 'සීපොත්', 9),
(492, 'මහබාගේ', 9),
(493, 'දුණුකේදෙනිය', 9),
(494, 'මල්වත්ත', 9),
(495, 'කිරිකොහුතැන්න', 9),
(496, 'නෙලුවතුකන්ද', 9),
(497, 'පොල්පිටිය', 9),
(498, 'වීරගල්ල', 9),
(499, 'නවට', 9),
(500, 'මීගස්තැන්න', 9),
(501, 'පැලැල්ලේගම', 9),
(502, 'හක්බෙල්ලාවක', 9),
(503, 'ගනේපල්ල', 9),
(504, 'තැලිගම', 9),
(505, 'ගෝනගමුව', 9),
(506, 'කිතුල්ගල උතුර', 9),
(507, 'කලුකොහුතැන්න', 9),
(508, 'කිතුල්ගල දකුණ', 9),
(509, 'කුරැපැත්ත', 10),
(510, 'දයිගල', 10),
(511, 'එළුවාන', 10),
(512, 'මාගම්මාන', 10),
(513, 'කනාන්ගම', 10),
(514, 'වල්පොල', 10),
(515, 'බොරලන්කඩ', 10),
(516, 'දික්ඇල්ල', 10),
(517, 'කහනවිට', 10),
(518, 'දෙහිඔවිට', 10),
(519, 'අටුළුගම්වෙල', 10),
(520, 'අටුළුගම', 10),
(521, 'කැලෑගම', 10),
(522, 'නාපාවෙළ', 10),
(523, 'උඩුවිල', 10),
(524, 'ඇපළපිටිය', 10),
(525, 'පහළ තල්දුව', 10),
(526, 'ඉහළ තල්දුව', 10),
(527, 'දෙබැගම', 10),
(528, 'තිඹිරිපොළ', 10),
(529, 'අල්ගොඩ', 10),
(530, 'හිගුරලකන්ද (නැගෙනහිර)', 10),
(531, 'බටංගල', 10),
(532, 'විහාරකන්ද', 10),
(533, 'ගලේබලන කන්ද', 10),
(534, 'මානියම්ගම', 10),
(535, 'මා‍දොළ', 10),
(536, 'වෙලන්ගල්ල', 10),
(537, 'බෝමළුව', 10),
(538, 'රංගේගම', 10),
(539, 'පනාවල', 10),
(540, 'හිගුරලකන්ද (බටහිර)', 10),
(541, 'පුකුණුවල', 10),
(542, 'ගොඩගම්පල', 10),
(543, 'අම්බලන්පිටිය​', 10),
(544, 'මඩගම්මන', 10),
(545, 'පන්නිල', 10),
(546, 'ඉඹුල්පිටිය', 10),
(547, 'එලවුල්ල', 10),
(548, 'බල්ලැහැල', 11),
(549, 'බැහැනැල්ල', 11),
(550, 'නිල්වල', 11),
(551, 'දොඩාවත්ත', 11),
(552, 'බස්නාගල', 11),
(553, 'කිරිහේන', 11),
(554, 'උඩබාගේ', 11),
(555, 'වත්තේගෙදර', 11),
(556, 'දැරණියගල', 11),
(557, 'ලස්සෙගම', 11),
(558, 'අංහෙට්ටිගම', 11),
(559, 'පනාකූර', 11),
(560, 'පන්දාහ', 11),
(561, 'පොල්ගස්වත්ත', 11),
(562, 'මාලිබොඩ', 11),
(563, 'පොද්දෙනිකන්ද', 11),
(564, 'නක්කාවිට', 11),
(565, 'මියනවිට', 11),
(566, 'දැරණියගල දකුණ', 11),
(567, 'රස්නක්කන්ද', 11),
(568, 'ඌඩාපොල', 11),
(569, 'දෙමැද', 11),
(570, 'කොස්ගහකන්ද', 11),
(571, 'යටිවල', 11),
(572, 'මාගල', 11),
(573, 'දික්ඇල්ල කන්ද', 11);

-- --------------------------------------------------------

--
-- Table structure for table `kilinochchi`
--

CREATE TABLE `kilinochchi` (
  `gncode` int(2) NOT NULL,
  `gnname` varchar(22) DEFAULT NULL,
  `divsec` int(1) DEFAULT NULL
) ENGINE=InnoDB DEFAULT CHARSET=utf8;

--
-- Dumping data for table `kilinochchi`
--

INSERT INTO `kilinochchi` (`gncode`, `gnname`, `divsec`) VALUES
(1, 'අල්ලිපලයි', 1),
(2, 'අරසර්කේණි', 1),
(3, 'ඉට්ටාවිල්', 1),
(4, 'ඉයක්කච්චි', 1),
(5, 'කච්චාර්වෙලි', 1),
(6, 'කිලාලි', 1),
(7, 'කෝවිල්වයල්', 1),
(8, 'මාසාර්', 1),
(9, 'මුගමාලයි', 1),
(10, 'මුගාවිල්', 1),
(11, 'මුල්ලයඩි', 1),
(12, 'පලේයි නගරය', 1),
(13, 'පුලෝපලයි', 1),
(14, 'පුලෝපලයි බටහිර', 1),
(15, 'සෝරන්පර්රු', 1),
(16, 'තම්පගාමම්', 1),
(17, 'තර්මකේණි', 1),
(18, 'වේම්පොඩුකේණි', 1),
(19, 'අලිමංකඩ', 2),
(20, 'කල්මඩුනගර්', 2),
(21, 'කන්ඩාවලෙයි', 2),
(22, 'කෝරක්කන්කට්ටු', 2),
(23, 'කුමරපුරම්', 2),
(24, 'මුරසුමෝට්ටෙයි', 2),
(25, 'පරන්දන්', 2),
(26, 'පෙරියකුලම්', 2),
(27, 'පිරමන්දනාරු', 2),
(28, 'පුලියම්පොක්කනෙයි', 2),
(29, 'පුදිය පුන්නයි නීරාවි', 2),
(30, 'තඩ්ඩුවන්කොඩ්ඩි', 2),
(31, 'ධර්මපුරම් නැගෙනහිර', 2),
(32, 'ධර්මපුරම් බටහිර', 2),
(33, 'උමෛයාල්පුරම්', 2),
(34, 'ඌරියාන්', 2),
(35, 'අක්කරායන්කුලම්', 3),
(36, 'අම්පාල් කුලම්', 3),
(37, 'අම්පාල්නගර්', 3),
(38, 'ආනෛවිලුන්තාන්කුලම්', 3),
(39, 'ආනන්දපුරම්', 3),
(40, 'සිවික් මධ්‍යස්ථානය', 3),
(41, 'ජෙයන්තිනගර්', 3),
(42, 'කනහාම්පිකෛ කුලම්', 3),
(43, 'කනගපුරම්', 3),
(44, 'ගණේෂපුරම්', 3),
(45, 'කන්නකෛපුරම්', 3),
(46, 'කිලි නගරය', 3),
(47, 'කෝනාවිල්', 3),
(48, 'ක්‍රිෂ්නපුරම්', 3),
(49, 'මලෛයාලපුරම්', 3),
(50, 'මරුදනගර්', 3),
(51, 'මාවඩියම්මන්', 3),
(52, 'මායවනර්', 3),
(53, 'පන්නන්කණ්ඩි', 3),
(54, 'පාරතිපුරම්', 3),
(55, 'පෙරිය පරන්දන්', 3),
(56, 'පොන්නගර්', 3),
(57, '‍පුදුමුරිප්පු', 3),
(58, 'රාමනාදපුරම්', 3),
(59, 'රතිනාපුරම්', 3),
(60, 'සෙල්වානගර්', 3),
(61, 'සිවනගර්', 3),
(62, 'ස්කන්තපුරම්', 3),
(63, 'තිරුනගර් උතුර', 3),
(64, 'තිරුනගර් දකුණ', 3),
(65, 'තිරුවෛයාරු', 3),
(66, 'තිරුවෛයාරු බස්නාහිර', 3),
(67, 'තොණ්ඩමාන් නගර්', 3),
(68, 'උරුතිරපුරම් නැගෙනහිර', 3),
(69, 'උරුතිපුරම් උතුර', 3),
(70, 'උරුතිරපුරම් බස්නාහිර', 3),
(71, 'උදයනගර් නැගෙනහිර', 3),
(72, 'උදයනගර් බස්නාහිර', 3),
(73, 'උට්ටුපුලම්', 3),
(74, 'වඩ්ඩකච්චි', 3),
(75, 'වන්නේරිකුලම්', 3),
(76, 'විවේකානන්තනගර්', 3),
(77, 'ආලංකේණි', 4),
(78, 'චෙඩ්ඩියකුරිච්චි', 4),
(79, 'ඤානිමඩම්', 4),
(80, 'ඉරනෛතිවු', 4),
(81, 'ජෙයපුරම් උතුර', 4),
(82, '‍ජෙයපුරම් දකුණ', 4),
(83, 'කරියාලෛ නාගපඩුවාන්', 4),
(84, 'කිරඤ්සි', 4),
(85, 'කොල්ලකුරිච්චි', 4),
(86, 'කෞතාරිමුනෛ', 4),
(87, 'මට්ටුවිල්නාටු නැගෙනහිර', 4),
(88, 'මඩ්ඩුවිල්නාඩු බටහිර', 4),
(89, 'මුලංකාවිල්', 4),
(90, 'නාච්චිකුඩා', 4),
(91, 'නල්ලූර්', 4),
(92, 'පල්ලවරායන්කට්ටු', 4),
(93, 'පළ්ළිකු‍ඩා', 4),
(94, 'පරමන්කිරායි', 4),
(95, 'පොන්නාවෙළි', 4);

-- --------------------------------------------------------

--
-- Table structure for table `kurunegala`
--

CREATE TABLE `kurunegala` (
  `gncode` int(4) NOT NULL,
  `gnname` varchar(23) DEFAULT NULL,
  `divsec` int(2) DEFAULT NULL
) ENGINE=InnoDB DEFAULT CHARSET=utf8;

--
-- Dumping data for table `kurunegala`
--

INSERT INTO `kurunegala` (`gncode`, `gnname`, `divsec`) VALUES
(1, 'ජයන්තිපුර', 1),
(2, 'බඹරේ', 1),
(3, 'සදගල', 1),
(4, 'පැරකුම්පුර', 1),
(5, 'සෝලෙපුර', 1),
(6, 'හල්මිල්ලගල', 1),
(7, 'තිඹිරිපොකුණ', 1),
(8, 'සැරසුම්ගල', 1),
(9, '‍කොක්මඩුව', 1),
(10, 'ඔරුගල', 1),
(11, 'මහ‍සෙන්පුර', 1),
(12, 'වීර‍පොකුණ', 1),
(13, 'හස්තිරාජපුර', 1),
(14, 'තමිමිටගම', 1),
(15, 'දම්සෝපුර', 1),
(16, 'සෝලෙවැව', 1),
(17, 'පතනේවැව', 1),
(18, 'අභයපුර', 1),
(19, 'සගබෝපුර', 1),
(20, 'ගුරුළුපිටිගම', 1),
(21, 'වරාවැව', 1),
(22, 'පොතාන', 1),
(23, 'පහල ගිරිබාව', 1),
(24, 'ඉහල ගිරිබාව', 1),
(25, 'වේරගල', 1),
(26, 'ඉහල මරදන්කඩවල', 1),
(27, 'හෙටිටිආරාචිචිගම', 1),
(28, 'ගම්පොල', 1),
(29, 'අලියාවැටුණුවැව', 1),
(30, 'තඹුත්ත', 1),
(31, 'තමිමැන්නාව', 1),
(32, 'මයිලෑව', 1),
(33, 'මඩි‍‍ගේ', 1),
(34, 'වන්නිකුඩාවැව', 1),
(35, 'සංගප්පාලය', 1),
(36, 'මැදගම', 2),
(37, 'වලගම්බාපුර', 2),
(38, 'ගැමුණුපුර', 2),
(39, 'ඇතිනිවැ‍ටුනුගල', 2),
(40, 'තිස්සපුර', 2),
(41, 'මැදගම නැගෙනහිර', 2),
(42, 'සෙනරත්ගම', 2),
(43, 'කුඹුක්වැව', 2),
(44, 'මහගල්කඩවල', 2),
(45, 'උස්ගල සියඹලන්ගමුව', 2),
(46, 'කෑප්ඇල', 2),
(47, 'බණ්ඩාරගම', 2),
(48, 'ගණන්ගමුව', 2),
(49, 'පදවිගම', 2),
(50, 'මීගලෑව', 2),
(51, 'ලස්සනගම', 2),
(52, 'යාය 04 උස්ගල', 2),
(53, 'ජයලන්ද', 2),
(54, 'පාඩිපංචාව', 2),
(55, 'බුදුරුවකන්ද', 2),
(56, 'කල්ලංචිය', 2),
(57, '‍මොලෑව', 2),
(58, '‍‍නොච්චිය', 2),
(59, '‍‍කො‍හොඹන්කුලම', 2),
(60, 'ඉහල නාන්නේරිය', 2),
(61, 'ඉහලගම', 2),
(62, 'ඉහල පලුකන්දෑව', 2),
(63, 'පහල පලුකන්දෑව', 2),
(64, 'මොන්නන්කුලම', 2),
(65, 'දිවුල්ලෑව', 2),
(66, 'කුරුන්දන්කුලම', 2),
(67, 'කැලේගම', 2),
(68, 'සියඹලෑව', 2),
(69, 'වලස්වැව', 2),
(70, 'පොරොත්තුකඩවල', 2),
(71, 'බුල්නෑව', 2),
(72, 'උල්පතගම', 2),
(73, '‍කොක්වැව', 2),
(74, 'මහගල්ගමුව', 2),
(75, 'ගල්ගමුව නගරය', 2),
(76, 'අලුත්හේරත්ගම', 2),
(77, 'මොට්ටපෙත්තෑව', 2),
(78, 'කරුවලගස්වැව', 2),
(79, 'ජයබිම', 2),
(80, 'පලුගොල්ල', 2),
(81, 'මහනාන්නේරිය උතුර', 2),
(82, 'මහනාන්නේරිය දකුණ', 2),
(83, 'වැවරණවැටිය', 2),
(84, 'නල්ලච්චිය', 2),
(85, 'මැදවච්චිය', 2),
(86, 'පේද්දෝගම', 2),
(87, 'කාටුවැව', 2),
(88, 'තෝරව', 2),
(89, 'නාහෙට්ටිකුලම', 2),
(90, 'වඩුගම', 2),
(91, 'කෝන්වැව', 2),
(92, 'කට්ටකඩුව', 2),
(93, 'ගනේදිවුල්වැව', 2),
(94, 'වෑගෙදර', 2),
(95, 'මඩදො‍ෙඕ', 2),
(96, 'කුරුන්දෑව', 2),
(97, 'පාලුකඩවල', 2),
(98, 'මැදින්නෝරුව', 3),
(99, 'මහවැලිතැන්න', 3),
(100, 'අන්දරවැව', 3),
(101, 'බෝංගම', 3),
(102, 'කටුගම්පලගම', 3),
(103, 'මහකත්නෝරුව', 3),
(104, 'වැලියාව', 3),
(105, 'මකුලෑව', 3),
(106, 'විකාදෙනිගම', 3),
(107, 'කත්නෝරුව', 3),
(108, 'වේදිනිගම', 3),
(109, 'පොතානේගම', 3),
(110, 'මුදියන්නෑගම', 3),
(111, 'දිවුල්ගනේ', 3),
(112, 'ඉහල දිගන', 3),
(113, 'නිතලව', 3),
(114, 'ගලපිටදිගන', 3),
(115, 'ඇතින්මලේ', 3),
(116, 'රත්නදිවුල්වැව', 3),
(117, 'නිතෝගම', 3),
(118, 'හිද්දෑව', 3),
(119, 'කදුරුවැව', 3),
(120, 'ඉහල ඇ‍‍‍‍ඹෝගම', 3),
(121, 'මහ ඇඹෝගම', 3),
(122, 'ඇහැටුවැව', 3),
(123, 'නාකොළගනේ', 3),
(124, 'වෙහෙරගොඩයාය', 3),
(125, 'යද්ෙදස්සාව', 3),
(126, 'අතරගල්ල', 3),
(127, 'ගුරුෙගාඩ', 3),
(128, 'ඒරියාව', 3),
(129, 'හුනුගල්ලෑව', 3),
(130, 'තිඹිරියාව', 3),
(131, 'වලත්වැව', 3),
(132, 'නබඩෑව', 3),
(133, 'කාසිකො‍ටේ බටහිර', 4),
(134, 'කාසිකොටේ නැ‍ගෙනහිර', 4),
(135, 'බැලුන්ගල', 4),
(136, 'අබකොලවැව උතුර', 4),
(137, 'අමුණුගම', 4),
(138, 'අඹන්ෙපාල උතුර', 4),
(139, 'ෙනලුම්පත්වැව', 4),
(140, 'මහදිවුල්වැව', 4),
(141, 'රනෝරෑව', 4),
(142, 'උඩ දිවුල්වැව', 4),
(143, 'ඇල්ලබඩගම', 4),
(144, 'අඹන්ෙපාල දකුණ', 4),
(145, 'කිරිමැටියාව', 4),
(146, 'අබකොලවැව දකුණ', 4),
(147, 'ෙස්රුෙගාඩ', 4),
(148, 'මැඩියාව', 4),
(149, 'දැතව', 4),
(150, 'උඩංගාව', 4),
(151, 'වරාගම්මන', 4),
(152, 'ෙබාරවැව', 4),
(153, 'බක්මීවැව', 4),
(154, 'වලලීය', 4),
(155, 'පලාපත්වල', 4),
(156, 'කැත්තපහුව', 4),
(157, 'ෙරා්ලව', 4),
(158, 'උදාගම', 4),
(159, 'නැකති කුඹුක්වැව', 4),
(160, 'වදුරැස්ස', 4),
(161, 'පලු‍ගොල්ල යාය 10 ඒ', 5),
(162, 'පලු‍ගොල්ල යාය 10 බී', 5),
(163, 'පාලුඋස්වැව', 5),
(164, 'කුඹුක්වැව', 5),
(165, 'දිගන්නෑව', 5),
(166, 'කැලේගම', 5),
(167, 'දිගන්නැවත්ත', 5),
(168, 'මහමිතව', 5),
(169, 'අලුත්ගම', 5),
(170, 'දිවුල්ලෑපිටිය', 5),
(171, 'මීවැල්ලෑව', 5),
(172, 'ගල්කඩවල', 5),
(173, 'එළගමිමිල්ලව', 5),
(174, 'යකඩපත', 5),
(175, 'කුදරවාලිය', 5),
(176, 'මොර‍ගොල්ල', 5),
(177, 'කුඩාමිතව', 5),
(178, 'දෙහැන්නෑගම', 5),
(179, 'ඉහළ වීරදඩාන', 5),
(180, 'මොන්නෑකුලම', 5),
(181, 'කොටවෙහෙර', 5),
(182, 'මහකිරින්ද ඒ', 5),
(183, 'මහකිරින්ද බී', 5),
(184, 'ගිරිල්ල', 5),
(185, 'හි‍දෝගම', 5),
(186, 'සිරිසෙතගම', 5),
(187, 'නාවාන', 5),
(188, 'නාගල', 5),
(189, 'ඉතෑව', 5),
(190, '‍දොඩ‍ම්ගො‍‍ල්ලේගම', 5),
(191, 'හුලව', 5),
(192, 'කෝරළයාගම', 6),
(193, 'මල්පානව', 6),
(194, 'ආබොක්කාගම', 6),
(195, 'කණුකැටිය', 6),
(196, 'අඹාලේ', 6),
(197, 'උඩුනෝව', 6),
(198, 'ගල්පානව', 6),
(199, 'හළඹේ', 6),
(200, 'ඔට්ටුකුළම', 6),
(201, 'ලීකොලපිටිය', 6),
(202, 'අගාරඋඩ', 6),
(203, 'උඩහේනේගම', 6),
(204, 'රඹෑව', 6),
(205, 'තලාකොලවැව', 6),
(206, 'කණගුල්ලැව', 6),
(207, 'රස්නායකපුර', 6),
(208, 'කල්ලංචිය', 6),
(209, 'කුරුවිකුලම', 6),
(210, 'නම්මුවාව', 6),
(211, 'නීරාලියද්ද', 6),
(212, 'අඹගම්මන', 6),
(213, 'උණගොල්ල', 6),
(214, 'කොන්ගස්වලයාගම', 6),
(215, 'දිවුල්ලෑව', 6),
(216, 'කඩිගාව යාය 01', 6),
(217, 'කඩිගාව යාය 03', 6),
(218, 'සුභසිංහපුර', 6),
(219, 'මගුරන්කඩවල', 6),
(220, 'තුඹුල්ල', 7),
(221, 'වදුරැස්ස', 7),
(222, 'ඔලුපැලියාව', 7),
(223, 'කන්‍‍දේ‍‍ගෙදර', 7),
(224, 'හුළුගල්ල', 7),
(225, 'මාවතගම', 7),
(226, 'පින්නපොලේගම', 7),
(227, 'හුලෝගෙදර', 7),
(228, 'බෝගොල්ලාගම', 7),
(229, 'දළුක්ගොල්ල', 7),
(230, 'ඉහකොළගම', 7),
(231, 'කර‍කොලේ', 7),
(232, 'හැවැන්පැලැස්ස', 7),
(233, 'කිවු‍ලේගම', 7),
(234, 'නෑඹඩෑව', 7),
(235, 'දියගම', 7),
(236, 'හාතිගම්මන', 7),
(237, 'කළුවැන්නැව', 7),
(238, 'හිලෝගම', 7),
(239, 'කැබැල්ලාව', 7),
(240, 'බුදුමුත්තාව', 7),
(241, 'ගලපිටියාගම', 7),
(242, 'නිකවැරටිය උතුර', 7),
(243, 'තිඹිරියාව', 7),
(244, 'ගලෙගදර', 7),
(245, 'රංදෙණිගම', 7),
(246, 'දිවුල්ලෑගොඩ', 7),
(247, 'සියඹලෑව', 7),
(248, 'වාසිවැව', 7),
(249, 'කිරිදිගල්ල', 7),
(250, 'ඕතොට දිවුල්ලෑව', 7),
(251, 'හල්මිල්ලෑව', 7),
(252, 'කටගමුව', 7),
(253, 'කුඹුක්වැව', 7),
(254, 'ඇලවක', 7),
(255, 'මාගල්‍‍‍‍‍‍‍‍‍ලේගම', 7),
(256, 'මිල්ල‍‍‍‍ගොඩ', 7),
(257, 'නිකවැරටිය දකුණ', 7),
(258, 'විහාරගම', 7),
(259, 'දණ්ඩුවාව', 7),
(260, 'පහල ගලපිටියාගම', 7),
(261, 'තරණගොල්ල', 7),
(262, 'කොහොඹකඩවල', 8),
(263, 'ඉහළගම', 8),
(264, 'පහළගම', 8),
(265, 'මොරගස්වැව', 8),
(266, 'කෝන්වැව', 8),
(267, 'යද්දීගම', 8),
(268, 'බමුණුගම', 8),
(269, 'කිරිමැටියාව', 8),
(270, 'බක්මීගහවත්ත', 8),
(271, 'කරුවලගහවත්ත', 8),
(272, 'මාකඩුවාව', 8),
(273, 'තුඹුල්ලේගම', 8),
(274, 'හිතෝකඩවල', 8),
(275, 'තාඔරේ', 8),
(276, 'ලියනගම', 8),
(277, 'උඩුවේරිය', 8),
(278, 'මානින්ගමුව', 8),
(279, 'ඉපලෝගම', 8),
(280, 'තම්මිටගම', 8),
(281, 'දළදාගම', 8),
(282, 'උල්ලලපොල', 8),
(283, 'අටවරල', 8),
(284, 'දිගන', 8),
(285, 'මූණමලේගම', 8),
(286, 'මාදුරුගම', 8),
(287, 'මහව බටහිර', 8),
(288, 'මහව නැගෙනහිර', 8),
(289, 'නෙත්තිපලගම', 8),
(290, 'දිවුල්ලෑව', 8),
(291, 'පයිලිගම', 8),
(292, 'කට්ටඹුවාව', 8),
(293, 'දැහැනැග්ගම', 8),
(294, 'කර‍ඹේ', 8),
(295, 'කදුබ‍ඩගම', 8),
(296, 'ඇඹෝගම', 8),
(297, 'තලම්බුව', 8),
(298, 'කුඹුක්වැව', 8),
(299, 'කැකුණාව', 8),
(300, 'රැකෝගම', 8),
(301, 'ඉඹුල්ගොඩයාගම', 8),
(302, 'විලව', 8),
(303, 'කුඹුක්වැව', 8),
(304, 'කෝන්වැව', 8),
(305, 'හීනුග්ගල', 8),
(306, 'කුඹුක්වැව', 8),
(307, 'බලල්ල', 8),
(308, 'පහල බලල්ල', 8),
(309, 'තිස්නම්පලගම', 8),
(310, 'හීනුක්වැව', 8),
(311, 'ගල්ලෑව', 8),
(312, 'ගාලේවැව', 8),
(313, 'කඩම්බාව', 8),
(314, 'මැටියග්ගම', 8),
(315, 'මැදගම', 8),
(316, 'ගලඅඹගස්වැව', 8),
(317, 'රත්මලේ', 8),
(318, 'දම්පිටිගම', 8),
(319, 'නාගොල්ලාගම', 8),
(320, 'තලගල්ල', 8),
(321, 'පන්වැව', 8),
(322, 'බලගොල්ලාගම', 8),
(323, 'අඹගස්වැව', 8),
(324, 'ගජ‍නැග්ගම', 8),
(325, 'පොතුවැව', 8),
(326, 'කටුවන්නාව', 8),
(327, 'වල්පාලුව', 8),
(328, 'පලුගස්වැව', 8),
(329, 'මිරිහන්පිටිගම', 8),
(330, 'කුඹුක්කඩවල', 9),
(331, 'තලාදපිටිය', 9),
(332, 'තලාව', 9),
(333, 'සියඹලන්ගමුව', 9),
(334, 'බුල්නෑව', 9),
(335, 'කම්ඹුවටවන', 9),
(336, 'ගල්ගිරියාව', 9),
(337, 'පොහොරවත්ත', 9),
(338, 'මොරගොල්ලාගම', 9),
(339, 'ගලහිටියාගම', 9),
(340, 'නිකවැව', 9),
(341, 'ඉහල තිඹිරියාව', 9),
(342, 'මාමුණුගම', 9),
(343, 'පතිරැන්නේගම', 9),
(344, 'සාලියගම', 9),
(345, 'සේරුගස්යාය', 9),
(346, 'හේරත්ගම', 9),
(347, 'දඹේ', 9),
(348, 'කිරිබමුණේගම', 9),
(349, 'මඩගල්ල', 9),
(350, 'ගලගෙදරගම', 9),
(351, 'හාතිගමුව', 9),
(352, 'අමුණකොලේ', 9),
(353, 'කුඹුකුලාව', 9),
(354, 'පල්ලෙකැලේ', 9),
(355, 'පොතුවිල', 9),
(356, 'රැකැවුල', 9),
(357, 'බෝගොල්ල', 9),
(358, 'පොල්පිතිගම', 9),
(359, 'මල්අස්න', 9),
(360, 'මීගස්වැව', 9),
(361, 'නියදවනය', 9),
(362, 'හත්පොකුණ', 9),
(363, 'තල්පත්වැව', 9),
(364, 'කෝරුවාව', 9),
(365, 'ගල්ටැංවැව', 9),
(366, 'බලගොල්ල', 9),
(367, 'සියඹලාවැව', 9),
(368, 'තලාකොළවැව', 9),
(369, 'ඇලගමුව', 9),
(370, 'හල්මිල්ලවැව', 9),
(371, 'ඉමිහාමිනේගම', 9),
(372, 'අගුල්ගමුව', 9),
(373, 'නිකවැහැර', 9),
(374, 'කොස්ගහඇල', 9),
(375, 'හක්වටුනාව', 9),
(376, 'රාවාඇල', 9),
(377, 'දාගම', 9),
(378, 'ඉදිගොල්ල', 9),
(379, 'දෙඹටගල', 9),
(380, 'ගල්කැටියාගම', 9),
(381, 'බක්මීවැව', 9),
(382, 'වෙලන්ගොල්ල', 9),
(383, 'වදුරුස්ස', 9),
(384, 'මාඑළිය උතුර', 9),
(385, 'අගාරේ', 9),
(386, 'මකුල්පොත', 9),
(387, 'තල්වැහැර', 9),
(388, 'වැලිපිටිය', 9),
(389, 'මොරොත්ත', 9),
(390, 'කෑරලන්කඩවල', 9),
(391, 'පොල්ගහන්ගොඩ', 9),
(392, 'පරගහඇල', 9),
(393, '‍මැදකන්ද', 9),
(394, 'මඩහපොල', 9),
(395, 'උතුරුවැල්ල', 9),
(396, 'රඹේ', 9),
(397, 'මාඑළිය දකුණ', 9),
(398, 'දෙකදුවල', 9),
(399, 'කලුගල්ල', 9),
(400, 'ඉහල තෙලඹියාව', 9),
(401, 'අඹගස්වැව', 9),
(402, 'තලමල්ගම', 9),
(403, 'කලවාන', 9),
(404, 'වැලිදල්ල', 9),
(405, 'පොන්නිලව', 9),
(406, 'තම්ඹුව', 9),
(407, 'හෙනව', 9),
(408, 'බද්දේගම', 9),
(409, 'හංගමුව', 9),
(410, 'දොරවේරුව', 9),
(411, 'දීගම', 9),
(412, 'වෙල්ගාල', 10),
(413, 'කිඹුල්වාන ඹය', 10),
(414, 'නෙල්ලිය', 10),
(415, '‍දිද්දෙණිය', 10),
(416, 'පොල්කටුව', 10),
(417, 'දිග්ගලවත්ත', 10),
(418, 'ගුරුස්ස', 10),
(419, 'ඔමාරගොල්ල', 10),
(420, 'පන්ලියද්ද', 10),
(421, 'නාබැට', 10),
(422, 'උස්සාව', 10),
(423, 'නීරම්මුල්ල', 10),
(424, 'දේවගිරිය', 10),
(425, 'කටුපොත', 10),
(426, 'යුනිට් 03', 10),
(427, 'හිපව්ව', 10),
(428, 'තම්මිට', 10),
(429, 'තිහව', 10),
(430, 'ගනේගොඩ', 10),
(431, 'ලේනව', 10),
(432, 'බණ්ඩිපොල', 10),
(433, 'පිටපහමුණ', 10),
(434, 'මැදමුල්ල', 10),
(435, 'දියතුරේ', 10),
(436, 'මෙගොඩ දියතුරේ', 10),
(437, 'රාගෙදර', 10),
(438, 'කැන්දවල', 10),
(439, 'මහගම', 10),
(440, 'පුස්සැල්ලේගම', 10),
(441, 'කරදගොල්ල', 10),
(442, 'කහටවෙල', 10),
(443, 'නැකැත්ත', 10),
(444, 'ගොඩරත්මලේ', 10),
(445, 'පුදුක්කුලම', 10),
(446, 'මානපාය', 10),
(447, 'දොළුව', 10),
(448, 'වෑවලගම', 10),
(449, 'දීයාව', 10),
(450, 'අරගම', 10),
(451, 'නින්දපැල්ල', 10),
(452, 'ඉහළ ගොකරැල්ල', 10),
(453, 'මැදගම්පොල', 10),
(454, 'කන්දේගෙදර', 10),
(455, 'අඹන්පොල', 10),
(456, 'මැද්දේකැටිය', 10),
(457, 'සියඹලාවැහැර', 10),
(458, 'දරමිටි‍පොල', 10),
(459, 'හිද්දන', 10),
(460, 'ගොඩගම', 10),
(461, 'කිරිබමුණ', 10),
(462, '‍පෙරියකඩු නැලව', 10),
(463, 'පේද්දව', 10),
(464, 'මුරුතව', 10),
(465, 'කදුලව', 10),
(466, 'ඉපලව', 10),
(467, '‍පොල්ගොල්ල', 10),
(468, 'උඩතම්මිට', 10),
(469, 'මැදගෙදර', 10),
(470, 'තල්ගොඩපිටිය', 10),
(471, 'ඉබ්බාගමුව', 10),
(472, 'දෙහෙල්ගමුව', 10),
(473, 'මහමුකලන්යාය', 10),
(474, 'බෝගමුව', 10),
(475, 'හංගමුව', 10),
(476, 'වඩුපොල', 10),
(477, 'පන්නල', 10),
(478, 'උඩවෙල', 10),
(479, 'කිරිඳිගල්ල', 10),
(480, 'හේනෙගෙදර', 10),
(481, 'මඩිහේ දේතිලිඅංග', 10),
(482, 'ගල්කැටිගම', 10),
(483, 'බක්මීගොල්ල', 10),
(484, 'කුඔල්අංග', 10),
(485, 'නෑඕලිකුඹුර', 10),
(486, 'දිගන්කෝන්වැව', 11),
(487, 'වේරගල', 11),
(488, 'තිඹිරිවැව', 11),
(489, 'කැකුළාවල', 11),
(490, 'දිවුල්වැව', 11),
(491, 'පොතුවාගොන්න', 11),
(492, 'කුඩා උයන්ගල්ල', 11),
(493, 'උයන්ගල්ල', 11),
(494, 'කළටුවාගම', 11),
(495, 'අළුත්ගම', 11),
(496, 'සීරංගොඩ', 11),
(497, 'තඔගල්ල', 11),
(498, 'පන්නව', 11),
(499, 'නැලව', 11),
(500, 'මකුල්මඩේ', 11),
(501, 'නීරාවිය', 11),
(502, 'වඩුවාව', 11),
(503, 'සන්තානගම', 11),
(504, 'කුඹුක්ගැටේ', 11),
(505, 'හෙට්ටිගම', 11),
(506, 'බොරළුව', 11),
(507, 'නිකගොල්ල', 11),
(508, 'තිත්තවැල්ල', 11),
(509, 'ජහපාගම', 11),
(510, 'නෙරියාව', 11),
(511, 'අරන්‍කැලේ', 11),
(512, 'තිත්තවැල්ගාල', 11),
(513, 'නිකදළුපොත', 11),
(514, 'හිරිපිටිය', 11),
(515, 'හිදවැව', 11),
(516, 'නෙළුම්පත්ගම', 11),
(517, 'මාලගමුව', 11),
(518, 'ඔතුවෙල', 11),
(519, 'මොරගොල්ල', 11),
(520, 'හුණුපොල', 11),
(521, 'වේගොල්ල', 11),
(522, 'මකුල්වැව', 11),
(523, 'තන්තිරිගම', 11),
(524, 'කිරිදිවෙල්මඩ/ ගලගෙදර', 11),
(525, 'සීරාදුන්න', 11),
(526, 'කනව', 11),
(527, 'පොතුවිල', 11),
(528, 'හල්මිල්ලෑව', 12),
(529, 'තෙන්නකෝන්ගම', 12),
(530, 'කැලේගම', 12),
(531, 'කොනොත්ත', 12),
(532, 'එබවලපිටිය', 12),
(533, 'මැල්ලපොත්ත', 12),
(534, 'වදුරැස්සවැල්ගාල', 12),
(535, 'වල්පාළුව', 12),
(536, 'මිනුවන්ගැටේ', 12),
(537, 'නෙල්ලිය', 12),
(538, 'දීගිතව', 12),
(539, 'කරගස්වැව', 12),
(540, 'වදුරැස්ස', 12),
(541, 'කරදවැටිය', 12),
(542, 'ඇතව', 12),
(543, 'වෙලව', 12),
(544, 'රඹුකන', 12),
(545, 'අවුලේගම', 12),
(546, 'බයව', 12),
(547, 'මුවන්වැල්ලේගෙදර', 12),
(548, 'මගුලාගම', 12),
(549, 'දිවුලකැලේ', 12),
(550, 'වැරැල්ල', 12),
(551, 'නරමාන', 12),
(552, 'තඔරව', 12),
(553, 'පොතුවැව', 12),
(554, 'නෑටිය', 12),
(555, 'තිස්සව', 12),
(556, 'අමුණුගම', 12),
(557, '‍ගොලුවාව', 12),
(558, 'කිතුල්වැහැර', 12),
(559, 'ඉපලව', 12),
(560, 'මාමුණුව', 12),
(561, 'පාදෙනිය', 12),
(562, 'මඩාටුව', 12),
(563, 'පට්ට‍ලේගෙදර', 12),
(564, 'මිරිහානේගම', 12),
(565, 'නබඩවැව', 12),
(566, 'කහගොල්ල', 12),
(567, 'හබරව', 12),
(568, 'අඔකඩවර', 12),
(569, 'පැන්නිතව', 12),
(570, 'හෙට්ටිගෙදර', 12),
(571, 'මැදගම', 12),
(572, 'ගිනිපෙන්දේගම', 12),
(573, 'වාරියපොල', 12),
(574, 'රත්මලේ', 12),
(575, 'පියුම්ගල්ල', 12),
(576, 'එලවිටිගම', 12),
(577, 'වැවගෙදර', 12),
(578, 'රන්දෙනිය', 12),
(579, 'වේරපොල', 12),
(580, 'හොරොම්බුව', 12),
(581, 'විලාකටුපොත', 12),
(582, 'ඇඔව', 12),
(583, 'මල්වාන', 12),
(584, 'හාතලාව', 13),
(585, 'මාකෙලියාව', 13),
(586, 'මාවතගම', 13),
(587, 'හෙංගමුව', 13),
(588, 'වදුරැස්ස', 13),
(589, 'වන්නිගම', 13),
(590, 'විතිකුලිය', 13),
(591, 'බැද්දේගම', 13),
(592, 'පුබ්බිලිය', 13),
(593, 'කදත්තාව', 13),
(594, 'අමුණුකොලේ', 13),
(595, 'කිතගම', 13),
(596, 'තෙලහැර', 13),
(597, 'අස්සැද්දුම', 13),
(598, 'ලීකොලවැව', 13),
(599, 'කහටගස්වැව', 13),
(600, 'වැල්පොතුවැව', 13),
(601, '‍බොරලුවැව', 13),
(602, 'මාඋල්ල', 13),
(603, 'බෙලිවැව', 13),
(604, 'බකුණාවල', 13),
(605, 'අලහේනේගම', 13),
(606, 'අරළුගස්වැව', 13),
(607, 'වලස්වැව', 13),
(608, 'පන්නව', 13),
(609, 'ගලටබැදිවැව', 13),
(610, 'බමුණුගම', 13),
(611, 'හිරිගොල්ල', 13),
(612, 'කොබෙයිගනේ', 13),
(613, 'හොළඔලෑව', 13),
(614, 'හල්මිල්ලකොටුව', 13),
(615, 'කට්ටපිටිය', 13),
(616, 'බලදොර', 13),
(617, 'මිදෙල්ලව', 13),
(618, 'හිදගහවැව', 13),
(619, 'මොළඑළිය', 14),
(620, 'ගැටුලාව', 14),
(621, 'පහළ තලම්පොළ', 14),
(622, 'ඉහළ කෝන්කදවල', 14),
(623, 'බන්ඩාරිගල්ගොඩ', 14),
(624, 'මානෙලෙම්බුව', 14),
(625, 'පහළ කිණියම', 14),
(626, 'නැගෙනහිර කිණියම', 14),
(627, 'බටහිර කිණියම', 14),
(628, 'පුවක්ගහකඩවල', 14),
(629, 'විරපොකුණ', 14),
(630, 'කොස්හේනාගර', 14),
(631, 'ඉහළ ගල්වැව', 14),
(632, 'පහළ ගල්වැව', 14),
(633, 'ඌරා‍‍‍‍‍‍‍පොත්ත', 14),
(634, 'බ්‍රාහ්මණයාගම', 14),
(635, 'හෙන්ඩියපොල', 14),
(636, 'කරඳණයාගම', 14),
(637, 'කෝසාගම', 14),
(638, 'වදුරැස්ස', 14),
(639, 'පහළ කොස්වත්ත', 14),
(640, 'මාඋනාව', 14),
(641, 'බෝවත්ත', 14),
(642, 'පානවැව', 14),
(643, 'මුකලන්හේන', 14),
(644, 'මුරුකණ්ඩිය', 14),
(645, 'බිංගිරිය', 14),
(646, 'විලත්තව', 14),
(647, 'අළුත්ගම', 14),
(648, 'ඉහළ කළුගම', 14),
(649, 'වැල්ලරාව', 14),
(650, 'බක්මිරුප්ප', 14),
(651, 'හිරුවල්පොළ', 14),
(652, 'කදුරුවැව', 14),
(653, 'හොරගස් අගාර', 14),
(654, 'ඉහළ කඩිගමුව', 14),
(655, 'ඉහළ කොස්වත්ත', 14),
(656, 'නිතලව', 14),
(657, 'කුඩකලව', 14),
(658, 'තාරණ', 14),
(659, 'කෝන්කඩවල', 14),
(660, 'හමන්නාපහුව', 14),
(661, 'කුරුඳුපොත', 14),
(662, 'මාදුළුපිටිය', 14),
(663, 'උඩවෙල', 14),
(664, 'මෙලදෙනිය', 14),
(665, 'පඩිවෙල', 14),
(666, 'කැලෑගෙදර', 14),
(667, 'තෝරබිච්චිය', 14),
(668, 'හින්පන්නාව', 14),
(669, 'පහළ කඩිගමුව', 14),
(670, 'පහළ මණ්ඩකොන්ඩාන', 14),
(671, 'කහටවිල', 15),
(672, 'මඩඉන', 15),
(673, 'දෝතැල්ල', 15),
(674, 'ගනේගම', 15),
(675, 'මණ්ඩාපොල', 15),
(676, 'කෝන්වැව', 15),
(677, 'රඹෑව', 15),
(678, 'මදුල්ල', 15),
(679, 'වඩුමුන්න', 15),
(680, 'අකුරන', 15),
(681, 'යෝදයාකන්ද', 15),
(682, 'උඩගම', 15),
(683, 'කරදව', 15),
(684, 'පල්ලේගම', 15),
(685, 'දිවුල්වැව', 15),
(686, 'ගිරාතලාන', 15),
(687, 'නිකපිටිය', 15),
(688, 'ඔතේගම', 15),
(689, 'දිග්ගලගෙදර', 15),
(690, 'දොරබාවිල', 15),
(691, 'නල්ලුර', 15),
(692, 'පලුගස්‍වැව', 15),
(693, 'මඩිගේ මිදියාල', 15),
(694, 'මිදියාල', 15),
(695, 'හිදගහවැව', 15),
(696, 'හම්මාලිය', 15),
(697, 'බණ්ඩාර කොස්වත්ත', 15),
(698, 'හාතපොල', 15),
(699, 'කඩවලගෙදර', 15),
(700, 'පඩුවස්නුවර', 15),
(701, 'කොටඔපිටිය', 15),
(702, 'හෙට්ටිපොල', 15),
(703, 'දොලහමූණ', 15),
(704, 'මුනිහිරිගම', 15),
(705, 'කෙවිටිය', 15),
(706, '‍පැපොලේගම', 15),
(707, 'හන්තිහව', 15),
(708, 'බරම්පොල', 15),
(709, 'හෙට්ටිගම', 15),
(710, 'ඇහැටුමුල්ල', 15),
(711, 'කුරුදු කුඹුර', 15),
(712, 'බෝගොල්ල', 15),
(713, 'බමුණුමුල්ල', 15),
(714, 'මීගස්පිටිය', 15),
(715, 'යායෙ ගෙදර', 15),
(716, 'ටැකෑව', 15),
(717, 'රිත්තදෙණිය', 15),
(718, 'ජයසිරිපුර', 15),
(719, 'පිහිඹිය', 15),
(720, 'රත්මලේ', 15),
(721, 'නාගොල්ලාගො‍ඩ', 15),
(722, 'අඹගහගෙදර', 15),
(723, 'දහනැක්ගෙදර', 15),
(724, '‍ඇඹෝගෙදර', 15),
(725, 'දොරටියාගෙදර', 15),
(726, 'අකරවත්ත', 15),
(727, 'මල්වානේ ගෙදර', 15),
(728, 'මූනමල්දෙනිය', 15),
(729, 'කඹුරාපොල', 15),
(730, 'පහල ගොමුගොමුව', 15),
(731, 'ඉහල ගොමුගොමුව', 15),
(732, 'හිදියාමුල්ල', 15),
(733, 'කරගහගෙදර', 15),
(734, 'ඇපලදෙනිය', 15),
(735, 'තෙන්ගොඩගෙදර', 15),
(736, 'රිදීකන්ද', 15),
(737, 'මොරගොල්ල', 15),
(738, 'මැදගම', 16),
(739, 'කොස්දෙනිය', 16),
(740, 'විල්බාගෙදර', 16),
(741, 'හංවැල්ල', 16),
(742, 'පලාවිටිය', 16),
(743, 'කොලඹගම', 16),
(744, 'ගල්ලැහැපිටිය', 16),
(745, 'රනෝරාව', 16),
(746, 'කටුමුලුව', 16),
(747, 'මාවීහේන', 16),
(748, 'රත්මල්ල', 16),
(749, 'දුනුපොත', 16),
(750, 'බැද්දේගම', 16),
(751, 'තිස්සව', 16),
(752, 'නෙලිබෑව', 16),
(753, 'දෙමටෑව', 16),
(754, 'කඳුබොඩ', 16),
(755, 'හේනෙගෙදර', 16),
(756, 'මගුලාගම', 16),
(757, 'අංගමුව', 16),
(758, 'අනුක්කන්හේන', 16),
(759, 'මොරගනේ', 16),
(760, 'කණපොතුහැර', 16),
(761, 'කනෝගම', 16),
(762, 'ගලගෙදර', 16),
(763, 'අඩුක්කනේ', 16),
(764, 'උඩුගම්පොලගෙදර', 16),
(765, 'වැලිවැහැර', 16),
(766, 'ගොන්නව', 16),
(767, 'බෝධිමුල්ල', 16),
(768, 'නින්දවෙල', 16),
(769, 'විජය උදාගම', 16),
(770, 'වැටැහැපිටිය', 16),
(771, 'හිදව', 16),
(772, 'කනෝයාය', 16),
(773, 'කන්දෙගෙදර', 16),
(774, 'එරිහබේ', 17),
(775, 'පානව', 17),
(776, 'පහල ඉමියන්ගොඩ', 17),
(777, 'වල්පොල', 17),
(778, 'මහකෙළිය', 17),
(779, 'කෙලිමුනේ', 17),
(780, 'නාථගනේ', 17),
(781, 'කඩිහාරය', 17),
(782, 'බමුණාකොටුව', 17),
(783, 'මූණමලේ', 17),
(784, 'තල්ගහගම', 17),
(785, 'ගන්තිරියාව', 17),
(786, 'පානකඩුව', 17),
(787, 'පහළකොළමුන්න', 17),
(788, 'වතුකන', 17),
(789, 'නෙළුම්කණුව', 17),
(790, 'වෑඋඩගම', 17),
(791, 'පනාගමුව', 17),
(792, 'පනාදරේ', 17),
(793, 'වලලිය', 17),
(794, 'කැඩපත්වෙහෙර', 17),
(795, 'රුක්කත්තනේ', 17),
(796, 'බෝගොඩ', 17),
(797, 'හංහමුණව', 17),
(798, 'නවගත්ත', 17),
(799, 'මිරිහම්පිටිය', 17),
(800, 'හේනේගෙදර', 17),
(801, 'දම්පිටිය', 17),
(802, 'ඊතනවත්ත', 17),
(803, 'වෑදන්ඩ', 17),
(804, 'පල්ලවදම්පිටිය', 17),
(805, 'දෙමටළුව', 17),
(806, 'කනෝටුව', 17),
(807, 'සිවල්ලවගෙදර', 17),
(808, 'හොමතාගම', 17),
(809, 'දිවුල්ගස්පිටිය', 17),
(810, 'විල්ගම්දෙමටව', 18),
(811, 'ගෝනගම', 18),
(812, 'රැකව', 18),
(813, 'පිඹුරුවැල්ලේගම', 18),
(814, 'ගලගෙදර', 18),
(815, 'මින්හෙට්ටිය', 18),
(816, 'හංවැල්ල', 18),
(817, 'මාරගම', 18),
(818, 'වේගොල්ල', 18),
(819, 'ඔග්ගමුව', 18),
(820, 'තිස්නම්පොල', 18),
(821, 'කුඩාගල්ගමුව', 18),
(822, 'ගනේකොලනිය', 18),
(823, 'කඩපොල', 18),
(824, 'දෙමලුස්ස', 18),
(825, 'මාස්පොත', 18),
(826, 'රත්කරව්ව', 18),
(827, 'මාපේගමුව', 18),
(828, 'දාහිගමුව', 18),
(829, 'සියඹලන්ගමුව', 18),
(830, 'ගුරුලෑපොල', 18),
(831, 'පැල්ලන්දෙනිය', 18),
(832, 'හෙට්ටිගෙදර', 18),
(833, 'වැවගෙදර', 18),
(834, 'කලහෝගෙදර', 18),
(835, 'මාවීදළුපොත', 18),
(836, 'උඩබදලව', 18),
(837, 'තිත්තවැල්ල', 18),
(838, 'උඩදිගන', 18),
(839, 'යන්තම්පලාව', 18),
(840, 'කවුඩාවත්ත', 18),
(841, 'අස්සැද්දුම', 18),
(842, 'දෙමටගහපැලැස්ස', 18),
(843, 'කලටුවාපැලැස්ස', 19),
(844, 'සීරාදුන්න', 19),
(845, 'සේරුවාව', 19),
(846, 'පුබ්බෝව', 19),
(847, 'තල්විට', 19),
(848, 'වරද්දන', 19),
(849, 'පහල වරද්දන', 19),
(850, 'රංගම', 19),
(851, 'වැල්ලව', 19),
(852, 'ගිනිකරාව', 19),
(853, 'හදිරවලාන පහල', 19),
(854, 'තලටුව', 19),
(855, 'රිකිල්ලගමුව', 19),
(856, 'දෙමටගොල්ල', 19),
(857, 'බුදනාපිටිය', 19),
(858, 'හදිරවලාන ඉහල', 19),
(859, 'මහකන්දේගම', 19),
(860, 'අළකොල‍දෙණිය', 19),
(861, 'බමුණුගෙදර', 19),
(862, 'කුරුනෑගල නගරය ඊසාන', 19),
(863, 'කුරුණෑගල නගරය උතුර', 19),
(864, 'ගංගොඩ', 19),
(865, 'විල්ගොඩ', 19),
(866, 'හෙරලියාවල', 19),
(867, 'බමුණාවල', 19),
(868, 'මල්කඩුවාව', 19),
(869, 'මල්කඩුවාව දකුණ', 19),
(870, 'මල්කඩුවාව උතුර', 19),
(871, 'කුරුනෑගල නගරය බටහිර', 19),
(872, 'තෙලියාගොන්න', 19),
(873, 'කුරුනෑගල නගරය මධ්‍යම', 19),
(874, 'කුරුනෑගල නගරය කඩවීදිය', 19),
(875, 'ගැට්ටුවාන', 19),
(876, 'කුරුණෑගල නගරය නැගෙනහිර', 19),
(877, 'කුරුණෑගල නගරය දකුණ', 19),
(878, 'වෙහෙරබැන්ද', 19),
(879, 'හේනමුල්ල', 19),
(880, 'වැහැර නැගෙනහිර', 19),
(881, 'වැහැර බටහිර', 19),
(882, 'අකරගන උතුර', 19),
(883, 'වදුරාගල', 19),
(884, 'රත්ගල්ල', 19),
(885, 'බොයගනේ', 19),
(886, 'අකරගන දකුණ', 19),
(887, 'විල්බාව', 19),
(888, 'නයිලිය', 19),
(889, 'මඩිතියවල', 19),
(890, 'තෝරවතුර', 19),
(891, 'මතව', 19),
(892, 'අත්තනපිටිය', 19),
(893, 'පහල තලම්පිටිය', 19),
(894, 'කුදුම්බුව', 19),
(895, 'උඩවල්පොල​', 19),
(896, 'ඉලුප්පුගෙදර​', 19),
(897, 'මැද්දේගම බටහිර', 20),
(898, 'උඩගම', 20),
(899, 'පිල්ලව', 20),
(900, 'හැගව', 20),
(901, 'නාරම්පොල', 20),
(902, 'රණවන', 20),
(903, 'කහටපිටිය', 20),
(904, 'මැද්දේගම නැගෙනහිර', 20),
(905, 'මරළුවාව', 20),
(906, 'පල්ලේ ගැට්ටුවාන', 20),
(907, 'තෝරයාය', 20),
(908, 'කුඩා කෝවාන', 20),
(909, 'කෝවාන', 20),
(910, 'දෙණගමුව', 20),
(911, 'යග්ගපිටිය', 20),
(912, 'මැහිල්ල උතුර', 20),
(913, 'හැවණ', 20),
(914, 'උයන්දන', 20),
(915, 'මැහිඇල්ල දකුණ', 20),
(916, 'මල්ලවපිටිය', 20),
(917, 'මිල්ලව', 20),
(918, 'කොලපැලලිකන්ද', 20),
(919, 'දොරටියාව', 20),
(920, 'මැස්සගම්මන', 20),
(921, 'හේවාපොල', 20),
(922, 'මානෙල්ඔලුව', 20),
(923, 'වල්පොලකන්ද උතුර', 20),
(924, 'වල්පොලකන්ද දකුණ', 20),
(925, 'ඉදුල්ගොඩ', 20),
(926, 'කෝන්පොල', 20),
(927, 'දෙම්බේපොල', 20),
(928, 'බෝධිගම', 20),
(929, 'තිරගම', 20),
(930, 'බෝගමුව', 20),
(931, 'වේරවැල්ල', 20),
(932, 'ඉදුල්ගොඩකන්ද', 20),
(933, '‍මොරතැන්න', 20),
(934, 'කටුපිටිය උතුර', 20),
(935, 'කටුපිටිය දකුණ', 20),
(936, 'ඉහල තලම්පිටිය', 20),
(937, 'වත්තේගෙදර', 20),
(938, '‍කෝර‍‍ලේ ‍ගෙදර', 20),
(939, 'මහගම', 20),
(940, '‍බෙ‍ල්ගොඩ', 20),
(941, 'බෙල්ගොඩ කන්ද', 20),
(942, 'කොන්ගස්වල', 21),
(943, 'බරන්දන', 21),
(944, 'වැවගෙදර', 21),
(945, 'ඇ‍ටගහවෙල', 21),
(946, 'ගලපිටමුල්ල', 21),
(947, 'හිදගොල්ල', 21),
(948, 'උදානගම', 21),
(949, 'තාරාපොත', 21),
(950, 'ටිගොල', 21),
(951, 'අරම්පොලවත්ත උතුර', 21),
(952, 'අරම්පොලවත්ත දකුන', 21),
(953, 'එල්ලාගොන්න', 21),
(954, 'පොතු‍බෝව', 21),
(955, 'මඩව', 21),
(956, 'කදුබොඩ', 21),
(957, 'කහදවැලිපොත', 21),
(958, 'මාස්වැව', 21),
(959, 'පිලැස්ස ඉහලගම', 21),
(960, 'පිලැස්ස පහලගම', 21),
(961, 'හේනෙපොල', 21),
(962, 'මාරලන්ද', 21),
(963, 'අරම්පොල', 21),
(964, '‍දෙල්ගොඩ වත්ත උතුර', 21),
(965, 'නව පොතුබෝව', 21),
(966, 'වැලිකුඹුර', 21),
(967, 'ඉලුකේවල උතුර', 21),
(968, 'මාවතගම', 21),
(969, 'දෙල්ගොල්ල වත්ත දකුන', 21),
(970, 'මාවතගම උතුර', 21),
(971, 'මීපල්ලේගම නැගෙනහිර', 21),
(972, 'බුලත්වත්ත', 21),
(973, 'රත්නැග්ගම', 21),
(974, 'යටිවල', 21),
(975, 'මීපල්ලේගම බටහිර', 21),
(976, 'මීමැදගම්ගොඩ', 21),
(977, 'මීවම්බුගම්ගොඩ', 21),
(978, 'මාවතගම බටහිර', 21),
(979, 'සාමෝදාගම', 21),
(980, 'ඉලුකේවල දකුන', 21),
(981, 'ඉහල වැලිගේපොල', 21),
(982, 'අකාඩේ', 21),
(983, 'වරද්දන', 21),
(984, 'වාඩියගොඩ', 21),
(985, 'බන්ඩාරගල', 21),
(986, 'සිංහපුර', 21),
(987, 'පරගහදෙනිය', 21),
(988, 'දෙල්පද්දන', 21),
(989, 'කොටිකාපොල', 21),
(990, 'කොටිකාපොල ඉහලගම', 21),
(991, 'මාවතගම දකුක', 21),
(992, 'මීමැද්දෙගම්ගොඩ', 21),
(993, 'මීඋඩගම', 21),
(994, 'ගෝනගල්දෙනිය', 21),
(995, 'ගෝනගල', 21),
(996, 'දුනුකේවත්ත', 21),
(997, 'කලුගමුව', 21),
(998, 'වටරැ‍ක', 21),
(999, 'කටුගම්පලගෙදර', 21),
(1000, 'කහපත්වල උතුර', 21),
(1001, 'මලන්දෙනිය', 21),
(1002, 'කහපත්වල', 21),
(1003, 'හෙට්ටිපොල', 21),
(1004, 'බෝයගොඩ', 21),
(1005, 'උඩකොට්ටමුල්ල', 21),
(1006, 'මැටිබොක්ක', 21),
(1007, 'කොස්හින්න', 21),
(1008, 'ඊරිමින්න', 21),
(1009, 'උඩ ඉගුවත්ත', 21),
(1010, 'කන්දෙහේන', 21),
(1011, 'උග්ගල්පාය', 21),
(1012, 'හල්වහල', 21),
(1013, 'පරගස්වැව', 22),
(1014, 'අඳාපොල', 22),
(1015, 'උඩකැන්දවල', 22),
(1016, 'කටියාව', 22),
(1017, 'උඩහේන', 22),
(1018, 'වඳුරැස්ස', 22),
(1019, 'මීපිටිය', 22),
(1020, 'කණුගොල්ල', 22),
(1021, 'කොස්වත්ත', 22),
(1022, 'දොඩන්ගහකොටුව', 22),
(1023, 'වෑගම', 22),
(1024, 'ගොපල්ලව', 22),
(1025, 'රත්විට', 22),
(1026, 'බලවත්තල', 22),
(1027, 'පහල උඩත්තාපොල', 22),
(1028, 'ඉහල උඩත්තාපොල', 22),
(1029, 'කොටහේන', 22),
(1030, 'කැලෑමුල්ල', 22),
(1031, 'නිතුල්පිටිය', 22),
(1032, 'කදුපලාත', 22),
(1033, 'දිනිමිණියාතැන්න', 22),
(1034, 'මිනිරන්ගම', 22),
(1035, 'අලකොළමඩ', 22),
(1036, 'කොරොස්ස', 22),
(1037, 'දොඩන්ගස්ලන්ද', 22),
(1038, 'කොතලාවලගම', 22),
(1039, 'නුවරයාය', 22),
(1040, 'ලිහිණිවැහැර', 22),
(1041, 'වැවේගෙදර', 22),
(1042, 'රඹුකන්දන', 22),
(1043, 'වරකාවැහැර', 22),
(1044, 'රිදිගම', 22),
(1045, 'මඩිතියාව', 22),
(1046, 'තෙලඹුගල්ල', 22),
(1047, 'රෑද්දගොඩ', 22),
(1048, 'පල්ලේහොරොම්බුව', 22),
(1049, 'ගිනිහිරිය', 22),
(1050, 'පල්ලේයාය', 22),
(1051, 'කහහේන', 22),
(1052, 'උඩහොරොම්බුව', 22),
(1053, 'ජංකුරේ', 22),
(1054, 'රම්බඩගල්ල', 22),
(1055, 'නහල්ල', 22),
(1056, 'ඔලගම', 22),
(1057, 'මොරතිහ', 22),
(1058, 'හුණුගල්කඩුල්ල', 22),
(1059, 'කවිසිගමුව', 22),
(1060, '‍දොරණෑ‍පොල', 22),
(1061, 'හුණු‍පොල‍ගෙදර', 22),
(1062, 'කුකුරුමහන', 22),
(1063, 'දැදුරුනදීගම', 22),
(1064, 'කරද‍ගොල්ල', 22),
(1065, 'අඹ‍කො‍ටේ', 22),
(1066, '‍කො‍ස්ගො‍ල්ලේ‍පොල', 22),
(1067, '‍කන්දේ‍පොල', 22),
(1068, 'ගබඩාගම', 22),
(1069, 'කන්දෙගෙදර', 22),
(1070, 'හාලියමුල්ල', 22),
(1071, 'වැලිකන්ද', 22),
(1072, 'කිතුල්වල', 22),
(1073, 'දෙල්විට', 22),
(1074, 'ගොරකඇල', 22),
(1075, 'පල්ලේකන්ද', 22),
(1076, 'කළුගහතැන්න', 22),
(1077, 'කිරිබත්ගල්ල', 22),
(1078, 'බඹරගහකන්ද', 22),
(1079, 'කිතුල්ගොල්ල', 22),
(1080, 'ඊරියගොල්ල', 22),
(1081, 'ගුරුමඩ', 22),
(1082, 'පොල්වත්ත', 22),
(1083, 'පානගමුව', 22),
(1084, 'පිටියේගෙදර', 22),
(1085, 'හදිරාමුල්ල', 22),
(1086, 'ඕගොඩපොල', 22),
(1087, 'රන්තැටිකන්ද', 22),
(1088, 'ගෝනමඩ', 22),
(1089, 'පුළුවලකන්ද', 22),
(1090, 'බුළුවල', 22),
(1091, 'හැවැන්පොල', 22),
(1092, 'කෝන්ගොඩ', 22),
(1093, 'අක්කර පනහ', 22),
(1094, 'වෙලගෙදර', 22),
(1095, 'පාලිඇල්ල', 22),
(1096, 'මැටියම්පොත', 22),
(1097, 'ගෝනදෙණිය', 22),
(1098, 'මැදකන්ද', 22),
(1099, 'මැදගම', 22),
(1100, 'නැලවුල්ල', 22),
(1101, 'මාල්ඹේ', 22),
(1102, 'මහවෙල', 22),
(1103, 'ගල්ලව', 22),
(1104, 'මිරිස්සල', 22),
(1105, 'දුනුමාව', 22),
(1106, 'ගල්බිදිනඇල', 22),
(1107, 'කොස්ගොල්ල', 22),
(1108, 'පිහිඹුව', 22),
(1109, 'මාස්පොත', 22),
(1110, 'ඇරෑපොලකන්ද', 22),
(1111, 'සියඹලන්ගමුව', 22),
(1112, 'තල්ගස්පිටිය', 22),
(1113, 'ජාකඩුව', 22),
(1114, 'බලගල', 22),
(1115, 'පුස්සැල්ල', 22),
(1116, 'පුස්සැලිකන්ද', 22),
(1117, 'ගෝනිගොඩ', 22),
(1118, 'මීලියද්ද', 22),
(1119, 'කණදෙනියාවල', 22),
(1120, 'ගනේගොඩ', 22),
(1121, 'බෝගමුව', 22),
(1122, 'කුරුකැප්පිටිය', 22),
(1123, 'පරාගොඩ', 22),
(1124, 'ඉකිරිවත්ත', 22),
(1125, 'නියංගම', 22),
(1126, 'ලෝකාහෙටිටිය', 23),
(1127, 'මැදගම', 23),
(1128, 'පතින්වත්ත', 23),
(1129, 'බමුණුගෙදර', 23),
(1130, 'ගල්ලැහැර', 23),
(1131, 'කඩදුන්න', 23),
(1132, 'වීරඹුගෙදර', 23),
(1133, 'ගෝනව', 23),
(1134, 'යාලව', 23),
(1135, 'මඩවල උතුර', 23),
(1136, 'සදගල දකුණ', 23),
(1137, 'සදගල උතුර', 23),
(1138, 'දමුණුගල', 23),
(1139, 'පිදුරැවැල්ල', 23),
(1140, 'ක්ලෝවිස්වත්ත', 23),
(1141, 'මඩවල දකුණ', 23),
(1142, 'මුදුන්න', 23),
(1143, 'හංවැල්ල', 23),
(1144, 'හුරැක්ගමුව', 23),
(1145, 'ගිනිපෙන්ද', 23),
(1146, 'කලුගමුව', 23),
(1147, 'යන්තම්පොල', 23),
(1148, 'බුලුපිටිය', 23),
(1149, 'උහුමීය', 23),
(1150, 'වේවැල්පොල', 23),
(1151, 'රංජනගම', 23),
(1152, 'කනුමලේ', 23),
(1153, 'ගොඩවිට', 23),
(1154, 'අඔහැර', 23),
(1155, 'ගලබඩගම', 23),
(1156, 'දෙහිකුඹුර', 23),
(1157, 'පූගල්ල', 23),
(1158, 'උඩුගම', 23),
(1159, 'තම්මිට', 23),
(1160, 'පරකුඹුර', 23),
(1161, 'අල්ගම', 23),
(1162, 'කදුරැවැල්ල', 23),
(1163, 'සැවැන්දන', 23),
(1164, 'කරංගමුව', 24),
(1165, 'දළුපොතගම', 24),
(1166, 'පොල්පිටිය', 24),
(1167, 'පොතුවැව', 24),
(1168, 'කොටදෙනියාව', 24),
(1169, 'තෙලහැර', 24),
(1170, 'නෙත්තිපොලගෙදර', 24),
(1171, 'අරක්යාල', 24),
(1172, 'තොරනේගෙදර', 24),
(1173, 'මැදැල්පොල', 24),
(1174, 'පොතුහැර', 24),
(1175, 'කැකුණුගොල්ල', 24),
(1176, 'දෙහිගම', 24),
(1177, 'සියඔලාගස්කොටුව', 24),
(1178, 'අඔහේන්වැව', 24),
(1179, 'බෝගමුල්ල', 24),
(1180, 'ආඩිගෙදර', 24),
(1181, 'කරගහගෙදර', 24),
(1182, 'බෝගහපි‍ටිය', 24),
(1183, 'කුරීකොටුව', 24),
(1184, 'අලහිටියාව', 24),
(1185, 'ගොඩගම', 24),
(1186, 'තල්ලියැද්ද', 24),
(1187, '‍කෝදුරුවාපොල', 24),
(1188, '‍බරිගොඩ', 24),
(1189, 'ගනන්ගමුව', 24),
(1190, 'බිහල්පොල', 24),
(1191, 'උඩ‍ගෙදර', 24),
(1192, 'හොරොම්බාව', 24),
(1193, 'මොල්ලිගොඩ', 24),
(1194, 'කොස්ගොල්ල', 24),
(1195, 'මහගම', 24),
(1196, 'නක්කාවත්ත', 24),
(1197, 'හැවනැල්ලාගාරය', 24),
(1198, 'ඉහල මුරුතැන්ගේ', 24),
(1199, 'පහල මුරුතැන්ගේ', 24),
(1200, 'ගල්ගම්මුල්ල', 24),
(1201, 'රණස්ගල්ල', 24),
(1202, 'වක්කුණුවල', 24),
(1203, 'ඇටම්පොල', 24),
(1204, 'ර‍ත්නෙ‍හෙරුව', 24),
(1205, 'දීකිරිකෑව', 24),
(1206, 'පනාවිටිය', 24),
(1207, 'දෑතව', 24),
(1208, 'සාලියාල', 24),
(1209, 'කටුවැල්ල', 25),
(1210, 'පහල එලතලව', 25),
(1211, 'මාවෙල', 25),
(1212, '‍කොස්හේන', 25),
(1213, 'පහළ ගල්පොල', 25),
(1214, 'ඉහල ගල්පොල', 25),
(1215, 'ඉහළ එලතලව', 25),
(1216, 'දීගල්ල', 25),
(1217, 'ඉහල ඇඹව', 25),
(1218, 'කබලෑව', 25),
(1219, 'දික්හැර', 25),
(1220, 'ඉලුක්හේන', 25),
(1221, 'කුඹල්වල', 25),
(1222, 'පල්ලේවෙල', 25),
(1223, 'පහල වීරඹුව', 25),
(1224, 'ඉහල වීරඹූව', 25),
(1225, 'කුරුදැල්පොත', 25),
(1226, 'තබ්බෝමුල්ල', 25),
(1227, 'මීගහකොටුව', 25),
(1228, 'කුලියාපිටිය නගරය', 25),
(1229, 'ඇඹව', 25),
(1230, 'පහළ ඇඹව', 25),
(1231, 'පහළ පිදුම', 25),
(1232, 'අස්සැද්දුම', 25),
(1233, 'කෝන්ගහගෙදර', 25),
(1234, 'තුම්මෝදර', 25),
(1235, 'ඉහළ පිදුම', 25),
(1236, 'හේ‍නේගෙදර', 25),
(1237, 'දෙලන', 25),
(1238, 'මූකලන්යාය', 25),
(1239, 'කිරින්දව', 25),
(1240, 'අනුක්කනේ', 25),
(1241, 'බැමිණිගල්ල', 25),
(1242, 'කුඹුක්කොටුව', 25),
(1243, 'වහුමූව', 25),
(1244, 'උණලීය', 25),
(1245, 'කිතලව', 25),
(1246, 'යාකරවත්ත', 25),
(1247, 'බෝහිංගමුව', 25),
(1248, 'හග්ගමුව', 25),
(1249, 'ගලහිටියාව', 25),
(1250, 'නැගෙනහිර දන්ඩගමුව', 25),
(1251, 'බටහිර දණ්ඩගමුව', 25),
(1252, 'පහල කළුගමුව', 25),
(1253, 'මාහිම්පිටිය', 25),
(1254, 'මඩුකුඹුරුමුල්ල', 25),
(1255, 'තලහිටිමුල්ල', 25),
(1256, 'වෙරළුගම', 25),
(1257, 'ඉහල කළුගමුව', 25),
(1258, 'හම්මලව', 25),
(1259, 'ගලගෙදර', 25),
(1260, 'පිටදෙණිය', 25),
(1261, 'දිය‍දොර', 25),
(1262, 'ඉගුරුවත්ත', 25),
(1263, 'දියදොර ඉහල වත්ත', 25),
(1264, 'නාරංගල්ල', 25),
(1265, 'වඩුගෙදර', 25),
(1266, 'කෝන්‍‍ගොල්ල', 25),
(1267, 'ඉහල ඇන්නරුව', 25),
(1268, 'දීයාවල', 25),
(1269, 'උදිහිටිමුල්ල', 25),
(1270, 'කැටවලේගෙදර', 25),
(1271, 'එළුවාපොල', 25),
(1272, 'කන්දේගෙදර', 25),
(1273, 'කටුවත්තේවෙල', 25),
(1274, 'ඒදණ්ඩේවෙල', 25),
(1275, 'වැවගම', 25),
(1276, 'දෙගම්මැද', 25),
(1277, 'ඉහල වීරකොඩියාන', 26),
(1278, 'කොවුල්වැව', 26),
(1279, 'පහල වීරකොඩියාන', 26),
(1280, 'රංතැටියාව', 26),
(1281, 'වතුවත්ත', 26),
(1282, 'හබරවැව', 26),
(1283, 'කැකුණාවල', 26),
(1284, 'කඳයාය', 26),
(1285, 'කප්පන්ගමුව', 26),
(1286, 'කහදෙණිගම', 26),
(1287, 'දිවුරුම්පොල', 26),
(1288, 'පහළ යගම්වෙල', 26),
(1289, 'ඉහළ යගම්වෙල', 26),
(1290, 'ගහලගස්වල', 26),
(1291, 'සියඔලාගස්රැප්ප නැගෙනහිර', 26),
(1292, 'සියඔලාගස්රුප්ප බටහිර', 26),
(1293, 'දුම්මලසූරිය', 26),
(1294, 'තුංතොට', 26),
(1295, 'කට්ටිමහන', 26),
(1296, 'පලුගමුව', 26),
(1297, 'කරදාවිල', 26),
(1298, 'බුන්නැහැපොල', 26),
(1299, 'ඉහළගම උතුර', 26),
(1300, 'පරණගම', 26),
(1301, 'පහළගම', 26),
(1302, 'ඉහළගම දකුණ', 26),
(1303, 'මහඅගාර', 26),
(1304, 'හේ‍‍‍‍‍නේගෙදර', 26),
(1305, 'කණුබිච්චිය', 26),
(1306, 'පොල්ගහඅගාර', 26),
(1307, 'දුනකදෙණිය උතුර', 26),
(1308, 'උඩදෙණිය', 26),
(1309, 'මීගහපැලැස්ස', 26),
(1310, 'බිබිලාදෙණිය', 26),
(1311, 'අම්මනමුල්ල', 26),
(1312, 'වල්පිටගම', 26),
(1313, 'හොරතැපොල', 26),
(1314, 'නවසිගහවත්ත', 26),
(1315, 'කුතාරිප්පුව', 26),
(1316, 'දූනකදෙණිය දකණ', 26),
(1317, 'කුඹුක්ගහමුල්ල', 26),
(1318, 'ඉලිප්පුගමුව', 26),
(1319, 'කුමාර උඩවෙල', 26),
(1320, 'ගල්ලැහැමුල්ල', 27),
(1321, 'නාඹිරිත්තන්කඩවර', 27),
(1322, 'උඩුගම', 27),
(1323, 'පැතිගොඩගෙදර', 27),
(1324, 'ඊරියගොල්ල', 27),
(1325, 'යටත්තාවල', 27),
(1326, 'තෙලෙඹුගම්මන', 27),
(1327, 'ඉංගරදවුල', 27),
(1328, 'මොහොත්තව', 27),
(1329, 'බටපොතඇල', 27),
(1330, 'කටුගම්පල', 27),
(1331, 'හමන්ගොඩ', 27),
(1332, 'මූම්මාන', 27),
(1333, 'වත්තේගෙදර', 27),
(1334, 'වෑත්තෑව', 27),
(1335, 'කවුඩුමුන්න', 27),
(1336, 'හමන්ගල්ල', 27),
(1337, 'නාරංගොඩ දකුණ', 27),
(1338, 'නාරංගොඩ උතුර', 27),
(1339, 'ඇරෑපොල', 27),
(1340, 'මඩිගේපොල', 27),
(1341, 'හැගව', 27),
(1342, 'පරගම්මන', 27),
(1343, 'නැදලගමුව උතුර', 27),
(1344, 'නැදලගමුව දකුණ', 27),
(1345, 'යායමුල්ල', 27),
(1346, 'රද්දලාන', 27),
(1347, 'වගුරුවෙල', 27),
(1348, 'මුතුගලයාගම', 27),
(1349, 'කන්දෙපොළ', 27),
(1350, 'හුන්දිරාපොල', 27),
(1351, 'වෙල්පල්ල', 27),
(1352, 'දාරළුව', 27),
(1353, 'හුණුවිල', 27),
(1354, 'කෝන්ගොඩ', 27),
(1355, 'වේරහැර', 27),
(1356, 'බෝවත්ත', 27),
(1357, 'කුඩළුපොත්ත', 27),
(1358, 'බම්මන්න', 27),
(1359, 'කදිරපොල', 27),
(1360, 'මාහිංගමුව', 27),
(1361, 'දොඩම්පොත්ත', 27),
(1362, 'කෝදුරුවාවෙල', 27),
(1363, 'මැද්දපොල පහල', 27),
(1364, 'මාහරගම', 27),
(1365, 'මැද්දේපොල ඉහල', 27),
(1366, 'සියඹලවලාන', 27),
(1367, 'ඉහල ලබ්බල', 27),
(1368, 'ඉහළ කොටුවැල්ල', 27),
(1369, 'හොරවඩුන්න', 27),
(1370, 'ඇලබඩගම නැගනහිර', 27),
(1371, 'ඇලබඩගම උතුර', 27),
(1372, 'ඇලබඩගම බටහිර', 27),
(1373, 'මුකලාන', 27),
(1374, 'මාකදුර ඉහල', 27),
(1375, 'එලිවිල', 27),
(1376, 'ගෝනුල්ල නැගනහිර', 27),
(1377, 'ඉදිමින්න', 27),
(1378, 'හෙට්ටිරිප්පුව', 27),
(1379, 'විල්ලියාගම', 27),
(1380, 'ගෝනුල්ල බටහිර', 27),
(1381, 'ඉරබඩගම', 27),
(1382, 'වැටකෙයාව', 27),
(1383, 'මාකදුර පහළ', 27),
(1384, 'පන්වලකුඹුර', 27),
(1385, 'හෙන්ඩියගල', 27),
(1386, 'සදලංකාව', 27),
(1387, 'තඹකන්ද', 27),
(1388, 'නාලවලාන', 27),
(1389, 'මැදිරිවිල', 27),
(1390, 'පහළ ගලයාය', 27),
(1391, 'ඉහළ ගලයාය', 27),
(1392, 'පන්නල', 27),
(1393, 'කැකිල්ලපිටිය', 27),
(1394, 'මාහොලව', 27),
(1395, 'තැලම්මැහැර', 27),
(1396, 'බඩබැද්ද', 27),
(1397, 'කොහොඹපොල', 27),
(1398, 'එළිබ්ච්චිය', 27),
(1399, 'මැල්ලවලාන', 27),
(1400, 'පහළ ලබ්බල', 27),
(1401, 'බෝපිටිය', 27),
(1402, 'බලවල', 27),
(1403, 'මත්තේගම', 27),
(1404, 'වැල්ලැව', 27),
(1405, 'නාරංගමුව', 27),
(1406, 'මල්ගමුව', 27),
(1407, 'පහමුණේ', 28),
(1408, 'කඩහපොල', 28),
(1409, 'පැන්තැනිගොඩ', 28),
(1410, 'ගනේගොඩ', 28),
(1411, 'මීවැව', 28),
(1412, 'දංගොල්ල', 28),
(1413, 'මීවැව බෙම්මුල්ලේගෙදර', 28),
(1414, 'පුවක්ගහකොටුව', 28),
(1415, 'පොල්ගහයාය', 28),
(1416, 'ගිනිගත්පිටිය', 28),
(1417, 'දඹගිරිගම නැගනහිර', 28),
(1418, 'මැදගොඩ', 28),
(1419, 'දඹගිරිගම බටහිර', 28),
(1420, 'නාරම්මල', 28),
(1421, 'රණාවත්ත', 28),
(1422, 'සේනානායක ජනපදය', 28),
(1423, 'කෝට්ටපිටිය', 28),
(1424, 'අඔගම්මාන', 28),
(1425, 'යක්කාවිට', 28),
(1426, 'හාල්වැල්ල', 28),
(1427, 'රම්මුතුගල', 28),
(1428, 'වැලිකුඹුර', 28),
(1429, 'දම්පෑලැස්ස', 28),
(1430, 'කිවු‍‍ලේගෙදර', 28),
(1431, 'පොල්වත්තේගෙදර', 28),
(1432, 'කරලප්පල', 28),
(1433, 'ඇඔලාපොල', 28),
(1434, 'වේරගල', 28),
(1435, 'රංගල්ලේපොල', 28),
(1436, 'නාකලගමුව', 28),
(1437, 'ගොඩාකුරුව', 28),
(1438, 'කිවුල්ගල්ල', 28),
(1439, 'ඊරියගොල්ල', 28),
(1440, 'මැටියගනේ බටහිර', 28),
(1441, 'මාරවිට', 28),
(1442, 'මුතුගල නැගනහිර', 28),
(1443, 'මැටියගනේ නැගනහිර', 28),
(1444, 'කසුන්ගම', 28),
(1445, 'පැලවත්ත', 28),
(1446, 'පොතුපිටිය', 28),
(1447, 'මුතුගල බටහිර', 28),
(1448, 'දඔදෙණිය දකුණ', 28),
(1449, 'දඹදෙණිය උතුර', 28),
(1450, 'උඩවෙලවත්ත', 28),
(1451, 'රිලිගල', 28),
(1452, 'අතුරුවල', 28),
(1453, 'පුස්කොළදෙණිය', 28),
(1454, 'දැලිකණුඅංග', 28),
(1455, 'කුඩගමිමන', 28),
(1456, 'රිල්ඔලුව', 28),
(1457, 'හදපාන්ගල', 28),
(1458, 'පරණගම', 28),
(1459, 'මරදගොල්ල', 28),
(1460, 'ඇපලදෙනිය', 28),
(1461, 'විල්ගමුව', 29),
(1462, 'විල්ගමුව වත්ත', 29),
(1463, 'වෙන්නොරුව බටහිර', 29),
(1464, 'වෙන්නොරුව නැගෙනහිර', 29),
(1465, 'දමුණුපොල', 29),
(1466, 'පන්නල', 29),
(1467, 'නුංගමුව පහළ', 29),
(1468, 'වදාව', 29),
(1469, 'නුංගමුව ඉහළ', 29),
(1470, 'දෙහෙල්ගමුව', 29),
(1471, 'ඉහළ වෑත්තෑව', 29),
(1472, 'කිරිවානාපොළ', 29),
(1473, 'කන්දේගෙදර දකුණ', 29),
(1474, 'වැලිකරේ', 29),
(1475, 'ගල්ගමුව උතුර', 29),
(1476, 'ගල්ගමුව දකුණ', 29),
(1477, 'පංගොල්ල', 29),
(1478, 'කන්දේගෙදර උතුර', 29),
(1479, 'දිවුල්ගහකොටුව', 29),
(1480, 'වඩුවාව', 29),
(1481, 'ලෙව්දෙණිය', 29),
(1482, 'පොරමඩල', 29),
(1483, 'ගලතරය', 29),
(1484, 'හිත්තරපොල', 29),
(1485, 'නුගවෙල', 29),
(1486, 'මහරච්චිමුල්ල', 29),
(1487, 'පහළ කලල්පිටිය', 29),
(1488, 'හෙන්වාව ජනපදය', 29),
(1489, 'කැන්දගොල්ල', 29),
(1490, 'බෝයවලාන', 29),
(1491, 'හෙන්ඩුවාව ජනපදය', 29),
(1492, 'ඉහළ කලල්පිටිය', 29),
(1493, 'මැදගම්පොල', 29),
(1494, 'මල්දෙණිය', 29),
(1495, 'කොහොලාන', 29),
(1496, 'ඉහල වලකුඹුර', 29),
(1497, 'යටිගල්ඹළුව', 29),
(1498, 'පහළ වලකුඹුර', 29),
(1499, 'අලව්ව දකුණ', 29),
(1500, 'අලව්ව උතුර', 29),
(1501, 'කැබැල්ලවිට', 29),
(1502, 'හුම්බුලුව නැගනහිර', 29),
(1503, 'හුම්බුලුව බටහිර', 29),
(1504, 'ඉඹු‍ල්ගොඩ', 29),
(1505, 'කැප්පිටිවලාන', 29),
(1506, 'මඩවල', 29),
(1507, 'ඕතරකිරුවම්පොල', 29),
(1508, 'නෑබඩවතුර', 29),
(1509, 'ගල්දෙණිය', 29),
(1510, 'කණමීවල', 29),
(1511, 'වේදෙණිය', 29),
(1512, 'නවතල්වත්ත', 29),
(1513, 'තුඹුල්ල', 29),
(1514, 'අබ්බෝව', 29),
(1515, 'පරමාඋල්ල', 29),
(1516, 'ගල්පොත්තේපොල', 29),
(1517, 'මිරිහෙලිය', 29),
(1518, 'පල්ලේමෝරුගම', 29),
(1519, 'උඩකැකුලාවල', 29),
(1520, 'උඩගන්කන්ද', 29),
(1521, 'වෑවල', 29),
(1522, 'පල්ලේකැකුලාවල', 29),
(1523, 'යත්තල්ගොඩ', 29),
(1524, 'බෝවල', 29),
(1525, 'බුජිජෝමුව', 29),
(1526, 'කැන්දහේන', 29),
(1527, 'අහුගොඩ නැගෙනහිර', 30),
(1528, 'අමුණුගම', 30),
(1529, 'ගම්මන', 30),
(1530, 'පොතුහැර නැගෙනහිර', 30),
(1531, '‍පොතුහැර බටහිර', 30),
(1532, 'මැද අහුගොඩ', 30),
(1533, 'අහුගොඩ බටහිර', 30),
(1534, 'මහපිටිය', 30),
(1535, 'දෙවටේ ගෙදර', 30),
(1536, 'හිරිපත්වැල්ල', 30),
(1537, 'ගි‍න්නේරිය', 30),
(1538, 'වඩාකඩ', 30),
(1539, 'හබරව', 30),
(1540, 'ඇඔලවත්ත', 30),
(1541, 'ලිහිණිගිරිය', 30),
(1542, 'මැදලස්ස කළුගමුව', 30),
(1543, 'ය‍ටිහේන', 30),
(1544, 'මානින්ගමුව', 30),
(1545, 'මාවතගම', 30),
(1546, 'මණ්ඩාවෙල', 30),
(1547, 'කුරි‍පොත්ත', 30),
(1548, 'අර‍ෙඕපොල', 30),
(1549, 'හදුගල', 30),
(1550, 'බැවිල්ගමුව නැගෙනහිර', 30),
(1551, 'බැවිල්ගමුව බටහිර', 30),
(1552, 'තියඩෝර්වත්ත', 30),
(1553, 'දඔෑගොඩ', 30),
(1554, 'ඉඹුලාන', 30),
(1555, 'කැබිලිත්තාවල', 30),
(1556, 'ඈගල්ල', 30),
(1557, 'ගල්ලෙනමුල්ල', 30),
(1558, 'උඩපොල', 30),
(1559, 'කලුහෙන්දිවෙල', 30),
(1560, 'තලවත්තේගෙදර', 30),
(1561, 'කොළඔලාමුල්ල', 30),
(1562, 'පරබැවිල', 30),
(1563, 'කොරදොළුව', 30),
(1564, 'වලගම්මුල්ල', 30),
(1565, 'කැන්දහේන', 30),
(1566, 'පොල්පිටිය උතුර', 30),
(1567, 'පූජාපිටිය‍', 30),
(1568, '‍පොල්අ‍ෙඕ', 30),
(1569, 'හොදැල්ල', 30),
(1570, 'ඉඹුල්ගොඩ', 30),
(1571, 'බරහැලගමුව', 30),
(1572, 'දේවාලේපොල', 30),
(1573, 'ඉහල උඩපොල', 30),
(1574, 'දිවුල්කුඹුර', 30),
(1575, 'බන්දාව', 30),
(1576, 'හතලිස්පහුව', 30),
(1577, 'රත්මල්ගොඩ', 30),
(1578, 'කොල්ලුර', 30),
(1579, 'වැල්ලෑව', 30),
(1580, 'පොල්පිටිය දකුණ', 30),
(1581, 'නහකොටාමඩ', 30),
(1582, 'ආරගොඩ', 30),
(1583, 'සුනිලගම', 30),
(1584, 'දෙතගමුව', 30),
(1585, 'මඩලගම', 30),
(1586, 'ගොඩවෙල', 30),
(1587, 'කොටඔුලේ', 30),
(1588, 'මාවත්ත', 30),
(1589, 'විරාගල', 30),
(1590, 'යෝගමුවාකන්ද', 30),
(1591, 'ඇපාකන්ද', 30),
(1592, 'ගනේගොඩ උතුර', 30),
(1593, 'දෙල්ගොල්ල', 30),
(1594, 'ගොරොක්ගහපොත්ත', 30),
(1595, 'ගොඩිගමුව', 30),
(1596, 'උඩුකේදෙණිය', 30),
(1597, 'පනලිය උතුර', 30),
(1598, 'ටැංපාන', 30),
(1599, 'කුලිපිටිය උතුර', 30),
(1600, 'ගනේගොඩ දකුණ', 30),
(1601, 'පොල්ගහවෙල උතුර', 30),
(1602, 'මැද්දලන්ද', 30),
(1603, 'මෝරැගම', 30),
(1604, 'ගල්බඩගම', 30),
(1605, 'වැලිගොඩපිටිය', 30),
(1606, 'පොල්ගහවෙල දකුණ', 30),
(1607, 'කුලිපිටිය දකුණ', 30),
(1608, 'සෙරපිස්වත්ත', 30),
(1609, 'පනලිය දකුණ', 30),
(1610, 'ඔරැලියද්ද', 30);

-- --------------------------------------------------------

--
-- Table structure for table `mannar`
--

CREATE TABLE `mannar` (
  `gncode` int(3) NOT NULL,
  `gnname` varchar(30) DEFAULT NULL,
  `divsec` int(1) DEFAULT NULL
) ENGINE=InnoDB DEFAULT CHARSET=utf8;

--
-- Dumping data for table `mannar`
--

INSERT INTO `mannar` (`gncode`, `gnname`, `divsec`) VALUES
(1, 'තලෙයිමන්නාරම ගම උතුර', 1),
(2, 'තලෙයිමන්නාර් පේර් බටහිර', 1),
(3, 'තලෙයිමන්නාරම පියර් නැගෙනහිර', 1),
(4, 'තලෙයිමන්නාරම', 1),
(5, 'තලෙයිමන්නාරම ගම දකුණ', 1),
(6, 'කඩ්ඩුක්කාරන් කුඩීයිරුප්පු', 1),
(7, 'තුල්ලු කුඩිරුප්පු', 1),
(8, 'පේසලෛ දකුණ', 1),
(9, 'පේසාලෛ උතුර', 1),
(10, 'පේසාලෛ බටහිර', 1),
(11, 'සිරුත්තොප්පු', 1),
(12, 'පෙරිය කරිසල්', 1),
(13, 'ඔලෛත්තොඩුවායි', 1),
(14, 'පුදුක්කුඩීයිරුප්පු', 1),
(15, 'එරුක්කලම්පිඩිඩී බටහිර', 1),
(16, 'එරුක්කලම්පිඩිඩී උතුර', 1),
(17, 'එරුක්කලම්පිඩිඩී නැගෙනහිර', 1),
(18, 'එරුක්කලම්පිඩිඩී දකුණ', 1),
(19, 'එරුක්කලම්පිඩිඩී මධ්‍යම', 1),
(20, 'පල්ලිමුනෛ නැගෙනහිර', 1),
(21, 'මූර් වීදිය', 1),
(22, 'එමීල් නගර්', 1),
(23, 'තරාපුරම් නැගෙනහිර', 1),
(24, 'තරාපුරම් බටහිර', 1),
(25, 'තොට්ටවේලි', 1),
(26, 'තාල්වුපාඩු', 1),
(27, 'පඩ්ඩීතෝඩ්ඩම්', 1),
(28, 'එළුතුර්', 1),
(29, 'සවුත් බාර්', 1),
(30, 'සාවට්කඩ්ඩු', 1),
(31, 'සින්නක්කඩෛ', 1),
(32, 'උප්පුකුලම් උතුර', 1),
(33, 'පල්ලිමුනෛ බටහිර', 1),
(34, 'උප්පුකුලම් දකුණ', 1),
(35, 'පෙරියකඩෛ', 1),
(36, 'පෙට්ටා', 1),
(37, 'පනන්කට්ටකොට්ටු බටහිර', 1),
(38, 'පනන්කට්ටුකොට්ටු නැගෙනහිර', 1),
(39, 'පෙරිය නාවට්කුලම්', 1),
(40, 'තීරුක්කේස්වරම්', 1),
(41, 'නාගතාල්වු', 1),
(42, 'නීලාසේනෛ', 1),
(43, 'මාතෝඩ්ඩම්', 1),
(44, 'කල්ලිකඩ්ඩෛක්කාඩු', 1),
(45, 'වණ්ණාමෝඩ්ඩෛ', 1),
(46, 'උයිලං කුලම්', 1),
(47, 'පුදුක්කමම්', 1),
(48, 'උයිර්තරාසන් කුලම්', 1),
(49, 'පරප්පාංකණ්ඩල්', 1),
(50, 'තේවන්පිඩ්ඩි', 2),
(51, 'වෙල්ලාන් කුලම්', 2),
(52, 'පාලියාරු', 2),
(53, 'අන්තෝනියාර්පුරම්', 2),
(54, 'ඉලුප්පෛක්කඩවෛ', 2),
(55, 'කල්ලියඩී', 2),
(56, 'ආත්තීමෝඩ්ඩෛ', 2),
(57, 'කුරායි', 2),
(58, 'පෙරිය මඩු නැගෙනහිර', 2),
(59, 'පෙරියමඩු බටහිර', 2),
(60, 'කායානගර්', 2),
(61, 'පල්ලමඩු', 2),
(62, 'කෝවිට්කුලම්', 2),
(63, 'විඩත්තල්තිවු උතුර', 2),
(64, 'විඩත්තල්තිවු බටහිර', 2),
(65, 'විඩත්තල්තිවු මධ්‍යම', 2),
(66, 'විඩත්තල්තිවු නැගෙනහිර', 2),
(67, 'පප්පමෝඩ්ඩෛ', 2),
(68, 'පරප්පුකඩන්තාන් බටහිර', 2),
(69, 'පරප්පුකඩන්තාන් නැගෙනහිර', 2),
(70, 'කන්නාඩ්ඩි', 2),
(71, 'මිනුක්කන්', 2),
(72, 'මාලිකෛත්තිඩල්', 2),
(73, 'වෙඩ්ඩෛයාමුරිප්පු', 2),
(74, 'අඩම්පන්', 2),
(75, 'නෙඩුංකණ්ඩල්', 2),
(76, 'කරුංකණ්ඩල් වණ්ණාකුලම්', 2),
(77, 'ආඩ්කාඩ්ඩීවේලි', 2),
(78, 'ආණ්ඩාන්කුලම්', 2),
(79, 'කරුංකණ්ඩල්', 2),
(80, 'සොර්ණපුරි', 2),
(81, 'පාලෛක්කුලි', 2),
(82, 'කාත්තාන් කුලම්', 2),
(83, 'වඩ්ඩක්කණ්ඩල්', 2),
(84, 'පාලෛයඩීප්පුතුක්කුලම්', 2),
(85, 'පාලෛප්පෙරුමාල්කඩ්ඩු', 2),
(86, 'පාලම්පීඩිඩී', 3),
(87, 'කිරිසුඩ්ඩාන්', 3),
(88, 'පරසං කුලම්', 3),
(89, 'විලත්ති කුලම්', 3),
(90, 'කාක්කෛයන් කුලම් නැගෙනහිර', 3),
(91, 'කල්මඩු', 3),
(92, 'කාක්කෛයන් කුලම් බටහිර', 3),
(93, 'ඉර‍ණෛඉලුප්පෛක් කුලම්', 3),
(94, 'පෙරිය පණ්ඩීවීරිච්චාන් නැගෙනහිර', 3),
(95, 'පෙරිය පණ්ඩීවීරිච්චාන් බටහිර', 3),
(96, 'මඩු', 3),
(97, 'මලුවරයර් කඩ්ඩෛයඩම්පන්', 3),
(98, 'පුමලර්නාදන්', 3),
(99, 'තේක්කම්', 3),
(100, 'පන්නවෙඩ්ඩුවාන්', 3),
(101, 'පෙරියමුරිප්පු', 3),
(102, 'මාතගම', 3),
(103, 'වංකාලෛ උතුර', 4),
(104, 'වංකාලෛ බටහිර', 4),
(105, 'වංකාලෛ නැගෙනහිර', 4),
(106, 'තෝමස්පුරි', 4),
(107, 'නරුවිලික්කුලම්', 4),
(108, 'වඤ්චියන්කුලම්', 4),
(109, 'ඉලහඩිපීඩිඩී', 4),
(110, 'ඉලන්තෛමෝඩිඩෛ', 4),
(111, 'පෙරිය කඩ්ඩෛක්කාඩු', 4),
(112, 'ආත්තික්කුලී', 4),
(113, 'කඤ්චීතාල්වු', 4),
(114, 'සෙම්මණ්තීවු', 4),
(115, 'මුරුංගන්', 4),
(116, 'වෙඩ්ඩීයාර්මකන් කඩ්ඩෛයඩම්පන්', 4),
(117, 'ඉරඩ්ඩෛක් කුලම්', 4),
(118, 'සුණ්ඩීක්කුලී', 4),
(119, 'පුත්තිරර්කණ්ඩාන්', 4),
(120, 'රසුල් පුදුවෙලි', 4),
(121, 'නානාඩාන්', 4),
(122, 'උමනගරි', 4),
(123, 'අචීචන්කුලම්', 4),
(124, 'මෝඩ්ඩක්කඩෛ', 4),
(125, 'ඉරාසරමඩු', 4),
(126, 'පල්ලන්කෝඩ්ඩෛ', 4),
(127, 'වාල්කෛපෙට්ටාන් කණ්ඩල්', 4),
(128, 'පොන්තීවුකණ්ඩල්', 4),
(129, 'කලිමෝඩ්ඩෛ පුලියන්කුලම්', 4),
(130, 'පරිහාරිකණඩල්', 4),
(131, 'සිරුක්කණ්ඩල්', 4),
(132, 'කට්කිඩන්තකුලම්', 4),
(133, 'ඉසෛමාලෛත්තාල්වු', 4),
(134, 'අරිප්පු බටහිර', 5),
(135, 'අරිප්පු නැගෙනහිර', 5),
(136, 'මේත්තන්වෙලී', 5),
(137, 'පූනොච්චීකුලම්', 5),
(138, 'පණ්ඩාරවේලී', 5),
(139, 'සින්න පුල්ලච්චි පොට්කේණි', 5),
(140, 'පෙරිය පුල්ලච්චි පොට්කේණි', 5),
(141, 'වෙප්පන්කුලම්', 5),
(142, 'මරුතමඩු', 5),
(143, 'අහත්තිමුරිප්පු', 5),
(144, 'පුදුවෙලී', 5),
(145, 'සවේරියාර්පුරම්', 5),
(146, 'සිලාවත්තුරෛ', 5),
(147, 'කූලාන්කුලම්', 5),
(148, 'කොණ්ඩච්චි', 5),
(149, 'කොක්කුපඩෛයාන්', 5),
(150, 'පාලෛ කුලි', 5),
(151, 'කරඩීක්කුලි', 5),
(152, 'මුල්ලිකුලම්', 5),
(153, 'මරිච්චුක්කට්ටි', 5);

-- --------------------------------------------------------

--
-- Table structure for table `matale`
--

CREATE TABLE `matale` (
  `gncode` int(3) NOT NULL,
  `gnname` varchar(25) DEFAULT NULL,
  `divsec` int(2) DEFAULT NULL
) ENGINE=InnoDB DEFAULT CHARSET=utf8;

--
-- Dumping data for table `matale`
--

INSERT INTO `matale` (`gncode`, `gnname`, `divsec`) VALUES
(1, 'වැටකොලුවැව', 1),
(2, 'දේවහූව ජනපදය 2', 1),
(3, 'මකුල්ගස්වැව', 1),
(4, 'ඉබ්බන්කටුව', 1),
(5, 'තලකිරියාගම', 1),
(6, 'තෙන්නකෝන්පුර', 1),
(7, 'දඬුබැඳිරුප්ප', 1),
(8, 'දේවහූව ජනපදය 1', 1),
(9, 'බුලනවැව', 1),
(10, 'පහල දිග්ගල', 1),
(11, 'මීවලපතහ', 1),
(12, 'පහලවැව', 1),
(13, 'යටිගල්පොත්ත', 1),
(14, 'කුඹුක්ගොල්ල', 1),
(15, 'කොස්ගහහින්න', 1),
(16, 'රාලලෑ රොටවැව', 1),
(17, 'මොරගොල්ල', 1),
(18, 'පිබිදුනගම', 1),
(19, 'අලුත්වැව', 1),
(20, 'බඔරගස්වැව', 1),
(21, 'බේලියකන්ද', 1),
(22, 'සිල්වත්ගම', 1),
(23, 'වලස්වැව', 1),
(24, 'ගලපාමුල', 1),
(25, 'දමුණුමුල්ල', 1),
(26, 'පට්ටිවෙල', 1),
(27, 'නිලගම', 1),
(28, 'හොම්බාව', 1),
(29, 'පාලු හොම්බාව', 1),
(30, 'දඹවටවන', 1),
(31, 'පුවක්පිටිය', 1),
(32, 'වේරගලවත්ත', 1),
(33, 'නබඩගහවත්ත', 1),
(34, 'ගලේවෙල නගරය', 1),
(35, 'පත්කොලගොල්ල', 1),
(36, 'කොස්පොත', 1),
(37, 'රංවැඩියාව', 1),
(38, 'පහළ බම්බාව', 1),
(39, 'දඬුයාය', 1),
(40, 'දඹගොල්ල', 1),
(41, 'ඉහල බම්බාව', 1),
(42, 'සියඹලාගහවෙල', 1),
(43, 'පිහිල්ලයාය', 1),
(44, 'මැදබැද්ද උතුර', 1),
(45, 'දිවුල්ගස්කොටුව', 1),
(46, 'හත්අඩුක්කුව', 1),
(47, 'බෙළිගමුව', 1),
(48, 'මැදබැද්ද දකුණ', 1),
(49, 'වහකොට්ටේ', 1),
(50, 'ගල්ගොඩයාය', 1),
(51, 'පලාපත්වල', 1),
(52, 'දැඹව', 1),
(53, 'එලමල්පොත', 1),
(54, 'යටිවැහැර', 1),
(55, 'ලේනාවල', 1),
(56, 'හැවනේවෙල', 1),
(57, 'වෑගොඩපොල', 1),
(58, 'කැඳන්ගමුව', 1),
(59, 'මාදිපොල', 1),
(60, 'සියඹලාවැව', 2),
(61, 'අවුඩංගාව', 2),
(62, 'ගෙඩිගස්වලාන', 2),
(63, 'පිදුරංගල', 2),
(64, 'තල්කොටේ', 2),
(65, 'දිගම්පතහ', 2),
(66, 'ඉනාමළුව', 2),
(67, 'නාගලවැව', 2),
(68, 'පොතාන', 2),
(69, 'කිඹිස්ස', 2),
(70, 'එගොඩවැව', 2),
(71, 'පළුටාව', 2),
(72, 'සීගිරිය', 2),
(73, 'මයිලත්තාව', 2),
(74, 'පොල්අත්තාව', 2),
(75, 'නිකවටවන', 2),
(76, 'කුඹුක්කඳන්වල', 2),
(77, 'බෙල්ලනේඔය', 2),
(78, 'රත්මල්කටුව', 2),
(79, 'වැලිහේන', 2),
(80, 'ඇටවරාහේන', 2),
(81, 'පල්ලේගම', 2),
(82, 'බුලාගල', 2),
(83, 'පැල්වෙහෙර', 2),
(84, 'කණ්ඩලම', 2),
(85, 'පහළ ඇරෑවුල', 2),
(86, 'ඉහල ඇරෑවුල', 2),
(87, 'වෙලංගොල්ල', 2),
(88, 'වෑවලවැව', 2),
(89, 'යක්කුරාගල උතුර', 2),
(90, 'විල්හත', 2),
(91, 'අතුපාරයාය', 2),
(92, 'පහලවැව', 2),
(93, 'දඹුල්ල නගරය', 2),
(94, 'දඹුළුගම', 2),
(95, 'හළුඅපුල්ලනවැව', 2),
(96, 'පොහොරන්වැව', 2),
(97, 'යාපාගම', 2),
(98, 'රත්මල්ගහඇළ', 2),
(99, 'යක්කුරාගල දකුණ', 2),
(100, 'කළුන්දෑව අලුත්ගම', 2),
(101, 'අගුණවැල්පැලැස්ස', 2),
(102, 'කලෝගහඇල', 2),
(103, 'තිත්තවැල්ගොල්ල', 2),
(104, 'මොරගොල්ලෑව', 2),
(105, 'කපුවත්ත', 2),
(106, 'කිරලගොල්ල', 2),
(107, 'වවුල්අඹේ', 2),
(108, 'ඇඹුල්අඹේ', 2),
(109, 'පුවක්අත්තාවල', 2),
(110, 'කළුන්දෑව පරණගම', 2),
(111, 'වල්ගම්වැව', 2),
(112, 'කිරලැස්ස', 2),
(113, 'පන්නම්පිටිය', 2),
(114, 'වැලමිටියාව', 2),
(115, 'ඇතාබැඳිවැව', 2),
(116, 'ලෙනදොර උතුර', 2),
(117, 'ලෙනදොර දකුණ', 2),
(118, 'නායාකුඹුර', 2),
(119, 'උස්සත්තෑව', 3),
(120, 'නිකුල', 3),
(121, 'සේරුදන්ඩාපොල', 3),
(122, 'හාඩුව', 3),
(123, 'බඹරගහවත්ත', 3),
(124, 'දඹගොල්ල', 3),
(125, 'හැළඹගහවත්ත', 3),
(126, 'පුබ්බිලිය', 3),
(127, 'මාරාගමුව', 3),
(128, 'හාඩුවෙල', 3),
(129, 'දොඩම්අත්තාවල', 3),
(130, 'කරවිලහේන', 3),
(131, 'බොබැල්ල', 3),
(132, 'බිබිල', 3),
(133, 'මුරුතෝළුව', 3),
(134, 'මේල්පිටිය', 3),
(135, 'වැවැත්තෑව', 3),
(136, 'පෙනලබොඩ', 3),
(137, 'නාඋල', 3),
(138, 'මීගහ ඇල', 3),
(139, 'බෝවතැන්න වත්ත', 3),
(140, 'කුඹියන්ගහ ඇල', 3),
(141, 'මිල්ලගහමුල තැන්න', 3),
(142, 'කෝන්ගහවෙල', 3),
(143, 'රජාවෙල', 3),
(144, 'ගංඉමයාය', 3),
(145, 'මොරගහමඩ', 3),
(146, 'පිළිහුඬුගොල්ල පහළගම', 3),
(147, 'පිළිහුඬුගොල්ල ඉහලගම', 3),
(148, 'අරංගල', 3),
(149, 'හබරගහමඩ', 3),
(150, 'ඇල්හේන', 3),
(151, 'දීයන්කඩුව', 3),
(152, 'අලුගොල්ල', 3),
(153, 'නාලන්ද', 3),
(154, 'වම්බටුයාය', 3),
(155, 'මීගොල්ල', 3),
(156, 'උඩුදෙණිය', 3),
(157, 'හපුගස්යාය', 3),
(158, 'ළිහිණිපිටිය', 3),
(159, 'සේනාගම', 3),
(160, 'ආඳාවල', 3),
(161, 'ඕපල්ගල', 3),
(162, 'අඹන', 3),
(163, 'මොරගොල්ල', 3),
(164, 'ගල්බොඩ', 3),
(165, 'ජානකගම', 4),
(166, 'නිලන්නෝරුව ජනපදය', 4),
(167, 'අලුත්ගම', 4),
(168, 'දෙමදඔය', 4),
(169, 'මනන්වත්ත', 4),
(170, 'නිලන්නෝරුව', 4),
(171, 'තලකිරියාව', 4),
(172, 'කිරිඔරුව', 4),
(173, 'කොස්ගොල්ල', 4),
(174, 'නාගහපොළ', 4),
(175, 'බොමේරුව', 4),
(176, 'කොබ්බෑවැහැර', 4),
(177, 'මිල්ලවාන පහළගම', 4),
(178, 'මිල්ලවාන මැදගම', 4),
(179, 'කන්දෙවත්ත', 4),
(180, 'මහයායවත්ත', 4),
(181, 'මැදලන්ද', 4),
(182, 'වල්මොරුව', 4),
(183, 'මොරගස්පිටිය', 4),
(184, 'අකුරම්බොඩ', 4),
(185, 'දෙවරම්මුල්ල', 4),
(186, 'මිල්ලවාන ඉහළගම', 4),
(187, 'අම්බොක්ක', 4),
(188, 'මානින්ගමුව බටහිර', 4),
(189, 'මානින්ගමුව නැගෙනහිර', 4),
(190, 'කොස්වත්ත', 4),
(191, 'එකමුතුගම', 4),
(192, 'අම්බොකුදෙන', 4),
(193, 'කොහොලන්වෙල', 4),
(194, 'උදුරම්පැලැස්ස', 4),
(195, 'ඇහැලේපොල', 4),
(196, 'පල්ලේපොල උතුර', 4),
(197, 'මොණරුවිල', 4),
(198, 'ගලහිටියාගම', 4),
(199, 'රුසිගම ඉහළගම', 4),
(200, 'රුසිගම පහළගම', 4),
(201, 'පල්ලේපොල දකුණ', 4),
(202, 'කිනිගම', 4),
(203, 'පල්දෙණිය', 4),
(204, 'දොඩම්ගස්යාය', 4),
(205, 'ආරියගම', 4),
(206, 'පොල්වත්ත', 4),
(207, 'තැඹිළිදෙණිය උතුර', 4),
(208, 'දිඹුල්ගමුව', 4),
(209, 'උඩගම බටහිර', 5),
(210, 'සැලගම', 5),
(211, 'සැලගම නැගෙනහිර', 5),
(212, 'තැඹිලිදෙණිය', 5),
(213, 'උතුරු මාතලේ', 5),
(214, 'කවුඩුපැලැල්ල', 5),
(215, 'මහවෙල', 5),
(216, 'මහවෙල බටහිර', 5),
(217, 'දෙල්ගොල්ල', 5),
(218, 'ගලගම', 5),
(219, 'නාගොල්ල', 5),
(220, 'උඩගම', 5),
(221, 'උරුලෑවත්ත', 5),
(222, 'යටවත්ත', 5),
(223, 'මැදියාපොල', 5),
(224, 'නිකගොල්ල', 5),
(225, 'නිකගොල්ල උතුර', 5),
(226, 'දික්කුඹුර බටහිර', 5),
(227, 'රතලවැව', 5),
(228, 'දික්කුඹුර', 5),
(229, 'වත්තේගෙදර', 5),
(230, 'ගලලියද්ද', 5),
(231, 'මුරුතවත්ත', 5),
(232, 'දීවිල්ල දකුණ', 5),
(233, 'දීවිල්ල', 5),
(234, 'ඩන්ගන් පෙදෙස', 5),
(235, 'ආලෝකගම', 5),
(236, 'වල්පොල', 5),
(237, 'මාලිගාතැන්න', 5),
(238, 'අළුත්වත්ත', 5),
(239, 'අඹන්පොල', 5),
(240, 'ලක්ෂහේන', 5),
(241, 'දීවිල්ල උතුර', 5),
(242, 'ගම්මුල්ල', 5),
(243, 'මොට්ටුවෙල', 5),
(244, 'ඉඩංගම', 5),
(245, 'උඩස්ගිරිය', 5),
(246, 'ඇතිපල්ලාවල', 5),
(247, 'අළුත්ගම උතුර', 5),
(248, 'අළුත්ගම', 5),
(249, 'පමුණුව', 5),
(250, 'වාලවෙල', 5),
(251, 'උණවේරුව', 5),
(252, 'මඩදෙනිය', 5),
(253, 'මාතලාපිටිය', 5),
(254, 'මාතලාපිටිය දකුණ', 5),
(255, 'රත්නින්ද', 5),
(256, 'අස්ගිරි දොරකුඹුර', 5),
(257, 'අස්ගිරි දොරකුඹුර නැගෙනහිර', 5),
(258, 'පොල්වත්ත', 5),
(259, 'දුල්ලැව', 5),
(260, 'දුල්ලෑව නැගෙනහිර', 5),
(261, 'තල්ගහගොඩ', 5),
(262, 'දළුවෙල', 5),
(263, 'ඇතිපොල', 5),
(264, 'ඇතිපොල බටහිර', 5),
(265, 'නාරංගමුව', 6),
(266, 'මඩවල උල්පත', 6),
(267, 'තල්ගස්යාය', 6),
(268, 'මඩවල', 6),
(269, 'රජ්ජම්මන', 6),
(270, 'මොරගහමඩ', 6),
(271, 'හතමුණගාල', 6),
(272, 'අංකන්ද', 6),
(273, 'පුවක්පිටිය', 6),
(274, 'වල්ලිවෙල', 6),
(275, 'ගල්වඩුකුඹුර', 6),
(276, 'දොඹවෙල', 6),
(277, 'කවටයාමුණ', 6),
(278, 'ඊරියගොල්ල', 6),
(279, 'ඉඹුලන්දණ්ඩ', 6),
(280, 'ගොලහැන්වත්ත', 6),
(281, 'පරණ දොඹවෙල', 6),
(282, 'ඇල්ලේපොල', 6),
(283, 'පලාපත්වල', 6),
(284, 'කොට්ටේගොඩ', 6),
(285, 'ඕවලපොල්වත්ත', 6),
(286, 'මකුල්ගහරුප්ප', 6),
(287, 'උඩුගම', 6),
(288, 'කිරිගල්පොත්ත', 6),
(289, 'දුන්කොලවත්ත', 6),
(290, 'දොරකුඹුර', 6),
(291, 'බීරිදෙවල', 6),
(292, 'අලු විහාරේ', 6),
(293, 'දික්කිරිය', 6),
(294, 'පාරාවත්ත', 6),
(295, 'කළුදෑවල', 6),
(296, 'මන්දණ්ඩාවෙල', 6),
(297, 'බෝගහකොටුව', 6),
(298, 'හරස්ගම', 6),
(299, 'කන්දේගෙදර', 6),
(300, 'මල්වත්ත', 6),
(301, 'විහාර පාර', 6),
(302, 'මුස්ලිම් නගරය', 6),
(303, 'ඔය පහල', 6),
(304, 'ගොංගාවෙල', 6),
(305, 'සිංහල නගරය', 6),
(306, 'දොඩම්දෙණිය', 6),
(307, 'හුලංගමුව දකුණ', 6),
(308, 'හුලංගමුව උතුර', 6),
(309, 'දියබුබුල', 6),
(310, 'මාළිගාතැන්න', 6),
(311, 'නාගොල්ල', 6),
(312, 'පඬිවිට', 6),
(313, 'පඬිවිට වෙලගම', 6),
(314, 'කොටුවේගෙදර උතුර', 6),
(315, 'කුඹියන්ගොඩ', 6),
(316, 'කොටුවේගෙදර දකුණ', 6),
(317, 'කුඹල්ඔළුව', 7),
(318, 'ගම්මඩුව', 7),
(319, 'කළුගල්තැන්න', 7),
(320, 'නාගුලියද්ද', 7),
(321, 'කොස්ගොල්ල', 7),
(322, 'ඉඹුල්ගොල්ල', 7),
(323, 'රංමුතුගම', 7),
(324, 'රයිතලාව', 7),
(325, 'තිබ්බටුකනත', 7),
(326, 'පල්ලේ අස්වැද්දුම', 7),
(327, 'පල්ලේතැන්න', 7),
(328, 'පුස්සැල්ල', 7),
(329, 'සිරංගහවත්ත', 7),
(330, 'කවුඩාගම්මන', 7),
(331, 'නාරංගොල්ල', 7),
(332, 'හුණුකැටේ', 7),
(333, 'මැටිහක්ක', 7),
(334, 'අළුත්වෙල', 7),
(335, 'ක්ලෝඩා', 7),
(336, 'ගුරුබැබිල', 7),
(337, 'මාඔය', 8),
(338, 'කන්දේපිටවල', 8),
(339, 'දේවාලදෙණිය', 8),
(340, 'කළුගඟ', 8),
(341, 'අකරහැඩිය', 8),
(342, 'හත්තොට අමුණ', 8),
(343, 'දාස්ගිරිය', 8),
(344, 'මොරතැන්න', 8),
(345, 'වැල්ලේවල', 8),
(346, 'වැලිවරණාගොල්ල', 8),
(347, 'ලේල්ඔය', 8),
(348, 'පොත්තටවෙල', 8),
(349, 'දම්මන්තැන්න', 8),
(350, 'ගඟල පුවක්පිටිය', 8),
(351, 'දිවුල්ගස් පතන', 8),
(352, 'පිටවල', 8),
(353, 'කහගල', 8),
(354, 'ඉළුක්කුඹුර', 8),
(355, 'මහලකොටුව', 8),
(356, 'ගඟහේන්වල', 8),
(357, 'කරඳමුල්ල', 8),
(358, 'ගෝනවල', 8),
(359, 'ලග්ගල පල්ලේගම', 8),
(360, 'මිණිරංකැටිය', 8),
(361, 'රාවණගම', 8),
(362, 'ගල්ගෙදවල', 8),
(363, 'ගුරුවෙල', 8),
(364, 'කිවුලේවාඩිය', 8),
(365, 'හල්මිණිය', 8),
(366, 'ඉමාඩුව', 8),
(367, 'රඹුක්ඔළුව', 8),
(368, 'මැද ඇළ', 8),
(369, 'රත්නින්ද', 8),
(370, 'ඇටන්වල', 8),
(371, 'රණමුරේගම', 8),
(372, 'නාරංගමුව', 8),
(373, 'ලකේගල', 8),
(374, 'කුඹුක්ඔය', 9),
(375, 'තුන්හිරියාවැව', 9),
(376, 'පලුපිටිය', 9),
(377, 'රත්තොටයාය', 9),
(378, 'දුණුවිලපිටිය', 9),
(379, 'මැදකන්ද', 9),
(380, 'අලිවංගුව', 9),
(381, 'විහාරගම', 9),
(382, 'හඳුන්ගමුව', 9),
(383, 'ටොප්වලපිටිය', 9),
(384, 'ගැඹුරුඔය', 9),
(385, 'කුඹුකන්දන', 9),
(386, 'ලේඩියංගල', 9),
(387, 'කරව්ගහවැව', 9),
(388, 'රදුන්නේවැව', 9),
(389, 'මාරක', 9),
(390, 'මල්ගම්මන', 9),
(391, 'බෝගහවැව', 9),
(392, 'අලියාවල', 9),
(393, 'වෙහෙරගල', 9),
(394, 'හිඹිළියාකඩ', 9),
(395, 'හෙට්ටිපොල', 9),
(396, 'නාමිණිඔය', 9),
(397, 'දේවගිරිය', 9),
(398, 'පිදුරුඅල්ල', 9),
(399, 'ගුරුවෙලයාය', 9),
(400, 'නාමිණිගම', 9),
(401, 'පේරකනත්ත', 9),
(402, 'විල්ගමුව', 9),
(403, 'වනරව', 9),
(404, 'බත්ගම්පල', 9),
(405, 'නාගොල්ල', 9),
(406, 'මොරගහඋල්පත', 9),
(407, 'නුගගොල්ල', 9),
(408, 'මීවාඔබේ', 9),
(409, '80 යාය', 9),
(410, 'සෝනුත්ත', 9),
(411, 'උඩුවෙල්වල', 9),
(412, 'සුළුගුණේ', 9),
(413, 'ඉකිරිගොල්ල', 10),
(414, 'පහල ඕවල', 10),
(415, 'ඉහල ඕවල', 10),
(416, 'කයිකාවල', 10),
(417, 'නිකවැල්ල', 10),
(418, 'කුරුවාව', 10),
(419, 'රත්තොට', 10),
(420, 'බෝධිකොටුව', 10),
(421, 'දංකන්ද', 10),
(422, 'කිරිමැටිය', 10),
(423, 'පොල්වත්තකන්ද', 10),
(424, 'දඔගොල්ල', 10),
(425, 'මැදවත්ත', 10),
(426, 'වෙරළුගස්තැන්න', 10),
(427, 'මඩකුඹුර', 10),
(428, 'මාඋස්සාගොල්ල', 10),
(429, 'වනරානිය', 10),
(430, 'ලෝන්විල්', 10),
(431, 'මරදුරාවෙළ', 10),
(432, 'පල්ලේගම', 10),
(433, 'කොස්වාන උතුර', 10),
(434, 'පල්ලේවේරගම', 10),
(435, 'විහාරගම', 10),
(436, 'කයිනැක', 10),
(437, 'උඩවේරගම', 10),
(438, 'මැද වේරගම', 10),
(439, 'කොස්වාන දකුණ', 10),
(440, '‍බෝගම්බර', 10),
(441, 'ගලේකොළුව', 10),
(442, 'වෙලන්ගහවත්ත', 10),
(443, 'හොරගොල්ල', 10),
(444, 'බඹරකිරිඇල්ල', 10),
(445, 'අලකොලමඩ', 10),
(446, 'උඩගම', 10),
(447, 'පිටකන්ද', 10),
(448, 'ගන්සරපොල', 10),
(449, 'එපිටමුල්ල', 10),
(450, 'වැටස්යාය', 10),
(451, 'ගොඩපොල', 10),
(452, 'උල්පතපිටිය', 10),
(453, 'බණ්ඩාරපොල', 10),
(454, 'මුවන්දෙනිය', 10),
(455, 'පල්ලේයාය', 10),
(456, 'නෙළුවාකන්ද', 10),
(457, 'පුංචිසෙළුවාකන්ද', 10),
(458, 'තඹලගල', 10),
(459, 'කන්දේනුවර බටහිර', 10),
(460, 'කන්දේනුවර නැගෙනහිර', 10),
(461, 'අල්වත්ත', 10),
(462, 'වරාපිටිය', 10),
(463, 'දොඹගොඩ', 10),
(464, 'පහළ හපුවිද', 10),
(465, 'උඩහපුවිද', 10),
(466, 'හඟරන්කන්ද', 10),
(467, 'ගලඋඩහේන', 11),
(468, 'මකුලේමඩ', 11),
(469, 'පතිංගොල්ල', 11),
(470, 'වදේමඩ', 11),
(471, 'වත්තේගෙදර', 11),
(472, 'වටගොඩ', 11),
(473, 'පල්ලේකුඹුර', 11),
(474, 'කටුඅත්තාමඩ', 11),
(475, 'පන්වත්ත', 11),
(476, 'අලවතුවල', 11),
(477, 'හොරගහපිටිය', 11),
(478, 'ඕවිලිකන්ද', 11),
(479, 'කිරිමැටියාව', 11),
(480, 'තැන්න', 11),
(481, 'මුවගල', 11),
(482, 'ඕවිල්ල', 11),
(483, 'එනසල්මඩ', 11),
(484, 'තිබ්බටුවාව', 11),
(485, 'දොඹගස්දෙණිය', 11),
(486, 'කැන්දගොල්ල', 11),
(487, 'කොහොඹිලිවෙල', 11),
(488, 'වාරියපොල වත්ත', 11),
(489, 'වාරියපොල', 11),
(490, 'පනන්තඩිය', 11),
(491, 'නවරත්නගොඩ', 11),
(492, 'ඊරියගොල්ල', 11),
(493, 'කටුදෙණිය', 11),
(494, 'ඇල්වල', 11),
(495, 'පහලවෙල', 11),
(496, 'දෙහිපිටිය', 11),
(497, 'පුරිජ්ජල', 11),
(498, 'උඩුපිහිල්ල', 11),
(499, 'හලංගොඩ', 11),
(500, 'නාගහතැන්න', 11),
(501, 'වරකාමුර', 11),
(502, 'මිදෙනිය', 11),
(503, 'නාගොල්ල', 11),
(504, 'තවලංකොය', 11),
(505, 'දුඹුකොල', 11),
(506, 'උකුවෙල', 11),
(507, 'උඩුපිටිය', 11),
(508, 'කළල්පිටිය', 11),
(509, 'බළකඩුව', 11),
(510, 'බෝවත්ත', 11),
(511, 'මානාබොඩ', 11),
(512, 'පරගහවෙල', 11),
(513, 'උඩතැන්න', 11),
(514, 'හුණුකැටවල', 11),
(515, 'ලෑලිඅඹේ', 11),
(516, 'ඇල්කඩුව වත්ත', 11),
(517, 'ඇල්කඩුව', 11),
(518, 'උඩංගමුව', 11),
(519, 'කැන්දගොල්ලාමඩ', 11),
(520, 'වැහිගල', 11),
(521, 'රත්වත්ත', 11),
(522, 'වැලිගල', 11),
(523, 'කුරිවෙළ', 11),
(524, 'මාබේරිය', 11),
(525, 'මාරුකොන', 11),
(526, 'ගුරුළවල දකුණ', 11),
(527, 'ගුරුළවෙල උතුර', 11),
(528, 'නුගපිටිය', 11),
(529, 'කන්දේමඩ', 11),
(530, 'උල්පාතපිටිය', 11),
(531, 'රයිතලාවෙල', 11),
(532, 'කඩුවෙල', 11),
(533, 'පූජාගොඩ', 11),
(534, 'පහළ වැහිගල', 11),
(535, 'තාලිංගාමඩ', 11),
(536, 'හුන්නස්ගිරියවත්ත', 11),
(537, 'කරගහහින්න', 11),
(538, 'ඉඹුල්පිටිය', 11),
(539, 'රංගම', 11);

-- --------------------------------------------------------

--
-- Table structure for table `matara`
--

CREATE TABLE `matara` (
  `gncode` int(3) NOT NULL,
  `gnname` varchar(35) DEFAULT NULL,
  `divsec` int(2) DEFAULT NULL
) ENGINE=InnoDB DEFAULT CHARSET=utf8;

--
-- Dumping data for table `matara`
--

INSERT INTO `matara` (`gncode`, `gnname`, `divsec`) VALUES
(1, 'කළුබෝවිටියන', 1),
(2, 'ගලබඩ', 1),
(3, 'අ‍ඹේවෙල', 1),
(4, 'දංගල බටහිර', 1),
(5, 'බානගල නැගෙනහිර', 1),
(6, 'දංගල නැගෙනහිර', 1),
(7, 'බානගල බටහිර', 1),
(8, 'ඊදඩුකිත බටහිර', 1),
(9, 'ඊදඩුකිත නැගෙනහිර', 1),
(10, 'අලපලාදෙනිය දකුණ', 1),
(11, 'අලපලාදෙනිය උතුර', 1),
(12, 'කිරිවැල්කැලේ උතුර', 1),
(13, 'රඹුකන බටහිර', 1),
(14, 'කොඩිකාරගොඩ බටහිර', 1),
(15, 'කොඩිකාරගොඩ නැගෙනහිර', 1),
(16, 'වැලිව', 1),
(17, 'රඹුකන නැගෙනහිර', 1),
(18, 'තලපෙකුඹුර', 1),
(19, 'කුඩගලහේන', 1),
(20, 'කිරිවැල්කැලේ දකුණ', 1),
(21, 'දෑරංගල', 1),
(22, 'තැන්නහේන', 1),
(23, 'ගොරකවෙල', 1),
(24, 'සියඹලාගොඩ බටහිර', 1),
(25, 'කොස්නිල්ගොඩ', 1),
(26, 'අළුවන', 1),
(27, 'පරදුපල්ල', 1),
(28, 'මහපොතුවිල', 1),
(29, 'දංකොළුව', 1),
(30, 'පිටබැද්දර', 1),
(31, 'කදුරුවාන', 1),
(32, 'දෙහිගස්ප', 1),
(33, 'කොටගල', 1),
(34, 'සියඹලාගොඩ නැගෙනහිර', 1),
(35, 'වනසිංකන්ද', 1),
(36, 'දියදාව', 1),
(37, 'ඉහල අයිනගම', 1),
(38, 'එලමල්දෙනිය', 1),
(39, 'වතුරකුඹුර', 1),
(40, 'පුවක්බඩෝවිට', 1),
(41, 'මෙදේරිපිටිය', 2),
(42, 'කීරිවලගම', 2),
(43, 'කිරිවැල්දොල', 2),
(44, 'කන්දිල්පාන', 2),
(45, 'විහාරහේන', 2),
(46, 'අඩාරදෙනිය', 2),
(47, 'ඉහලගම', 2),
(48, 'බටෙයාය', 2),
(49, 'පුස්සවෙල', 2),
(50, 'පල්ලෙගම උතුර', 2),
(51, 'පතවලනාඩකන්ද', 2),
(52, 'පොද්දන', 2),
(53, 'කොළවෙනිගම', 2),
(54, 'පල්ලෙගම දකුණ', 2),
(55, 'දෙනියාය බටහිර', 2),
(56, 'දෙනියාය', 2),
(57, 'කලුගලහේන', 2),
(58, 'තැනිපිට', 2),
(59, 'මුගුණුමුල්ල', 2),
(60, 'නාවලහේන', 2),
(61, 'කොටපොල උතුර', 2),
(62, 'නිශ්ශංකපුර', 2),
(63, 'බෙලිඅත්තකුඹුර', 2),
(64, 'මොරවක', 2),
(65, 'පෝරුපිටිය', 2),
(66, 'වරල්ල', 2),
(67, 'කූඩළුදෙනිය', 2),
(68, 'කොටපොල දකුණ', 2),
(69, 'උසමලගොඩ', 2),
(70, 'ළිදගාවහේන', 2),
(71, 'කොස්මෝදර', 2),
(72, 'ඉලුක්පිටිය', 2),
(73, 'හොරගල නැගෙනහිර', 2),
(74, 'හොරගල බටහිර', 2),
(75, 'උවරගල', 2),
(76, 'පැලවත්ත', 2),
(77, 'පරගල', 2),
(78, 'බටාදුර දකුණ', 3),
(79, 'බටාදුර උතුර', 3),
(80, 'තලපලකන්ද', 3),
(81, 'කැකුන්දෙනිය', 3),
(82, 'කැටවල', 3),
(83, 'ගින්නලිය උතුර', 3),
(84, 'පට්ටිගල', 3),
(85, 'බෙරලපනාතර දකුණ', 3),
(86, 'බෙරලපනාතර උතුර', 3),
(87, 'විජයගම', 3),
(88, 'පාතවිට', 3),
(89, 'කිරිලිපන', 3),
(90, 'මොරගල', 3),
(91, 'කීරිපිටිය නැගෙනහිර', 3),
(92, 'ඌරුබොක්ක', 3),
(93, 'ගින්නලිය බටහිර', 3),
(94, 'ගින්නලිය දකුණ', 3),
(95, 'ගින්නලිය නැගෙනහිර', 3),
(96, 'මැකිලියතැන්න', 3),
(97, 'හීගොඩ', 3),
(98, 'කීරිපිටිය බටහිර', 3),
(99, 'පොත්දෙනිය', 3),
(100, 'මොලොක්ගමුව උතුර', 3),
(101, 'මොලොග්ගමුව දකුණ', 3),
(102, 'බෙංගමුව බටහිර', 3),
(103, 'බෙංගමුව නැගෙනහිර', 3),
(104, 'දම්පහල බටහිර', 3),
(105, 'හුලංකන්ද', 3),
(106, 'දම්පහල නැගෙනහිර', 3),
(107, 'පස්ගොඩ', 3),
(108, 'බෙංගමුව දකුණ', 3),
(109, 'දෙන්කන්දලිය', 3),
(110, 'පනාකඩුව බටහිර', 3),
(111, 'රොටුඹ නැගෙනහිර', 3),
(112, 'නාපත්ඇල්ල', 3),
(113, 'ආදළුව', 3),
(114, 'ඇහැලකන්ද', 3),
(115, 'ගල්කැටකන්ද', 3),
(116, 'රොටුබ බටහිර', 3),
(117, 'පනාකඩුව බටහිර', 3),
(118, 'ගොමිල', 3),
(119, 'පුවක්ගහහෙ‍්න', 3),
(120, 'මාවරල', 3),
(121, 'ගොම්බද්දල උතුර', 4),
(122, 'කුඩාපාන', 4),
(123, 'කැටපලකන්ද', 4),
(124, 'ගම්මැදගම', 4),
(125, 'කැටියපේ උතුර', 4),
(126, 'අතපත්තුකන්ද', 4),
(127, 'පරපාමුල්ල නැගෙනහිර', 4),
(128, 'කැටියපේ දකුණ', 4),
(129, 'ගල්ඇටුඹ', 4),
(130, 'නෙරලම්පිටිය', 4),
(131, 'මුලටියන', 4),
(132, 'දිද්දෙණිපොත උතුර', 4),
(133, 'බැරගම උතුර', 4),
(134, 'ගොම්බද්දල දකුණ', 4),
(135, 'බැරගම බටහිර', 4),
(136, 'බැරගම දකුණ', 4),
(137, 'මාකදුර බටහිර', 4),
(138, 'බැරගම නැගෙනහිර', 4),
(139, 'දිද්දෙණිපොත නැගෙනහිර', 4),
(140, 'දිද්දෙනිපොත දකුණ', 4),
(141, 'සීනිපැල්ල බටහිර', 4),
(142, 'මඩුවල', 4),
(143, 'සීනිපැල්ල නැගෙනහිර', 4),
(144, 'දෙයියන්දර', 4),
(145, 'පරපාමුල්ල බටහිර', 4),
(146, 'පරපාමුල්ල දකුණ', 4),
(147, 'දේවාලේගම බටහිර', 4),
(148, 'දේවාලේගම නැගෙනහිර', 4),
(149, 'බටදොල', 4),
(150, 'කිත්සිරිපුර', 4),
(151, 'රදාවෙල බටහිර', 4),
(152, 'බෙල්පාමුල්ල', 4),
(153, 'බමුණුගම බටහිර', 4),
(154, 'මාකඳුර නැගෙනහිර', 4),
(155, 'රන්සෑගොඩ නැගෙනහිර', 4),
(156, 'මීපාවිට', 4),
(157, 'මුදලිගෙදර', 4),
(158, 'රත්කැකුළාව', 4),
(159, 'රන්සෑගොඩ උතුර', 4),
(160, 'රන්සෑගොඩ දකුණ', 4),
(161, 'රන්සෑගොඩ බටහිර', 4),
(162, 'කොරඹුරුවාන', 4),
(163, 'හොරපාවිට දකුණ', 4),
(164, 'හොරපාවිට උතුර', 4),
(165, 'බමුණුගම නැගෙනහිර', 4),
(166, 'රදාවෙල නැගෙනහිර', 4),
(167, 'පල්ලාවෙල', 4),
(168, 'පිටවල්ගමුව', 4),
(169, 'කෙහෙල්වල', 5),
(170, 'ඌරුමුත්ත', 5),
(171, 'ඌරුමුත්ත දකුණ', 5),
(172, 'දෙමටපස්ස', 5),
(173, 'දිවිතුර', 5),
(174, 'වැලිහේන', 5),
(175, 'හවුපේ', 5),
(176, 'තලහගම බටහිර', 5),
(177, 'වේනගම', 5),
(178, 'තලහගම නැගෙනහිර', 5),
(179, 'උග්ගස්හේන', 5),
(180, 'විල්පිට බටහිර', 5),
(181, 'කනහලාගම', 5),
(182, 'ගොඩපිටිය', 5),
(183, 'මාරගොඩ', 5),
(184, 'පානදුගම', 5),
(185, 'තිබ්බොටුවාව උතුර', 5),
(186, 'වල‍ගේපියද්ද', 5),
(187, 'විල්පිට නැගෙනහිර 1', 5),
(188, 'විල්පිට නැගෙනහිර 2', 5),
(189, 'යහමුල්ල', 5),
(190, 'නාඹුරුකන්ද', 5),
(191, 'ඉහළ අතුරලිය', 5),
(192, 'බළකාවල', 5),
(193, 'තිබ්බොටුවාව', 5),
(194, 'අතුරලිය බටහිර', 5),
(195, 'අතුරලිය නැගෙනහිර', 5),
(196, 'පහළ අතුරලිය', 5),
(197, 'දීගනහේන', 6),
(198, 'ලේනම උතුර', 6),
(199, 'හුලංදාව', 6),
(200, 'මාරඹ උතුර', 6),
(201, 'පේද්දපිටිය උතුර', 6),
(202, 'ඉදිකටුදෙනිය', 6),
(203, 'ලේනම දකුණ', 6),
(204, 'උදුපිටිය', 6),
(205, 'වැලිකැටිය', 6),
(206, 'දෙදියගල', 6),
(207, 'විලගම', 6),
(208, 'ඇහැලපේ', 6),
(209, 'දොලමාවත', 6),
(210, 'කොහුගොඩ', 6),
(211, 'ඉහලමලිදුව', 6),
(212, 'කැටැන්විල', 6),
(213, 'නාවලගොඩ', 6),
(214, 'ඇල්ලවෙල', 6),
(215, 'මිණිපෝගොඩ', 6),
(216, 'පේද්දපිටිය දකුණ', 6),
(217, 'මාරඹ දකුණ', 6),
(218, 'ගංහැල', 6),
(219, 'අස්මගොඩ', 6),
(220, 'හික්ගොඩ', 6),
(221, 'දියලපේ', 6),
(222, 'එරමුදුගොඩ', 6),
(223, 'මානික්ගොඩ', 6),
(224, 'පහලමලිදුව', 6),
(225, 'බෝපිටිය', 6),
(226, 'ඉලුක්පැල්ල', 6),
(227, 'ඉඹුල්ගොඩ', 6),
(228, 'පෝරඹ', 6),
(229, 'අකුරැස්ස', 6),
(230, 'යාකබැද්ද', 6),
(231, 'ගලබඩහේන', 6),
(232, 'ඉහලකියාඩුව', 6),
(233, 'මැලැව්ව', 6),
(234, 'පරදුව උතුර', 6),
(235, 'පරදුව නැගෙනහිර', 6),
(236, 'පරදුව දකුණ', 6),
(237, 'හේනෙගම', 6),
(238, 'හේනෙගම බටහිර', 6),
(239, 'ගල්ලල', 6),
(240, 'නිමලව නැගෙනහිර', 6),
(241, 'නිමලව', 6),
(242, 'පරගහවත්ත', 6),
(243, 'වාහලකනංකෙ උතුර', 7),
(244, 'නිවිතිවැල්බොතක්ක', 7),
(245, 'පෝරඹකනංකෙ උතුර', 7),
(246, 'පුහුලහේන', 7),
(247, 'පෝරඹ කනංකෙ දකුණ', 7),
(248, 'වාහලකනංකෙ දකුණ', 7),
(249, 'නලවන', 7),
(250, 'පැනෑටියන බටහිර', 7),
(251, 'පැනෑටියන නැගෙනහිර', 7),
(252, 'වැල්ලාන', 7),
(253, 'උඩුකාව උතුර', 7),
(254, 'උඩුකාව දකුණ', 7),
(255, 'හල්ලල', 7),
(256, 'බතලහේන', 7),
(257, 'කොක්මාදුව උතුර', 7),
(258, 'සහබන්දු කොක්මාදුව', 7),
(259, 'ජබුරේගොඩ නැගෙනහිර', 7),
(260, 'පාදිලි කොක්මාදුව', 7),
(261, 'බෙරලෑලීය', 7),
(262, 'ජයවික්‍රමපුර', 7),
(263, 'වරකපිටිය උතුර', 7),
(264, 'වරකපිටිය නැගෙනහිර', 7),
(265, 'වරකපිටිය දකුණ', 7),
(266, 'මීරුප්ප', 7),
(267, 'ඌරුවිටිය', 7),
(268, 'වටගෙදරමුල්ල', 7),
(269, 'මූණමල්පෙ', 7),
(270, 'වැලිපිටිය', 7),
(271, 'පලල්ල', 7),
(272, 'ජඹුරේගොඩ බටහිර', 7),
(273, 'ඉබ්බාවල', 7),
(274, 'විලේගොඩ', 7),
(275, 'බොරාල', 7),
(276, 'මදුරාගොඩ', 7),
(277, 'කපුවත්ත', 7),
(278, 'දෙනිපිටිය මධ්‍යම', 7),
(279, 'දෙනිපිටිය බටහිර', 7),
(280, 'දෙනිපිටිය නැගෙනහිර', 7),
(281, 'ඇල්ගිරිය', 8),
(282, 'පහළ කියාඬුව', 8),
(283, 'මාරගොඩ', 8),
(284, 'කැකුණවෙල', 8),
(285, 'කද්දුව', 8),
(286, 'දම්පැල්ල', 8),
(287, 'හොරගොඩ නැගෙනහිර', 8),
(288, 'හොරගොඩ බටහිර', 8),
(289, 'හොරගොඩ දකුණ', 8),
(290, 'කුඩුකන්න', 8),
(291, 'වෙළඳගොඩ', 8),
(292, 'උනින්දුවෙල', 8),
(293, 'තෙලිජ්ජවිල', 8),
(294, 'නාපේ', 8),
(295, 'අකුරුගොඩ උතුර', 8),
(296, 'අකුරුගොඩ නැගෙනහිර', 8),
(297, 'කිරිමැ‍ටිමුල්ල දකුණ', 8),
(298, 'කිරිමැ‍ටිමුල්ල උතුර', 8),
(299, 'මාලිම්බඩ බටහිර', 8),
(300, 'කටුවන්ගොඩ', 8),
(301, 'මාලිම්බඩ නැගෙනහිර', 8),
(302, 'මාලිම්බඩ උතුර', 8),
(303, 'මාලිම්බඩ දකුණ', 8),
(304, 'ගල්පමුණ', 8),
(305, 'අකුරුගොඩ දකුණ', 8),
(306, 'අකුරුගොඩ බටහිර', 8),
(307, 'සුල්තානගොඩ බටහිර', 8),
(308, 'සුල්තානගොඩ නැගෙනහිර', 8),
(309, 'සුල්තානගොඩ දකුණ', 8),
(310, 'ගතාර බටහිර', 9),
(311, 'ගතාර උතුර', 9),
(312, 'ගතාර නැගෙනහිර', 9),
(313, 'බැරගම්මුල්ල', 9),
(314, 'ඊරියතොට', 9),
(315, 'ගනේගම', 9),
(316, 'නාරන්දෙණිය නැගෙනහිර', 9),
(317, 'නාරන්දෙණිය බටහිර', 9),
(318, 'මලාන', 9),
(319, 'මගමුරේ', 9),
(320, 'සපුගොඩ', 9),
(321, 'ලේනබටුව', 9),
(322, 'බිබුලවෙල', 9),
(323, 'ගෝදාව', 9),
(324, 'පිටකටුවන', 9),
(325, 'කඹුරුපිටිය', 9),
(326, 'උල්ලල නැගෙනහිර', 9),
(327, 'තූඹේ', 9),
(328, 'කරපුටුගල උතුර', 9),
(329, 'කරපුටුගල දකුණ', 9),
(330, 'උල්ලල මාස්මුල්ල', 9),
(331, 'උල්ලල බටහිර', 9),
(332, 'මාපලාන මගින් ඉහල', 9),
(333, 'මාපලාන මගින් පහල', 9),
(334, 'සීවැල්ගම', 9),
(335, 'ඉහල විටියල උතුර', 9),
(336, 'කරගොඩ උයන්ගොඩ 1 නැගෙනහිර', 9),
(337, 'කරගොඩ උයන්ගොඩ 1බටහිර', 9),
(338, 'කරගොඩ උයන්ගොඩ 2බටහිර', 9),
(339, 'කරගොඩ උයන්ගොඩ 2 නැගෙනහිර', 9),
(340, 'ඉහල වටියල බටහිර', 9),
(341, 'ඉහල වටියල දකුණ', 9),
(342, 'ඉහල විටියල නැගෙනහිර', 9),
(343, 'අකුරුගොඩ', 9),
(344, 'කහගල', 9),
(345, 'කහගල දකුණ', 9),
(346, 'ඌරාපොල නැගෙනහිර', 9),
(347, 'පලොල්පිටිය', 9),
(348, 'ඌරාපොල බටහිර', 9),
(349, 'දෙනගම නැගෙනහිර', 10),
(350, 'දෙනගම උතුර', 10),
(351, 'දෙනගම බටහිර', 10),
(352, 'බඩබද්ද', 10),
(353, 'මීඇල්ල', 10),
(354, 'පනන්වෙල නැගෙනහිර', 10),
(355, 'පනංවෙල බටහිර', 10),
(356, 'කොහුලියද්ද', 10),
(357, 'කැබිලියපොල උතුර', 10),
(358, 'වේපතඉර උතුර', 10),
(359, 'වේපතඉර බටහිර', 10),
(360, 'කන්දෙගොඩ', 10),
(361, 'නරවැල්පිට නැගෙනහිර', 10),
(362, 'නරවැල්පිට උතුර', 10),
(363, 'ඇල්ලවෙල නැගෙනහිර', 10),
(364, 'ඇල්ලෙවෙල බටහිර', 10),
(365, 'නරවැල්පිට දකුණ', 10),
(366, 'බෙරුවේවෙල', 10),
(367, 'මුරුතමුරය', 10),
(368, 'මුරුතමුරය බටහිර', 10),
(369, 'මුරුතමුරය නැගෙනහිර', 10),
(370, 'වේපතඉර දකුණ', 10),
(371, 'කැබිලියපොල දකුණ', 10),
(372, 'ගංගොඩගම', 10),
(373, 'පොත්තේවෙල', 10),
(374, 'ලාල්පෙ', 10),
(375, 'ගම්මැදපිටිය', 10),
(376, 'උඩුපීල්ලගොඩ නැගෙනහිර', 10),
(377, 'උඩුපීල්ලගොඩ බටහිර', 10),
(378, 'කෝංගල නැගෙනහිර', 10),
(379, 'කෝංගල දකුණ', 10),
(380, 'කෝංගල මධ්‍යම', 10),
(381, 'කෝංගල බටහිර', 10),
(382, 'නරවැල්පිට බටහිර', 10),
(383, 'ඕවිටිගමුව දකුණ', 11),
(384, 'ඕවිටිගමුව උතුර', 11),
(385, 'මල්වතුගොඩ', 11),
(386, 'ගල්කන්ද', 11),
(387, 'කිරින්ද මගින් පහල', 11),
(388, 'කිරින්ද මගින් ඉහල උතුර', 11),
(389, 'හෙට්ටියාවල බටහිර', 11),
(390, 'හෙට්ටියාවල උතුර', 11),
(391, 'බොරලුකැටිය', 11),
(392, 'කරතොට', 11),
(393, 'නාරද්ද', 11),
(394, 'කුඹල්ගොඩ', 11),
(395, 'හෙට්ටියාවල නැගෙණහිර', 11),
(396, 'හෙට්ටියාවල දකුණ', 11),
(397, 'වවුලන්බොක්ක', 11),
(398, 'පුහුල්වැල්ල නැගෙණහිර', 11),
(399, 'පුහුල්වැල්ල බටහිර', 11),
(400, 'කිරින්ද මගින් ඉහල දකුණ', 11),
(401, 'කිරින්ද මගින් ඉහල මධ්‍යම', 11),
(402, 'කිරින්ද මගින් ඉහල නැගෙණහිර', 11),
(403, 'වතුකොලකන්ද නැගෙණහිර', 11),
(404, 'වලකන්ද දකුණ', 11),
(405, 'වලකන්ද බටහිර', 11),
(406, 'වලකන්ද නැගෙණහිර', 11),
(407, 'වතුකොලකන්ද උතුර', 11),
(408, 'පහළ විටියල බටහිර', 12),
(409, 'පහලවිටියල මධ්‍යම', 12),
(410, 'පහලවිටියල නැගෙනහිර', 12),
(411, 'පොලතුගොඩ', 12),
(412, 'බටුවිට I', 12),
(413, 'බටුවිට 2', 12),
(414, 'මැදඋයන්ගොඩ', 12),
(415, 'අක්කර පනහ', 12),
(416, 'යටියන', 12),
(417, 'කොට්ටවත්ත', 12),
(418, 'කෝමංගොඩ 2', 12),
(419, 'කෝමංගොඩ 1', 12),
(420, 'තිහගොඩ නැගෙනහිර', 12),
(421, 'තිහගොඩ', 12),
(422, 'කිතලගම නැගෙනහිර 2', 12),
(423, 'කිතලගම නැගෙනහිර 3', 12),
(424, 'කිතලගම මධ්‍යම', 12),
(425, 'නාරංගල', 12),
(426, 'වැල්ලෙතොට', 12),
(427, 'කිතලගම බටහිර', 12),
(428, 'කිතලගම නැගෙනහිර 1', 12),
(429, 'නායිම්බල 1', 12),
(430, 'කපුදුව', 12),
(431, 'කපුදුව නැගෙනහිර', 12),
(432, 'උඩුව බටහිර', 12),
(433, 'උඩුව නැගෙනහිර', 12),
(434, 'ගල්බඩ', 12),
(435, 'නායිම්බල 2', 12),
(436, 'බණ්ඩත්තර 2', 12),
(437, 'වටගෙදර නැගෙනහිර', 12),
(438, 'අත්තුඩාව', 12),
(439, 'අත්තුඩාව බටහිර', 12),
(440, 'වටගෙදර', 12),
(441, 'නාදුගල 2', 12),
(442, 'නාදුගල 1', 12),
(443, 'බණ්ඩත්තර 1', 12),
(444, '‍එලඹකලාගොඩ', 12),
(445, 'පාලටුව', 12),
(446, 'උනැල්ල', 12),
(447, 'දෙමටහෙට්ටිගොඩ', 12),
(448, 'මිදිගම උතුර', 13),
(449, 'පාතේගම', 13),
(450, 'මූදුගමුව බටහිර', 13),
(451, 'මූදුගමුව නැගෙනහිර', 13),
(452, '‍කොහුණුගමුව', 13),
(453, 'වලාන', 13),
(454, 'වෑකඩ', 13),
(455, 'දේනුවල', 13),
(456, 'මිදිගම බටහිර', 13),
(457, 'මිදිගම නැගෙනහිර', 13),
(458, 'හෙට්ටිවීදිය', 13),
(459, 'අළුත් වීදිය', 13),
(460, 'පොල්වත්ත', 13),
(461, 'නිදංගල', 13),
(462, 'කොටවිල බටහිර', 13),
(463, 'කොටවිල උතුර', 13),
(464, 'කඹුරුගමුව උතුර', 13),
(465, 'කොටවිල දකුණ', 13),
(466, 'හේන්වල නැගෙනහිර', 13),
(467, 'පොල්වතුමෝදර', 13),
(468, 'පැලෑන උතුර', 13),
(469, 'පැලෑන බටහිර', 13),
(470, 'ගල්බොක්ක නැගෙනහිර', 13),
(471, 'ගල්බොක්ක බටහිර', 13),
(472, 'පරණකඩේ', 13),
(473, 'වල්ලිවල නැගෙනහිර', 13),
(474, 'පිටිදූව', 13),
(475, 'ගුරුබැබිල', 13),
(476, 'වල්ලිවල බටහිර', 13),
(477, 'වල්ලිවල දකුණ', 13),
(478, 'මහවීදිය', 13),
(479, 'පැලෑන දකුණ', 13),
(480, 'හේන්වල බටහිර', 13),
(481, 'ගරාඬුව', 13),
(482, 'මිරිස්ස උඩුමුල්ල', 13),
(483, 'මිරිස්ස උඩුපිල', 13),
(484, 'මිරිස්ස උතුර', 13),
(485, 'මිරිස්ස දකුණ 2', 13),
(486, 'කප්පරතොට දකුණ', 13),
(487, 'කප්පරතොට උතුර', 13),
(488, 'මිරිස්ස දකුණ 1', 13),
(489, 'බණ්ඩරමුල්ල', 13),
(490, 'තල්අරඹ උතුර', 13),
(491, 'තුඩැල්ල', 13),
(492, 'කඹුරුගමුව දකුණ', 13),
(493, 'කඹුරුගමුව බටහිර', 13),
(494, 'තල්අරඹ නැගෙනහිර', 13),
(495, 'තල්අරඹ දකුණ', 13),
(496, 'අලුත්වීදිය', 13),
(497, 'දීයගහ නැගෙනහිර', 14),
(498, 'කැකනදුර නැගෙනහිර', 14),
(499, 'කොකාවල', 14),
(500, 'පරවාහැර නැගෙනහිර', 14),
(501, 'පරවාහැර උතුර', 14),
(502, 'කැකණදුර උතුර', 14),
(503, 'කැකනදුර මධ්‍යම', 14),
(504, 'දීහගහ බටහිර', 14),
(505, 'නාවිමන උතුර', 14),
(506, 'පහලගොඩ', 14),
(507, 'නාවිමන දකුණ', 14),
(508, 'තුඩාව නැගෙනහිර', 14),
(509, 'තුඩාව උතුර', 14),
(510, 'තුඩාව දකුණ', 14),
(511, 'සුදර්ශී පෙදෙස', 14),
(512, 'හිත්තැටිය නැගෙනහිර', 14),
(513, 'හිත්තැටිය මැද', 14),
(514, 'ගොඩගම', 14),
(515, 'ඈදුව මදුරුදුව', 14),
(516, 'කනත්තගොඩ උතුර', 14),
(517, 'වැවහමන්දුව', 14),
(518, 'හිත්තැටිය බටහිර', 14),
(519, 'ඉසධින් නගරය', 14),
(520, 'වැලිවේරිය බටහිර', 14),
(521, 'වැලිවේරිය නැගෙනහිර', 14),
(522, 'වල්පොල', 14),
(523, 'වේරගම්පිට', 14),
(524, 'රුවන් ඇල්ල', 14),
(525, 'කැකණදුර බටහිර', 14),
(526, 'කැකණදුර දකුණ', 14),
(527, 'පරවාහැර දකුණ', 14),
(528, 'තල්පාවිල උතුර', 14),
(529, 'නාකුටිටිය', 14),
(530, 'වෙහෙරහේන', 14),
(531, 'මාකාවිට', 14),
(532, 'වේරදුව', 14),
(533, 'උයන්වත්ත', 14),
(534, 'උයන්වත්ත උතුර', 14),
(535, 'කඩේවීදිය නැගෙනහිර', 14),
(536, 'කඩවීදිය බටහිර', 14),
(537, 'වෙලේගොඩ නැගෙනහිර', 14),
(538, 'වෙලේගොඩ බටහිර', 14),
(539, 'මාතොටගම', 14),
(540, 'වල්ගම උතුර', 14),
(541, 'කනත්තගොඩ දකුණ', 14),
(542, 'මඩිහ බටහිර', 14),
(543, 'වල්ගම', 14),
(544, 'වල්ගම මැද', 14),
(545, 'වල්ගම දකුණ', 14),
(546, 'මඩිහ නැගෙනහිර', 14),
(547, 'පොල්හේන', 14),
(548, 'පඹුරන', 14),
(549, 'නූපේ', 14),
(550, 'කඩේවීදිය දකුණ', 14),
(551, 'තොටමුණ', 14),
(552, 'කොටුව', 14),
(553, 'කොටුවේගොඩ උතුර', 14),
(554, 'එළියකන්ද උතුර', 14),
(555, 'මැද්දවත්ත', 14),
(556, 'රස්සන්දෙනිය', 14),
(557, 'වැවඉහලගොඩ', 14),
(558, 'තල්පාවිල දකුණ', 14),
(559, 'ගන්දරාවත්ත', 14),
(560, 'මැද්දවත්ත දකුණ', 14),
(561, 'එළියකන්ද දකුණ', 14),
(562, 'කොටුවේගොඩ දකුණ', 14),
(563, 'කඩවැද්දුව බටහිර', 15),
(564, 'කඩවැද්දුව නැගෙනහිර', 15),
(565, 'වල්බුළුගහහේන', 15),
(566, 'අපරැක්ක උතුර', 15),
(567, 'උඩඅපරුක්ක නැගෙනහිර', 15),
(568, 'උඩඅපරැක්ක', 15),
(569, 'පල්ලෙඅපරැක්ක', 15),
(570, 'ආගරවල', 15),
(571, 'බැද්දේගම්මැද්ද', 15),
(572, 'පාතේගම නැගෙනහිර', 15),
(573, 'පාතෙගම උතුර', 15),
(574, 'නාඔටුන්න', 15),
(575, 'නාඔටුන්න උතුර', 15),
(576, 'තලල්ල උතුර', 15),
(577, 'තලල්ල නැගෙනහිර', 15),
(578, 'තලල්ල දකුණ', 15),
(579, 'නාඔටුන්න මධ්‍යම', 15),
(580, 'නාඔටුන්න දකුණ', 15),
(581, 'තලල්ල මධ්‍යම', 15),
(582, 'දෙල්ගල්ල', 15),
(583, 'කපුගම උතුර', 15),
(584, 'කපුගම බටහිර', 15),
(585, 'ගන්දරාවත්ත කොටසක්', 15),
(586, 'කපුගම මධ්‍යම', 15),
(587, 'කපුගම නැගෙනහිර', 15),
(588, 'ගන්දර නැගෙනහිර', 15),
(589, 'තලල්ල', 15),
(590, 'ගන්දර දකුණ', 15),
(591, 'ගන්දර මධ්‍යම', 15),
(592, 'ගන්දර බටහිර', 15),
(593, 'දෙවිනුවර උතුර', 15),
(594, 'දෙවිනුවර මධ්‍යම', 15),
(595, 'දෙවිනුවර නුගේගොඩ', 15),
(596, 'දෙවිනුවර බටහිර', 15),
(597, 'දෙවිනුවර නැගෙනහිර', 15),
(598, 'දෙවිනුවර වාව්ව', 15),
(599, 'දෙවිනුවර ප්‍රදීපාගාර පෙදෙස', 15),
(600, 'දෙවිනුවර', 15),
(601, 'දෙවිනුවර වෙලේගොඩ', 15),
(602, 'දෙවිනුවර සිංහාසන පෙදෙස', 15),
(603, 'දෙවිනුවර දකුණ', 15),
(604, 'ඌරුගමුව උතුර', 16),
(605, 'බෝදරකන්ද', 16),
(606, 'ඌරුගමුව නැගෙනහිර', 16),
(607, 'ඌරුගමුව මධ්‍යම', 16),
(608, 'ඌරුගමුව බටහිර', 16),
(609, 'දන්දෙනිය උතුර', 16),
(610, 'ඌරුගමුව දකුණ', 16),
(611, 'රන්නාවල', 16),
(612, 'ඌරුගමුව', 16),
(613, 'වේහැල්ල', 16),
(614, 'වේහැල්ල උතුර', 16),
(615, 'දන්දෙනිය දකුණ', 16),
(616, 'බඹරැන්ද උතුර', 16),
(617, 'පොහොසතුගොඩ', 16),
(618, 'රත්මලේ', 16),
(619, 'බඹරැන්ද මධ්‍යම', 16),
(620, 'වේහැල්ල දකුණ', 16),
(621, 'වත්තේගම', 16),
(622, 'වත්තේගම උතුර', 16),
(623, 'වලස්ගල බටහිර', 16),
(624, 'වලස්ගල නැගෙනහිර', 16),
(625, '‍වැවුරැකන්නල', 16),
(626, 'දික්වැල්ල උතුර', 16),
(627, 'දොඩම්පහල උතුර', 16),
(628, 'දොඩම්පහල නැගෙනහිර', 16),
(629, 'දොඩම්පහල මධ්‍යම', 16),
(630, 'දොඩම්පහල බටහිර', 16),
(631, 'දොඩම්පහල දකුණ', 16),
(632, 'දික්වැල්ල නැගෙනහිර', 16),
(633, 'දික්වැල්ල මධ්‍යම', 16),
(634, 'දික්වැල්ල මුස්ලිම් යෝනකපුර නැගෙනහිර', 16),
(635, 'දික්වැල්ල මුස්ලිම් යෝනකපුර බටහිර', 16),
(636, 'දික්වැල්ල දකුණ', 16),
(637, 'වත්තෙගම දකුණ', 16),
(638, 'බතීගම නැගෙනහිර', 16),
(639, 'බතීගම මධ්‍යම', 16),
(640, 'බතීගම බටහිර', 16),
(641, 'බඹරැන්ද නැගෙනහිර', 16),
(642, 'බඹරැන්ද දකුණ', 16),
(643, 'බඹරැන්ද බටහිර', 16),
(644, 'බෙලිදෙනිය', 16),
(645, 'පාතෙගම මධ්‍යම', 16),
(646, 'පාතෙගම දකුණ', 16),
(647, 'බෙලිවත්ත', 16),
(648, 'සුදුවැල්ල', 16),
(649, 'කෝට්ටගොඩ', 16),
(650, 'ගොඩඋඩ', 16),
(651, 'ලුනුකලපුව', 16);

-- --------------------------------------------------------

--
-- Table structure for table `merchantpermit`
--

CREATE TABLE `merchantpermit` (
  `id` int(11) NOT NULL,
  `perid` int(11) DEFAULT NULL,
  `merno` varchar(10) NOT NULL,
  `institute` varchar(25) NOT NULL,
  `pdate` date NOT NULL,
  `stdate` timestamp NOT NULL DEFAULT current_timestamp() ON UPDATE current_timestamp(),
  `img` varchar(100) NOT NULL,
  `aplicant_id` int(11) NOT NULL,
  `edate` date DEFAULT NULL,
  `district` varchar(50) NOT NULL
) ENGINE=InnoDB DEFAULT CHARSET=utf8mb4;

-- --------------------------------------------------------

--
-- Table structure for table `monaragala`
--

CREATE TABLE `monaragala` (
  `gncode` int(3) NOT NULL,
  `gnname` varchar(19) DEFAULT NULL,
  `divsec` int(2) DEFAULT NULL
) ENGINE=InnoDB DEFAULT CHARSET=utf8;

--
-- Dumping data for table `monaragala`
--

INSERT INTO `monaragala` (`gncode`, `gnname`, `divsec`) VALUES
(1, 'ඌරාවුල', 1),
(2, 'කරාඬුගල', 1),
(3, 'බුළුපිටිය', 1),
(4, 'නිල්ගල', 1),
(5, 'කණවේගල්ල', 1),
(6, 'උස්සාගල', 1),
(7, 'බොකාගොන්න', 1),
(8, 'පිටකුඹුර', 1),
(9, 'හාමාපොල', 1),
(10, 'තොටිල්ලකැටිය', 1),
(11, 'කොකුන්නෑව', 1),
(12, 'මොරත්තමුල්ල', 1),
(13, 'නාගල', 1),
(14, 'රදලියද්ද', 1),
(15, 'අඔගොල්ල', 1),
(16, 'වැගම', 1),
(17, 'වැගම දකුණ', 1),
(18, 'මල්ලැහැව', 1),
(19, 'කරගහවෙළ නැගනහිර', 1),
(20, 'කෙහෙල්අත්තාවෙල', 1),
(21, 'කරගහවෙළ බටහිර', 1),
(22, 'උඩමල්ලැහැව', 1),
(23, 'එගොඩ කොටගම', 1),
(24, 'කොටගම', 1),
(25, 'බදුල්ල ගම්මන', 1),
(26, 'කව්ඩැල්ල', 1),
(27, 'රතුපස්කැටිය', 1),
(28, 'ලිඳකුඹුර', 1),
(29, 'බිබිල', 1),
(30, 'අඹේලන්ද', 1),
(31, 'දොඩම්ගොල්ල', 1),
(32, 'දෙහිඅත්තාවෙල', 1),
(33, 'කනුල්වෙළ', 1),
(34, 'ඊතණවත්ත', 1),
(35, 'කුරුවාඹ', 1),
(36, 'හෙවෙල්වෙල', 1),
(37, 'මූදියල', 1),
(38, 'යල්කුඹුර', 1),
(39, 'තානායම්ගම', 1),
(40, 'මැඩ්පිටිය', 1),
(41, 'නෙල්ලියද්ද', 2),
(42, 'මුල්ලේගම', 2),
(43, 'ගල්ගමුව', 2),
(44, 'ඉගිනියාගල', 2),
(45, 'බදුළුවෙල', 2),
(46, 'බණ්ඩාරවාඩිය', 2),
(47, 'පංගුව', 2),
(48, 'තල්කොටයාය', 2),
(49, 'දැලිව', 2),
(50, 'තම්පලාවෙල', 2),
(51, 'රුවල්වෙල', 2),
(52, 'වටවනගම', 2),
(53, 'ගංගොඩගම', 2),
(54, 'රිටිගහවත්ත', 2),
(55, 'මාරිඅරාව', 2),
(56, 'කොල්ලාදෙණිය', 2),
(57, 'ඉහාව', 2),
(58, 'අල්පිටිය', 2),
(59, 'මකුල්ල', 2),
(60, 'නාමල්ඔය ජනපදය', 2),
(61, 'අරාටුගස්වෙල', 2),
(62, 'පගුර', 2),
(63, 'ගල්බොක්ක', 2),
(64, 'මාගන්දන', 2),
(65, 'උඩුමුල්ල', 2),
(66, 'කෝට්ටගල', 2),
(67, 'ගංගොඩ අරාව', 2),
(68, 'පොල්ගහගම', 2),
(69, 'අලුගල්ගේ', 2),
(70, 'නීලව බැද්ද', 2),
(71, 'කහගොල්ල', 2),
(72, 'මාගන්දාඔය ජනපදය', 2),
(73, 'ගෝනතලාව', 2),
(74, 'දඹගල්ල', 2),
(75, 'ඇල්ලේකොන', 2),
(76, 'තැරෑල', 2),
(77, 'ඉලුක්ලන්ද', 2),
(78, 'ඔබ්බේගොඩ', 2),
(79, 'පොතුබන්ධන', 3),
(80, 'යකුන්නාව', 3),
(81, 'බැඳියාව', 3),
(82, 'කොට‍බෝව', 3),
(83, 'ගොඩිගමුව', 3),
(84, 'සෙන්පතිගම', 3),
(85, 'අයිවෙල', 3),
(86, 'සේනාපතිය', 3),
(87, 'බිබිලමුල්ල', 3),
(88, 'නන්නපුරාව', 3),
(89, 'දහම්ගම', 3),
(90, 'කලුගහවාඩිය', 3),
(91, 'කොන්ගොල්ල', 3),
(92, 'දිවියාපොල', 3),
(93, 'කොහුකුඹුර', 3),
(94, 'නුගාමුර', 3),
(95, 'ඇල්ලේකෝණ', 3),
(96, 'දහගෝනිය', 3),
(97, 'මොණරවාන', 3),
(98, 'මෑල්ලගම', 3),
(99, 'තඹාන', 3),
(100, 'තිඹිරිය', 3),
(101, 'මැදගම', 3),
(102, 'ඇල්හේන', 3),
(103, 'පිටදෙනිය', 3),
(104, 'කින්නරබෝව', 3),
(105, 'ඉලුක්කුඹුර', 3),
(106, 'බකිණිගහවෙල', 3),
(107, 'පුබ්බාර', 3),
(108, 'පොල්ගහපිටිය', 3),
(109, 'කැන්දවින්න', 3),
(110, 'අලාන', 3),
(111, 'රත්තණදෙනිය', 3),
(112, 'අමුණෙකඳුර', 3),
(113, 'කීණගොඩ', 3),
(114, 'නාපේ', 4),
(115, 'බුද්දම', 4),
(116, 'වරාගම', 4),
(117, 'කොටාගොඩ', 4),
(118, 'වේරගොඩ', 4),
(119, 'නැව්ගල', 4),
(120, 'ගොවිඳුපුර', 4),
(121, 'පල්ලේවෙල', 4),
(122, 'අඹගහපිටිය', 4),
(123, 'මීයාගල', 4),
(124, 'බරවාය', 4),
(125, 'කූරගම්මන', 4),
(126, 'කලුගොල්ලයාය', 4),
(127, 'සමනළ බැද්ද', 4),
(128, 'මුතුකණ්ඩිය', 4),
(129, 'යක්කඳුරාව', 4),
(130, 'ගල්අමුණ', 4),
(131, 'හෙලමුල්ල', 4),
(132, 'පල්ලේගම', 4),
(133, 'මහකලුගොල්ල', 4),
(134, 'කරඹගොඩ', 4),
(135, 'රුහුණු දනව්ව', 4),
(136, 'ශ්‍රී විජිතපුර', 4),
(137, 'සියඹලාණ්ඩුව', 4),
(138, 'මානාභරණ', 4),
(139, 'මඩුගම', 4),
(140, 'කිවුලේයාය', 4),
(141, 'කොඩයාන', 4),
(142, 'නුගගහ කිවුල', 4),
(143, 'කොටියාගොඩ', 4),
(144, 'ඉදිගස්ඇල්ල', 4),
(145, 'දොඹගහවෙල', 4),
(146, 'ලියන්ගොල්ල', 4),
(147, 'බෙරලියපොල', 4),
(148, 'කිඹුලාවෙල', 4),
(149, 'පහත අරාව', 4),
(150, 'ඇතිමලේ', 4),
(151, 'ගුරුහෙල', 4),
(152, 'ගැමුණුපුර', 4),
(153, 'පැරකුම්පුර', 4),
(154, 'සිරිපුර', 4),
(155, 'තිස්සපුර', 4),
(156, 'ඇතිමලේ ජනපදය', 4),
(157, 'මිණිපුර', 4),
(158, 'විලඔය', 4),
(159, 'වත්තේගම', 4),
(160, 'විජයපුර', 4),
(161, 'කොටියාගල', 4),
(162, 'ටැංවත්ත', 5),
(163, 'ගුරුහෙළ', 5),
(164, 'බටුගම්මන', 5),
(165, 'දේබැද්දේකිවුල', 5),
(166, 'වැලියාය', 5),
(167, 'රත්නපිටිය', 5),
(168, 'නක්කල', 5),
(169, 'හිඳිකිවුල', 5),
(170, 'හුලංදාව', 5),
(171, 'මාගන්දනමුල්ල', 5),
(172, 'මොණරාගල', 5),
(173, 'අලියාවත්ත', 5),
(174, 'කොලොන්වින්න', 5),
(175, 'බෝහිටිය', 5),
(176, 'කවුඩාව', 5),
(177, 'හුලංදාව වම', 5),
(178, 'විහාරමුල්ල', 5),
(179, 'මුප්පනේ', 5),
(180, 'මදුරුකැටිය', 5),
(181, 'කුඹුක්කන', 5),
(182, 'හොරොම්බුව', 5),
(183, 'හුලංදාව දකුණ', 5),
(184, 'මාරාව', 5),
(185, 'වෙහෙරගල', 5),
(186, 'තෙනගල්ලන්ද', 5),
(187, 'කහම්බාන', 5),
(188, 'ගැඩවිල', 6),
(189, 'කරඳගම', 6),
(190, 'ඇල්ල', 6),
(191, 'පල්ලේගම', 6),
(192, 'තලාවගම', 6),
(193, 'මයිලගස්තැන්න', 6),
(194, 'කරවිල', 6),
(195, 'මඩමගම', 6),
(196, 'වෑකුඹුර', 6),
(197, 'මයියොක්කාවත්ත', 6),
(198, 'වරාදොල', 6),
(199, 'අංකඩ', 6),
(200, 'කොටමුදුන', 6),
(201, 'අලුපොත', 6),
(202, 'වාසිපහ', 6),
(203, 'බඩල්කුඹුර', 6),
(204, 'මාලිගාතැන්න', 6),
(205, 'පුස්සැල්ලාව', 6),
(206, 'මඩුකොටන්අරාව', 6),
(207, 'යාකුරාව', 6),
(208, 'තේරප්පහුව', 6),
(209, 'පුන්සිසිගම', 6),
(210, 'මඩුගහපට්ටිය', 6),
(211, 'කලගහකිවුල', 6),
(212, 'මඩුගස්මුල්ල', 6),
(213, 'රණුගල්ල', 6),
(214, 'ඇත්පට්ටිය', 6),
(215, 'මියනකඳුර', 6),
(216, 'දේවතුර', 6),
(217, 'නාරංවත්ත', 6),
(218, 'අතල', 6),
(219, 'ඇත්තලාමුල්ල', 6),
(220, 'මුතුකෙළියාව', 6),
(221, 'මීගහයාය', 6),
(222, 'බෝගහපැලැස්ස', 6),
(223, 'දඹගහවෙල', 6),
(224, 'හිගුරුකඩුව', 6),
(225, 'කැළිවැස්ස', 6),
(226, 'මොරටුවගම', 6),
(227, 'ලුණුගල ජනපදය', 6),
(228, 'කටුගහගල්ගේ', 6),
(229, 'කුරුගම', 7),
(230, 'රන්දෙනිය', 7),
(231, 'සියඹලාගුණය', 7),
(232, 'සුදුපනාවෙල', 7),
(233, 'කොටිකන්බොක්ක', 7),
(234, 'ගල්බොක්ක', 7),
(235, 'දිඹුලාමුරේ', 7),
(236, 'වැල්ලවාය', 7),
(237, 'යාලබෝව', 7),
(238, 'නුගයාය', 7),
(239, 'වරුණගම', 7),
(240, 'ආනපල්ලම', 7),
(241, 'පුබුදුවැව', 7),
(242, 'නෙලුවගල', 7),
(243, 'බුදුරුවගල', 7),
(244, 'ආඳවෙලයාය', 7),
(245, 'සිරිපුරගම', 7),
(246, 'වෙහෙරයාය ජනපදය', 7),
(247, 'වෙහෙරයාය', 7),
(248, 'රන්දෙනිගොඩයාය', 7),
(249, 'හඳපානාගල', 7),
(250, 'මහ ආරගම', 7),
(251, 'තෙළුල්ල ජනපදය', 7),
(252, 'ඇතිලිවැව', 7),
(253, 'තෙළුල්ල', 7),
(254, 'බලහරුව', 7),
(255, 'දෙබර ආර', 7),
(256, '‍කිතුල්කොටේ', 7),
(257, 'ඌව කුඩාඔය', 7),
(258, 'උඩආරව', 8),
(259, 'හොරබොක්ක', 8),
(260, 'උනවටුන', 8),
(261, 'යුධගනාව', 8),
(262, 'දික්යාය', 8),
(263, 'උඩගම', 8),
(264, 'මහගොඩයාය', 8),
(265, 'ගාමිණිපුර', 8),
(266, 'ඔක්කම්පිටිය', 8),
(267, 'ගල්ටැම්මන්ඩිය', 8),
(268, 'උළුගල', 8),
(269, 'මාලිගාවිල', 8),
(270, 'මිනිපුරගම', 8),
(271, 'බුරුතගොල්ල', 8),
(272, 'පහලගම', 8),
(273, 'කෝන්කැටිය', 8),
(274, 'මැදගම', 8),
(275, 'පෙට්ටගම්වෙල', 8),
(276, 'පුහුල්කොටුව', 8),
(277, 'වෙහෙරගල', 8),
(278, 'පැල්වත්ත', 8),
(279, 'මහසෙන්පුර', 8),
(280, 'කුමාරගම', 8),
(281, 'කුකුරම්පොල', 8),
(282, 'කුමාරපුර', 8),
(283, 'යටියල්ලතොට', 8),
(284, 'වගුරුවෙල', 8),
(285, 'ගෝනගන් ආර', 8),
(286, 'රහතන්ගම', 8),
(287, 'සෙල්ල කතරගම', 9),
(288, 'කතරගම', 9),
(289, 'දෙටගමුව', 9),
(290, 'කඳසුරිදුගම', 9),
(291, 'කරවිලේ', 9),
(292, 'කණ්ඩියපිටවැව', 9),
(293, 'කොටවෙහෙරමංකඩ', 9),
(294, 'අලුත්වැව', 9),
(295, 'හම්බේගමුව', 9),
(296, 'හම්බෙගමුව ජනපදය', 9),
(297, 'කහකුරුල්ලන් පැලැස්ස', 9),
(298, 'මහවැව', 9),
(299, 'සූරියආර', 9),
(300, 'උස්ගල', 9),
(301, 'නිකවැව', 9),
(302, 'බෝදාගම', 9),
(303, 'කිවුල් ආර', 9),
(304, 'සිත්තරම', 9),
(305, 'සීනුක්කුව', 9),
(306, 'කටුපිලගම', 10),
(307, 'හබරළුවැව', 10),
(308, 'සමගිපුර', 10),
(309, 'වැලිආර', 10),
(310, 'පුංචිවැව', 10),
(311, 'කිරිඉබ්බන්වැව', 10),
(312, 'සෙවනගල', 10),
(313, 'මුතුමිණිගම', 10),
(314, 'බහිරාව', 10),
(315, 'ඉදිකොළපැලැස්ස', 10),
(316, 'හබරුගල', 10),
(317, 'නුගේගලයාය', 10),
(318, 'මහගම', 10),
(319, 'හබරත්තාවෙල', 10);

-- --------------------------------------------------------

--
-- Table structure for table `mullaitivu`
--

CREATE TABLE `mullaitivu` (
  `gncode` int(3) NOT NULL,
  `gnname` varchar(27) DEFAULT NULL,
  `divsec` int(1) DEFAULT NULL
) ENGINE=InnoDB DEFAULT CHARSET=utf8;

--
-- Dumping data for table `mullaitivu`
--

INSERT INTO `mullaitivu` (`gncode`, `gnname`, `divsec`) VALUES
(1, 'ආලන්කුලම්', 1),
(2, 'අමෛතිපුරම්', 1),
(3, 'අම්පලප්පෙරුමාල්කුලම්', 1),
(4, 'අනිච්චියන්කුලම්', 1),
(5, 'බාරදිනගර්', 1),
(6, '‍ෛඑයන්කන්කුලම්', 1),
(7, 'කල්විලාන්', 1),
(8, 'කෝඩ්ඩෛකඩ්ඩියකුලම්', 1),
(9, 'මල්ලාවි', 1),
(10, 'පලෛයමුරිකන්ඩි', 1),
(11, 'පූකළේන්දිනගර්', 1),
(12, 'පුත්තුවෙඩ්ඩුවාන්', 1),
(13, 'දෙන්නියන්කුලම්', 1),
(14, 'තේරාන්කන්ඩල්', 1),
(15, 'තිරුනගර්', 1),
(16, 'තුනුක්කායි', 1),
(17, 'උයිලන්කුලම්', 1),
(18, 'යෝගපුරම් මධ්‍ය', 1),
(19, 'යෝගපුරම් නැගෙනහිර', 1),
(20, 'යෝගපුරම් බටහිර', 1),
(21, 'අම්පාල්පුරම්', 2),
(22, 'කරුම්පුල්ලියාන්', 2),
(23, 'කොල්ලවිලාන්කුලම්', 2),
(24, 'මූන්රුමුරිප්පු', 2),
(25, 'නඩඩාන්කණ්ඩල්', 2),
(26, 'ඔඩ්ඩරුත්තකුලම්', 2),
(27, 'පාලිනගර්', 2),
(28, 'පාණ්ඩියන්කුලම්', 2),
(29, 'පොන්නගර්', 2),
(30, 'පුවරසන්කුලම්', 2),
(31, 'සෙල්වපුරම්', 2),
(32, 'සිරාඩ්ඩිකුලම්', 2),
(33, 'සිවපුරම්', 2),
(34, 'වන්නිවිලාන්කුලම්', 2),
(35, 'විනයගපුරම්', 2),
(36, 'ආනන්දපුරම්', 3),
(37, 'ඉරණෛප්පාලෛ', 3),
(38, 'කෝම්පාවිල්', 3),
(39, 'මල්ලිකෛත්තීවු', 3),
(40, 'මාණික්කපුරම්', 3),
(41, 'මන්නාකණ්ඩල්', 3),
(42, 'මන්දුවිල්', 3),
(43, 'පුතුක්කුඩියිරුප්පු නැගෙනහිර', 3),
(44, 'පුදුක්කුඩියිරුප්පු බස්නාහිර', 3),
(45, 'සිවනගර්', 3),
(46, 'සුදන්තිරපුරම්', 3),
(47, 'තේරාවිල්', 3),
(48, 'තේවිපුරම්', 3),
(49, 'උඩෛයාර්කඩකු උතුර', 3),
(50, 'උඩෛයාර්කඩකු දකුණ', 3),
(51, 'වල්ලිපුනම්', 3),
(52, 'වල්ලුවර්පුරම්', 3),
(53, 'විස්වමඩු නැගෙනහිර', 3),
(54, 'විස්වමඩු බටහිර', 3),
(55, 'අම්පකාමම්', 4),
(56, 'කණේෂපුරම්', 4),
(57, 'ඉන්දුපුරම්', 4),
(58, 'කනකරතිනපුරම්', 4),
(59, 'කරුවේලන්කණ්ඩල්', 4),
(60, 'කට්චිලෛමඩු', 4),
(61, 'කාදලියාර්සමලන්කුලම්', 4),
(62, 'කූලාමුරිප්පු', 4),
(63, 'මණලන්පඩ්ඩමුරිප්පු', 4),
(64, 'මාංකුලම්', 4),
(65, 'මුත්තෛයන්කඩ්ඩුකුලම්', 4),
(66, 'මුත්තුවිනායගර්පුරම්', 4),
(67, 'ඔඩ්ඩුසුඩ්ඩාන්', 4),
(68, 'ඕලුමඩු', 4),
(69, 'ඔදියමලෛ', 4),
(70, 'පළම්පාසි', 4),
(71, 'පණ්ඩාරවන්නි', 4),
(72, 'පනික්කන්කුලම්', 4),
(73, '‍පේරාරු', 4),
(74, 'පෙරියඉත්තිමඩු', 4),
(75, 'පෙරියකුලම්', 4),
(76, 'පුලියන්කුලම්', 4),
(77, 'තච්චඩම්පන්', 4),
(78, 'තන්ඩුවාන්', 4),
(79, 'තඩ්ඩයමලෛ', 4),
(80, 'තිරුමුරුකන්ඩ්', 4),
(81, 'විත්තියාපුරම්', 4),
(82, 'අලම්පිල් උතුර', 5),
(83, 'අලම්පිල් දකුණ', 5),
(84, 'අම්බලව‍න්පොක්කණෛ', 5),
(85, 'චෙම්ම‍ලෛ', 5),
(86, 'චෙම්මලායි නැගෙනහිර', 5),
(87, 'චිලාවත්තෛ', 5),
(88, 'චිලාවත්තෛ දකුණ', 5),
(89, 'කීක්කිරාපුරම්', 5),
(90, 'කල්ලප්පාඩු උතුර', 5),
(91, 'කල්ලප්පාඩු දකුණ', 5),
(92, 'කණුක්කේණි නැගෙනහිර', 5),
(93, 'කණුක්කේණි බස්නාහිර', 5),
(94, 'කරුනාඩ්ඩුක්කේණි', 5),
(95, 'කෛප්පාපිලවු', 5),
(96, 'කොක්කුලායි නැගෙනහිර', 5),
(97, 'කොක්කිලායි බස්නාහිර', 5),
(98, 'කොක්කුත්තොඩුවායි මධ්‍ය', 5),
(99, 'කොකුතොඩායි උතුර', 5),
(100, 'කොක්කුත්තොඩුවායි දකුණ', 5),
(101, 'කොවිල්කුඩියිරුප්පු', 5),
(102, 'කුමාරපුරම්', 5),
(103, 'කුමුලමුනෛ මධ්‍ය', 5),
(104, 'කුමුලමුනෛ නැගෙනහිර', 5),
(105, 'කුමුලමුනෛ බස්නාහිර', 5),
(106, 'මාමූලෛ', 5),
(107, 'මණට්කුඩියිරුප්පු', 5),
(108, 'මදවලසිංකන්කුලම්', 5),
(109, 'මුලතිව් දකුණ', 5),
(110, 'මුලතිව් නගරය', 5),
(111, 'මුල්ලිවායිකාල් නැගෙනහිර', 5),
(112, 'මුල්ලිවායිකාල් බස්නාහිර', 5),
(113, 'මුල්ලියවලෛ මධ්‍්‍ය', 5),
(114, 'මුල්ලියවලෛ නැගෙනහිර', 5),
(115, 'මුල්ලියවලෛ උතුර', 5),
(116, 'මුල්ලියවලෛ දකුණ', 5),
(117, 'මුල්ලියවලෛ බස්නාහිර', 5),
(118, 'නිරාවිප්පිඩ්ඩි නැගෙනහිර', 5),
(119, 'නිරාවිප්පිඩ්ඩි බස්නාහිර', 5),
(120, 'පුදරික්කුඩා', 5),
(121, 'සෙල්වපුරම්', 5),
(122, 'තන්නිමුරිප්පු', 5),
(123, 'තන්නීරුට්ටු නැගෙනහිර', 5),
(124, 'තන්නිරැට්ටු බස්නාහිර', 5),
(125, 'උප්පුමාවේලි', 5),
(126, 'වණ්ණාන්කුලම්', 5),
(127, 'වට්ටාප්පලෛ', 5),
(128, 'කල්යානිපුර', 6),
(129, 'කිරිඉබීබන්වැව', 6),
(130, 'නිකවැව දකුණ', 6),
(131, 'අහතුගස්වැව', 6),
(132, 'ඇතාවැටුනු වැව', 6),
(133, 'නිකවැව වම', 6),
(134, 'නව ගජබාපුර', 6),
(135, 'ජානකපුර', 6),
(136, 'ගජබාපුර', 6);

-- --------------------------------------------------------

--
-- Table structure for table `nuwaraeliya`
--

CREATE TABLE `nuwaraeliya` (
  `gncode` int(3) NOT NULL,
  `gnname` varchar(19) DEFAULT NULL,
  `divsec` int(2) DEFAULT NULL
) ENGINE=InnoDB DEFAULT CHARSET=utf8;

--
-- Dumping data for table `nuwaraeliya`
--

INSERT INTO `nuwaraeliya` (`gncode`, `gnname`, `divsec`) VALUES
(1, 'නව මොරපේ', 1),
(2, 'නව කඩදොර', 1),
(3, 'ඩෙල්ටා ගැමුණුපුර', 1),
(4, 'හෙල්බොඩ', 1),
(5, 'කරගස්තලාව', 1),
(6, 'ප්‍රොටොප්', 1),
(7, 'රම්බොඩ', 1),
(8, 'සංගිලිපාලම', 1),
(9, 'පනම්ගම්මන', 1),
(10, 'කටුකිතුල', 1),
(11, 'හෙල්සිරිගම', 1),
(12, 'කොත්මල්ගම', 1),
(13, 'රජ ඇල', 1),
(14, 'මාවෙල නැගෙනහිර', 1),
(15, 'මාවෙල බටහිර', 1),
(16, 'මාස්වෙල', 1),
(17, 'මාවෙල කන්ද', 1),
(18, 'ගොඹුරුඔය', 1),
(19, 'වැවහින්න', 1),
(20, 'දෙළුන්තලාමඩ', 1),
(21, 'අඹතලාව', 1),
(22, 'මල්හෑව', 1),
(23, 'රම්බොඩගම', 1),
(24, 'වෙදමුල්ල', 1),
(25, 'පලාගොල්ල', 1),
(26, 'නියම්ගම්දොර', 1),
(27, 'කිරිඳිවෙල', 1),
(28, 'කුඹල්ඔළුව', 1),
(29, 'මැදකන්ද', 1),
(30, 'එගොඩවෙල', 1),
(31, 'පුඩළුඔය උතුර', 1),
(32, 'ලබුකැලේ', 1),
(33, 'කුඩාඔය', 1),
(34, 'සමන් එළිය', 1),
(35, 'කිකිලියාමාන', 1),
(36, 'ඩන්සිනන්', 1),
(37, 'ෂින්', 1),
(38, 'ෂීන් ගම', 1),
(39, 'පුඩළුඔය දකුණ', 1),
(40, 'කඩදොරපිටිය', 1),
(41, 'කොස්ගහපතන', 1),
(42, 'කරගහයටතැන්න', 1),
(43, 'බෝගහවෙල', 1),
(44, 'හාල්පොල', 1),
(45, 'මඩකුඹුර', 1),
(46, 'දුණුකේදෙණිය', 1),
(47, 'මැඩකුමබුර උතුර', 1),
(48, 'හිඟුරුකඩුව', 2),
(49, 'අඹේවෙල', 2),
(50, 'වැලිකඩ', 2),
(51, 'ඉඩම ලන්ද', 2),
(52, 'අධිකාරිගම', 2),
(53, 'කරල්ලියද්ද', 2),
(54, 'බෝගහලන්ද', 2),
(55, 'හකුරුතලේ', 2),
(56, 'මාලියද්ද', 2),
(57, 'මිරහම්පේ', 2),
(58, 'පුස්සලමංකඩ', 2),
(59, 'යටි හගුරන්කෙත', 2),
(60, 'දෙල්ගහපිටිය', 2),
(61, 'සඟරාජගම', 2),
(62, 'මුදුනපිට', 2),
(63, 'ගඟඋඩගම', 2),
(64, 'මල්උල්ල', 2),
(65, 'උඩවත්ත නැගෙනහිර', 2),
(66, 'හිල්පැන්කඳුර', 2),
(67, 'ගලඋඩ උතුර', 2),
(68, 'ඇඳිරිබැද්ද', 2),
(69, 'ගලඋඩ දකුණ', 2),
(70, 'උඩකන්ද', 2),
(71, 'උඩවත්ත බටහිර', 2),
(72, 'උඩවත්තකුඹුර', 2),
(73, 'පල්ලේමළුව', 2),
(74, 'හගුරන්කෙත', 2),
(75, 'දමුනුමෑය උතුර', 2),
(76, 'අරත්තන', 2),
(77, 'අඹලියද්ද', 2),
(78, 'දම්පොල', 2),
(79, 'රැකිටිපේ', 2),
(80, 'හපුවල', 2),
(81, 'දොළුගල', 2),
(82, 'දැලිවල', 2),
(83, 'මාදන්වල', 2),
(84, 'දමුනුමෑය', 2),
(85, 'කොට්ටල', 2),
(86, 'දිය උඩගම', 2),
(87, 'උඩගලඋඩ', 2),
(88, 'දොඩම්කුඹුර', 2),
(89, 'වලලවෙල', 2),
(90, 'රත්මැටිය', 2),
(91, 'හපුගස්දෙනිය', 2),
(92, 'දිග්ගල්පොත්ත', 2),
(93, 'උනන්‍තැන්න', 2),
(94, 'කොස්ගහදෙබල', 2),
(95, 'වරාපිටිය', 2),
(96, 'මැදගම', 2),
(97, 'බෝවළ', 2),
(98, 'කිතුල්පේ', 2),
(99, 'මාකෙම්පේ', 2),
(100, 'පුරාණගම', 2),
(101, 'ඇකිරිය', 2),
(102, 'පොරමඩුල්ල', 2),
(103, 'ලබුහේන', 2),
(104, 'රිකිල්ලගස්කඩ', 2),
(105, 'උඩමකුරුප්ප', 2),
(106, 'දිඹුල්කුඹුර', 2),
(107, 'බුළුගහපිටිය', 2),
(108, 'වෑගම', 2),
(109, 'අගප්පල', 2),
(110, 'බඔරගම', 2),
(111, 'බඔරගම නැගෙනහිර', 2),
(112, 'බඔරගම බටහිර', 2),
(113, 'මලන්වත්ත', 2),
(114, 'ගන්නැව උඩගම', 2),
(115, 'ගෙදරෙයියාව', 2),
(116, 'දාරාඔය', 2),
(117, 'කිරිමැටිය', 2),
(118, 'හෝප්', 2),
(119, 'වැටස්තැන්න', 2),
(120, 'හඳවලපිටිය', 2),
(121, 'කරාමිදුල', 2),
(122, 'මඩුමාන', 2),
(123, 'රහතුන්ගොඩ', 2),
(124, 'එනසල්අරාව', 2),
(125, 'කවටයාමාන', 2),
(126, 'රැක්වුඩ් වත්ත', 2),
(127, 'මුල්ඔය', 2),
(128, 'උඩගම', 2),
(129, 'ගන්නැව උඩගම​', 2),
(130, 'සැරසුන්තැන්න', 3),
(131, 'කැටකඳුර', 3),
(132, 'බටගොල්ල', 3),
(133, 'තැන්නේහේන්වල', 3),
(134, 'දැලිවෙල දකුණ', 3),
(135, 'දෙලිවල උතුර', 3),
(136, 'පන්නල', 3),
(137, 'සේරුපිටිය', 3),
(138, 'මයිලගස්තැන්න', 3),
(139, 'ආඳාවල', 3),
(140, 'නරංතලාව', 3),
(141, 'ඉහළ පන්නල', 3),
(142, 'වැවකැළේ', 3),
(143, 'කුඹල්ගමුව', 3),
(144, 'කුඹල්ගමුව නැගනහිර', 3),
(145, 'මුල්හල්කැළේ', 3),
(146, 'මානෙල්වල', 3),
(147, 'වතුමුල්ල', 3),
(148, 'කැන්දගොල්ල', 3),
(149, 'එගොඩ කන්ද', 3),
(150, 'කන්දේගම', 3),
(151, 'වලපනේ', 3),
(152, 'කුරුඳුඔය', 3),
(153, 'ළියන්වල ඉහළගම', 3),
(154, 'මඩුමාන', 3),
(155, 'ඉලුක්පැලැස්ස', 3),
(156, 'උණගොල්ල', 3),
(157, 'ලියන්වෙල පහළගම', 3),
(158, 'මැදකඳුර', 3),
(159, 'ගලබඩ', 3),
(160, 'අඹගස්පිටිය', 3),
(161, 'මුංවත්ත', 3),
(162, 'ලඳුපිට', 3),
(163, 'වැටකේගම', 3),
(164, 'පදියපැලැල්ල', 3),
(165, 'නාපටවෙල', 3),
(166, 'උකුතුලේ', 3),
(167, 'යටිවැල්ල', 3),
(168, 'වැටගේපත', 3),
(169, 'උකුතුලේ නැගෙනහිර', 3),
(170, 'අලකොළවැව', 3),
(171, 'හයිෆොරස්ට් වත්ත', 3),
(172, 'මහකුඩුගල', 3),
(173, 'බෲක්සයිඩ්', 3),
(174, 'හයිෆොරස්ට්', 3),
(175, 'බිංගන්තලාව', 3),
(176, 'මහ ඌව', 3),
(177, 'වැරැල්ල පතන', 3),
(178, 'මොරබැද්ද', 3),
(179, 'හරස්බැද්ද උතුර', 3),
(180, 'මහපතන', 3),
(181, 'හරස්බැද්ද දකුණ', 3),
(182, 'පලල්පතන', 3),
(183, 'රත්නායකපුර', 3),
(184, 'රාගල වත්ත', 3),
(185, 'මංත්‍රීතැන්න', 3),
(186, 'පණ්ඩිතයා කුඹුර', 3),
(187, 'සෙනරත්පුර', 3),
(188, 'ශාන්ත ලෙනාඩ්', 3),
(189, 'රාගල', 3),
(190, 'එකඟපුර', 3),
(191, 'සමගිපුර', 3),
(192, 'බංගලාහත', 4),
(193, '‍ටොප්පාස්', 4),
(194, 'පාක්', 4),
(195, 'කොන්කොඩියා', 4),
(196, 'කඳපොල', 4),
(197, 'කන්දපොල මධ්‍යම', 4),
(198, 'හාවඑළිය නැගනහිර', 4),
(199, 'බඹරකැලේ', 4),
(200, 'බටහිර නුවරඑළිය', 4),
(201, ' ශාන්තිපුර', 4),
(202, 'කලාපුර', 4),
(203, 'රත්නගිරිය', 4),
(204, 'සමර්සෙට්', 4),
(205, 'නානුඔය', 4),
(206, 'වින්ඩිකෝනර්', 4),
(207, 'නුවරඑළිය', 4),
(208, 'මධ්‍යම නුවරඑළිය', 4),
(209, 'හවාඑළිය උතුර', 4),
(210, 'හවාඑළිය බටහිර', 4),
(211, 'බූලු ඇළ', 4),
(212, 'ගල්පාලම', 4),
(213, 'ජයලංකා', 4),
(214, 'කඳපොල නැගෙනහිර', 4),
(215, 'පීඩෲ', 4),
(216, 'ගොරැඩිහෙළ', 4),
(217, 'සීතාඑළිය', 4),
(218, 'සඳතැන්න', 4),
(219, 'කැළේගල', 4),
(220, 'කලුකැලේ', 4),
(221, 'මාගස්තොට', 4),
(222, 'රුවන්එළිය', 4),
(223, 'පැරකුම්පුර', 4),
(224, 'කිරිමැටිය', 4),
(225, 'මාගොඩ', 4),
(226, 'මිහිඳුපුර', 4),
(227, 'මීපිළිමාන', 4),
(228, 'අඹේවෙල', 4),
(229, 'පට්ටිපොල', 4),
(230, 'කළුගල', 5),
(231, 'පිටවල', 5),
(232, 'බුලත්ගම', 5),
(233, 'ගොනාවල', 5),
(234, 'අඔගමුව උතුර', 5),
(235, 'සෙල්ලිපිගම', 5),
(236, 'අඹගමුව නැගනහිර', 5),
(237, 'අඹගමුව දකුණ', 5),
(238, 'රම්පාදෙණිය', 5),
(239, 'මිල්ලගහමුල', 5),
(240, 'දාගම්පිටිය', 5),
(241, 'පොල්පිටිය', 5),
(242, 'මිනුවන්දෙනිය', 5),
(243, 'හිටිගේගම', 5),
(244, 'කෙහෙල්වරාව', 5),
(245, 'හෝමාගම', 5),
(246, 'හැබීබෑකන්ද', 5),
(247, 'සමන්සිරිගම', 5),
(248, 'තීනියගල', 5),
(249, 'ගිනිගත්හේන', 5),
(250, 'දෙහිගස්තැන්න', 5),
(251, 'කලවැල්දෙණිය', 5),
(252, 'මොරහේනගම', 5),
(253, 'හගරාපිට්ය', 5),
(254, 'ජමබුතැන්න', 5),
(255, 'කොත්තැල්ලෙන', 5),
(256, 'වග්ගම', 5),
(257, 'ලක්ෂපාන', 5),
(258, 'කිරිවන්එළිය', 5),
(259, 'විදුලිපුර දකුණ', 5),
(260, 'විදුලිපුර උතුර', 5),
(261, 'වටවල', 5),
(262, 'ඕල්ටන් වත්ත', 5),
(263, 'දික්ඔය', 6),
(264, 'දික්ඔය දකුණ', 6),
(265, 'හැටන් උතුර', 6),
(266, 'හැටන් බටහිර', 6),
(267, 'හැටන් දකුණ', 6),
(268, 'හැටන් නැ‍ගෙනහිර', 6),
(269, 'බගවන්තලාව දකුණ', 6),
(270, 'කර්කස්වර්ඩ්', 6),
(271, 'නිව්වැලිගම', 6),
(272, 'ඇන්ෆීල්ඩ්', 6),
(273, 'වනරාජා', 6),
(274, 'ලෙතන්ට්', 6),
(275, 'ඉන්ජස්ට්‍රි', 6),
(276, 'ටිලරි', 6),
(277, 'බොගවාන', 6),
(278, 'ලොයිනෝන්', 6),
(279, 'කොටියාගල', 6),
(280, 'නෝර්වුඩ්', 6),
(281, 'මස්කෙළිය', 6),
(282, 'සීතගගුල', 6),
(283, 'ගවරවිල', 6),
(284, 'ස්ට්‍රැස්පී', 6),
(285, 'රොසැල්ල', 6),
(286, 'රුවන්පුර', 6),
(287, 'මරේ', 6),
(288, 'මාවුස්සාකැලේ', 6),
(289, 'මහනෙලූ', 6),
(290, 'වෙන්චර්', 6),
(291, 'බ්‍රවුන්ස්වික්', 6),
(292, 'බ්‍රවුන්ලෝ', 6),
(293, 'ෂැනන්', 6),
(294, 'වැලිඔය', 6),
(295, 'මොකා', 6),
(296, 'පැන්මූර්', 6),
(297, 'රන්වන්තලාව', 7),
(298, 'කඩදොර', 7),
(299, 'කොටගේපිටිය දකුණ', 7),
(300, 'කොටගේපිටිය උතුර', 7),
(301, 'නයාපාන', 7),
(302, 'හපුගස්තලාව', 7),
(303, 'දොරුවාදෙණිය', 7),
(304, 'කොළපතන', 7),
(305, 'රුවන්පුර', 7),
(306, 'දඔගල්ල', 7),
(307, 'කළුදෑමඩ', 7),
(308, 'මල්ලන්ද', 7),
(309, 'කැටබුලාව', 7),
(310, 'හුණුගල්ඔය', 7),
(311, 'තෙලිස්සාගල', 7),
(312, 'ඉහල ගොරකඔය', 7),
(313, 'පොල්වතුර', 7),
(314, 'පහළ ගොරකඔය', 7),
(315, 'ක්වීන්ස්බේරි', 7),
(316, 'හරංගල', 7),
(317, 'හරංගල දකුණ', 7),
(318, 'කිරිමැටියාව', 7),
(319, 'හල්ගොල්ල', 7),
(320, 'වැරැල්ලපතන', 7),
(321, 'තිස්පනේකන්ද', 7),
(322, 'ගොඩමඩ්ත්ත', 7),
(323, 'කටුගොල්ල', 7),
(324, 'වටද්දර', 7),
(325, 'නවංගම', 7),
(326, 'කලපිටිය නැගෙනහිර', 7),
(327, 'හැදුනුවැව', 7),
(328, 'රොජසන්ගම උතුර', 7),
(329, 'කලපිටිය බටහිර', 7),
(330, 'රොජසන්ගම දකුණ', 7),
(331, 'වෑතලාව', 7),
(332, 'කොත්තුනුගොඩ', 7),
(333, 'විරසේකරපුර', 7),
(334, 'දොඔගස්තලාව', 7),
(335, 'මෑතගම', 7),
(336, 'මල්දෙණිය', 7),
(337, 'කටාරන්දන', 7),
(338, 'රාවණාගොඩ නැගෙනහිර', 7),
(339, 'විජයබාහු කන්ද', 7),
(340, 'බෙරමාන', 7),
(341, 'බෙරමාන දකුණ', 7),
(342, 'බෙරමාන උතුර', 7),
(343, 'රාවණාගොඩ බටහිර', 7),
(344, 'උඩගම', 7),
(345, 'විරපුර', 7),
(346, 'තිබ්බටුගොඩ', 8),
(347, 'වටඹේ', 8),
(348, 'තිබ්බටුගොඩ දකුණ', 8),
(349, 'රඹුකේ', 8),
(350, 'අරම්පිටිය', 8),
(351, 'උඩමාදුර', 8),
(352, 'කොස්ගොල්ල', 8),
(353, 'උඩමාදුර උතුර', 8),
(354, 'ගල්කඩවෙල', 8),
(355, 'කලගම්වත්ත', 8),
(356, 'උඩවෙල', 8),
(357, 'යොඹුවැල්තැන්න', 8),
(358, 'ගල්කැටිවෙල', 8),
(359, 'හපුගහපිටිය', 8),
(360, 'මෝරංගාතැන්න', 8),
(361, 'ඇල්ලකුඹුර', 8),
(362, 'මුගුණගහපිටිය', 8),
(363, 'බොලගන්දාවෙල', 8),
(364, 'හෑගස්උල්ල', 8),
(365, 'අඔගහතැන්න', 8),
(366, '‍හිගුරුවෙල​', 8),
(367, 'මල්ලගම', 8),
(368, 'දුලන', 8),
(369, 'හෙළගම', 8),
(370, 'යටිමාදුර', 8),
(371, 'තුංහිටියාව', 8),
(372, 'දෙමටඅරාව', 8),
(373, 'අඔන්ඇල්ල', 8),
(374, 'හෑගම', 8),
(375, 'වැවතැන්න', 8),
(376, 'දෙනඹුරේ', 8),
(377, 'දඹගොල්ල', 8),
(378, 'ගොරඬියගොල්ල', 8),
(379, 'පුරන්කුඹුර', 8),
(380, 'දබ්බරේ', 8),
(381, 'නිල්දණ්ඩාහින්න', 8),
(382, 'කුඹුක්වෙල', 8),
(383, 'උඩගම', 8),
(384, 'කරඳගොල්ල', 8),
(385, 'කොටඹේ', 8),
(386, 'මඩුල්ල', 8),
(387, 'මඩුල්ල දකුණ', 8),
(388, 'මොරහෙල', 8),
(389, 'කන්දේයාය', 8),
(390, 'රූපහ', 8),
(391, 'පල්ලේවෙළ', 8),
(392, 'පාලුගම', 8),
(393, 'මාලියද්ද', 8),
(394, 'මීපනාව', 8),
(395, 'රූපහ නැගෙනහිර', 8),
(396, 'මාතැටිල්ල', 8),
(397, 'කුරුපනාවෙල', 8),
(398, 'වතුලන්ද නැගෙනහිර', 8),
(399, 'වතුලන්ද බටහිර', 8),
(400, 'අඹලියද්ද', 8),
(401, 'ඇඹුලන්පහ', 8),
(402, 'උඩුපුස්සැල්ලාව උතුර', 8),
(403, 'උඩුපුස්සැල්ලාව දකුණ', 8),
(404, 'සූරියගහපතන පහළ', 8),
(405, 'සූරියගහපතන ඉහළ', 8),
(406, 'ගල්කඩපත්න', 8),
(407, 'ශාන්ත මාග්‍රට්', 8),
(408, 'ඩෙල්මාර්', 8),
(409, 'ලිඳුල', 9),
(410, 'හෝල්බෲක්', 9),
(411, 'ඇල්බැද්ද', 9),
(412, 'ආගරපතන', 9),
(413, 'ඩයගම බටහිර', 9),
(414, 'නාගසේන', 9),
(415, 'ඉල්ඩන්හෝල්', 9),
(416, 'රහන්වත්ත', 9),
(417, 'වෝල්ට්‍රිම්', 9),
(418, 'ග්ලාස්ගෝ', 9),
(419, 'ඇල්බියන්', 9),
(420, 'ලිපකැලේ', 9),
(421, 'තංගකැලේ', 9),
(422, 'හෙන්ෆෝල්ඩ්', 9),
(423, 'බ්‍රෙමෝර්', 9),
(424, 'බැල්මෝරල්', 9),
(425, 'සන්ඩ්‍රිහම්', 9),
(426, 'ඩයගම නැ‍ගෙනහිර', 9),
(427, 'වැවරලි', 9),
(428, 'කොටගල', 9),
(429, 'කුඩුඔය', 9),
(430, 'දිඹුල', 9),
(431, 'ඩෙවොන්', 9),
(432, 'වටගොඩ', 9),
(433, 'තලවකැළේ', 9),
(434, 'ස්ටොනික්ලිෆ්', 9),
(435, 'ඩ්‍රේටන්', 9),
(436, 'බෝගහ වත්ත', 9),
(437, 'මවුන්ට් වර්නන්', 9),
(438, 'කුම්වුඩ්', 9),
(439, 'හොලිරෑඩ්', 9),
(440, 'බෙයාවෙල්', 9),
(441, 'යුලිෆීල්ඩ්', 9),
(442, 'ග්‍රේට් වෙස්ටර්න්', 9),
(443, 'වදවල', 10),
(444, 'අලවත්තේගම', 10),
(445, 'කළුඅත්තනගොල්ල', 10),
(446, 'දෙහිපේ', 10),
(447, 'බෝධිමල්කඩ', 10),
(448, 'දෙනියගම', 10),
(449, 'රතුකුරුස ජනපදය', 10),
(450, 'වෙලපහළ', 10),
(451, 'දෙනිකේ', 10),
(452, 'උදළුමඩ', 10),
(453, 'වෙලම්පාගොඩ', 10),
(454, 'උඩවෙල පතන', 10),
(455, 'විල්වල', 10),
(456, 'ඇහැලමල්පේ', 10),
(457, 'පල්ලේවෙල', 10),
(458, 'බෝගමුව', 10),
(459, 'මකුරුප්ප', 10),
(460, 'පල්ලේමකුරුප්ප', 10),
(461, 'බෝධිවෙළ', 10),
(462, 'ඉල්ලගොල්ල', 10),
(463, 'මොරගොල්ල', 10),
(464, 'රම්මලකඳුර', 10),
(465, 'හප්පාවර', 10),
(466, 'කැටයාපතන', 10),
(467, 'දුනුකේබැද්ද', 10),
(468, 'ගෝනකැලේ', 10),
(469, 'කැටයපතන උඩගම​', 10),
(470, 'අම්පිටිගොඩ', 10),
(471, 'බෝමැල්ලගොඩ', 10),
(472, 'ගෝනපිටිය', 10),
(473, 'මතුරට', 10),
(474, 'මෙරිගෝල්ඩ්', 10),
(475, 'ඉඩම්පිටිය', 10),
(476, 'උඩපදියපැලැල්ල', 10),
(477, 'ඔකඳගල', 10),
(478, 'මානකොළ', 10),
(479, 'දීගලහින්න', 10),
(480, 'මාර්තුවෙල', 10),
(481, 'රත්යාය', 10),
(482, 'ගොඩිගමුව', 10),
(483, 'එළමුල්ල', 10),
(484, 'කැටහිර', 10),
(485, 'වැල්ලගිරිය', 10),
(486, 'මැටිබැඹිය', 10),
(487, 'මන්දාරම්නුවර', 10),
(488, 'ගුඩ්වුඩ්', 10),
(489, 'උඩවෙල', 10),
(490, 'ලබුහේන්වල', 10),
(491, 'වැවතැන්න', 10),
(492, 'මැදවෙළ', 10),
(493, 'මල්සරානුවර', 10),
(494, 'හුණුකොටුව', 10);

-- --------------------------------------------------------

--
-- Table structure for table `oldpermit`
--

CREATE TABLE `oldpermit` (
  `id` int(11) NOT NULL,
  `perid` int(11) DEFAULT NULL,
  `nic` int(10) DEFAULT NULL,
  `oldpermit` varchar(5) CHARACTER SET utf8 COLLATE utf8_bin NOT NULL,
  `lauthority` varchar(10) CHARACTER SET utf8 COLLATE utf8_bin NOT NULL,
  `pno` varchar(50) CHARACTER SET utf8 COLLATE utf8_bin NOT NULL,
  `pdate` date DEFAULT NULL,
  `expname` varchar(50) CHARACTER SET utf8 COLLATE utf8_bin DEFAULT NULL,
  `authqty` decimal(11,0) DEFAULT NULL,
  `reqty` decimal(11,0) DEFAULT NULL,
  `usedqty` decimal(11,0) DEFAULT NULL,
  `remqty` decimal(11,0) DEFAULT NULL,
  `aplicant_id` int(11) NOT NULL,
  `district` varchar(50) NOT NULL
) ENGINE=InnoDB DEFAULT CHARSET=utf8mb4;

--
-- Dumping data for table `oldpermit`
--

INSERT INTO `oldpermit` (`id`, `perid`, `nic`, `oldpermit`, `lauthority`, `pno`, `pdate`, `expname`, `authqty`, `reqty`, `usedqty`, `remqty`, `aplicant_id`, `district`) VALUES
(463, 92, 591234021, 'ඔව්', 'KPR පතිරණ', '282445', '2020-03-04', 'ගල් වෙඩි බෙහෙත් (කිලෝ ග්‍රෑම්)', '0', '0', '0', '0', 80, 'Matale'),
(464, 92, 591234021, 'ඔව්', 'KPR පතිරණ', '282445', '2020-03-04', 'සේවා නූල් (මීටර්)', '0', '0', '0', '0', 80, 'Matale'),
(465, 92, 591234021, 'ඔව්', 'KPR පතිරණ', '282445', '2020-03-04', 'වෝටර් ජෙල් (කිලෝ ග්‍රෑම්)', '0', '0', '0', '0', 80, 'Matale'),
(466, 92, 591234021, 'ඔව්', 'KPR පතිරණ', '282445', '2020-03-04', 'සාමාන්‍ය ඩෙටොනේටර් (අංක)', '0', '0', '0', '0', 80, 'Matale'),
(467, 92, 591234021, 'ඔව්', 'KPR පතිරණ', '282445', '2020-03-04', 'ඇමෝනියම් නයිට්‍රේට් (කිලෝ ග්‍රෑම්)', '0', '0', '0', '0', 80, 'Matale'),
(468, 92, 591234021, 'ඔව්', 'KPR පතිරණ', '282445', '2020-03-04', 'විදුලි ඩෙටොනේටර් (අංක)', '0', '0', '0', '0', 80, 'Matale'),
(469, 93, 591234021, '', '', '', '0000-00-00', 'ගල් වෙඩි බෙහෙත් (කිලෝ ග්‍රෑම්)', '0', '0', '0', '0', 80, 'Matale'),
(470, 93, 591234021, '', '', '', '0000-00-00', 'සේවා නූල් (මීටර්)', '0', '0', '0', '0', 80, 'Matale'),
(471, 93, 591234021, '', '', '', '0000-00-00', 'වෝටර් ජෙල් (කිලෝ ග්‍රෑම්)', '0', '0', '0', '0', 80, 'Matale'),
(472, 93, 591234021, '', '', '', '0000-00-00', 'සාමාන්‍ය ඩෙටොනේටර් (අංක)', '0', '0', '0', '0', 80, 'Matale'),
(473, 93, 591234021, '', '', '', '0000-00-00', 'ඇමෝනියම් නයිට්‍රේට් (කිලෝ ග්‍රෑම්)', '0', '0', '0', '0', 80, 'Matale'),
(474, 93, 591234021, '', '', '', '0000-00-00', 'විදුලි ඩෙටොනේටර් (අංක)', '0', '0', '0', '0', 80, 'Matale'),
(475, 94, 701404246, 'නැත', '', '', '0000-00-00', 'ගල් වෙඩි බෙහෙත් (කිලෝ ග්‍රෑම්)', '0', '0', '0', '0', 81, 'Matale'),
(476, 94, 701404246, 'නැත', '', '', '0000-00-00', 'සේවා නූල් (මීටර්)', '0', '0', '0', '0', 81, 'Matale'),
(477, 94, 701404246, 'නැත', '', '', '0000-00-00', 'වෝටර් ජෙල් (කිලෝ ග්‍රෑම්)', '0', '0', '0', '0', 81, 'Matale'),
(478, 94, 701404246, 'නැත', '', '', '0000-00-00', 'සාමාන්‍ය ඩෙටොනේටර් (අංක)', '0', '0', '0', '0', 81, 'Matale'),
(479, 94, 701404246, 'නැත', '', '', '0000-00-00', 'ඇමෝනියම් නයිට්‍රේට් (කිලෝ ග්‍රෑම්)', '0', '0', '0', '0', 81, 'Matale'),
(480, 94, 701404246, 'නැත', '', '', '0000-00-00', 'විදුලි ඩෙටොනේටර් (අංක)', '0', '0', '0', '0', 81, 'Matale'),
(481, 95, 111111111, 'නැත', '', '', '0000-00-00', 'ගල් වෙඩි බෙහෙත් (කිලෝ ග්‍රෑම්)', '0', '0', '0', '0', 82, 'Matale'),
(482, 95, 111111111, 'නැත', '', '', '0000-00-00', 'සේවා නූල් (මීටර්)', '0', '0', '0', '0', 82, 'Matale'),
(483, 95, 111111111, 'නැත', '', '', '0000-00-00', 'වෝටර් ජෙල් (කිලෝ ග්‍රෑම්)', '0', '0', '0', '0', 82, 'Matale'),
(484, 95, 111111111, 'නැත', '', '', '0000-00-00', 'සාමාන්‍ය ඩෙටොනේටර් (අංක)', '0', '0', '0', '0', 82, 'Matale'),
(485, 95, 111111111, 'නැත', '', '', '0000-00-00', 'ඇමෝනියම් නයිට්‍රේට් (කිලෝ ග්‍රෑම්)', '0', '0', '0', '0', 82, 'Matale'),
(486, 95, 111111111, 'නැත', '', '', '0000-00-00', 'විදුලි ඩෙටොනේටර් (අංක)', '0', '0', '0', '0', 82, 'Matale'),
(487, 96, 762740222, 'ඔව්', 'KPR පතිරණ', '282445', '2022-06-09', 'ගල් වෙඩි බෙහෙත් (කිලෝ ග්‍රෑම්)', '0', '0', '0', '0', 83, 'Matale'),
(488, 96, 762740222, 'ඔව්', 'KPR පතිරණ', '282445', '2022-06-09', 'සේවා නූල් (මීටර්)', '0', '0', '0', '0', 83, 'Matale'),
(489, 96, 762740222, 'ඔව්', 'KPR පතිරණ', '282445', '2022-06-09', 'වෝටර් ජෙල් (කිලෝ ග්‍රෑම්)', '0', '0', '0', '0', 83, 'Matale'),
(490, 96, 762740222, 'ඔව්', 'KPR පතිරණ', '282445', '2022-06-09', 'සාමාන්‍ය ඩෙටොනේටර් (අංක)', '0', '0', '0', '0', 83, 'Matale'),
(491, 96, 762740222, 'ඔව්', 'KPR පතිරණ', '282445', '2022-06-09', 'ඇමෝනියම් නයිට්‍රේට් (කිලෝ ග්‍රෑම්)', '0', '0', '0', '0', 83, 'Matale'),
(492, 96, 762740222, 'ඔව්', 'KPR පතිරණ', '282445', '2022-06-09', 'විදුලි ඩෙටොනේටර් (අංක)', '0', '0', '0', '0', 83, 'Matale');

-- --------------------------------------------------------

--
-- Table structure for table `permit`
--

CREATE TABLE `permit` (
  `perid` int(11) NOT NULL,
  `nic` varchar(15) NOT NULL,
  `pstore` varchar(100) CHARACTER SET utf8 COLLATE utf8_bin NOT NULL,
  `permitdu` varchar(50) CHARACTER SET utf8 COLLATE utf8_bin DEFAULT NULL,
  `Premiums` varchar(50) CHARACTER SET utf8 COLLATE utf8_bin DEFAULT NULL,
  `task` varchar(40) CHARACTER SET utf8 COLLATE utf8_bin NOT NULL,
  `quarryad` varchar(100) CHARACTER SET utf8 COLLATE utf8_bin NOT NULL,
  `gnd` varchar(25) CHARACTER SET utf8 COLLATE utf8_bin NOT NULL,
  `ds` varchar(25) CHARACTER SET utf8 COLLATE utf8_bin NOT NULL,
  `police` varchar(25) CHARACTER SET utf8 COLLATE utf8_bin NOT NULL,
  `offence` varchar(200) CHARACTER SET utf8 COLLATE utf8_bin NOT NULL,
  `appdate` date NOT NULL,
  `stdate` timestamp NOT NULL DEFAULT current_timestamp() COMMENT 'saved date',
  `isread_exp` int(11) NOT NULL DEFAULT 0,
  `isread_ga` int(11) NOT NULL DEFAULT 0,
  `isread_ministry` int(11) NOT NULL DEFAULT 0,
  `expOffApprove` int(11) DEFAULT 0 COMMENT '0- new, 1- Approve, 2- not approve',
  `gaApprove` int(11) DEFAULT 0,
  `ministryApprove` int(11) DEFAULT 0,
  `stat` varchar(50) NOT NULL COMMENT 'Exp Off,GA, Ministry',
  `aplicant_id` int(11) DEFAULT NULL,
  `expno` varchar(25) NOT NULL,
  `price` int(50) NOT NULL,
  `oldrequest` varchar(10) CHARACTER SET utf8 COLLATE utf8_bin NOT NULL,
  `oldreq_no` varchar(15) CHARACTER SET utf8 COLLATE utf8_bin NOT NULL,
  `police_approve` varchar(10) CHARACTER SET utf8 COLLATE utf8_bin NOT NULL,
  `old_coppies` varchar(10) CHARACTER SET utf8 COLLATE utf8_bin NOT NULL,
  `stock_premiums` varchar(10) CHARACTER SET utf8 COLLATE utf8_bin NOT NULL,
  `rules` varchar(300) CHARACTER SET utf8 COLLATE utf8_bin NOT NULL,
  `other_facts` varchar(300) CHARACTER SET utf8 COLLATE utf8_bin NOT NULL,
  `monthly_product` varchar(50) CHARACTER SET utf8 COLLATE utf8_bin NOT NULL,
  `my_stat` varchar(10) CHARACTER SET utf8 COLLATE utf8_bin NOT NULL,
  `c_approval_no` varchar(50) NOT NULL,
  `c_approval_date` date DEFAULT NULL,
  `quarryid` int(10) NOT NULL,
  `district` varchar(50) NOT NULL,
  `qtpremiums` varchar(50) NOT NULL,
  `expapp_date` date DEFAULT NULL,
  `min_file_no` varchar(25) NOT NULL
) ENGINE=InnoDB DEFAULT CHARSET=utf8mb4;

--
-- Dumping data for table `permit`
--

INSERT INTO `permit` (`perid`, `nic`, `pstore`, `permitdu`, `Premiums`, `task`, `quarryad`, `gnd`, `ds`, `police`, `offence`, `appdate`, `stdate`, `isread_exp`, `isread_ga`, `isread_ministry`, `expOffApprove`, `gaApprove`, `ministryApprove`, `stat`, `aplicant_id`, `expno`, `price`, `oldrequest`, `oldreq_no`, `police_approve`, `old_coppies`, `stock_premiums`, `rules`, `other_facts`, `monthly_product`, `my_stat`, `c_approval_no`, `c_approval_date`, `quarryid`, `district`, `qtpremiums`, `expapp_date`, `min_file_no`) VALUES
(92, '591234021V', '  නිවසේ අරක්ෂිතව තැනු ගබඩාවේ', '6', 'සති 2', 'ව්‍යාපාරික', 'මධුසංක කළුගල්වල, ගුරුවෙලයාය, දේවගිරිය.', '399', '9', 'Wilgamuwa', 'නැත', '2022-04-22', '2022-06-07 17:57:24', 1, 1, 0, 5, 1, 0, 'Ministry', 80, 'DSM/ADM/18/35', 1000, 'නැත', '', 'ඔව්', 'නැත', '', '', '', '', 'ඔව්', '3', '2022-06-08', 126, 'Matale', '12', '2022-06-08', ''),
(93, '591234021V', '        නිවසේ අරක්ෂිතව තැනු ගබඩාවේ', '    6', 'සති 2', 'ව්‍යාපාරික', 'Kandy road, Matale', '124', '3', 'Mahawela', '', '2022-06-15', '2022-06-08 11:00:27', 1, 1, 0, 5, 1, 0, 'Ministry', 80, 'DSM/ADM/12/45', 1000, '', '', 'ඔව්', 'ඇත', '', 'අමුණා ඇත', 'ඔව්', '', 'ඔව්', '', '2022-06-14', 0, 'Matale', '12', '2022-06-15', ''),
(94, '701404246V', 'නිවසේ අරක්ෂිතව තැනු ගබඩාවේ', '1', 'සතියකට වරක්', 'ව්‍යාපාරික', 'Kandy road, Matale', '333', '7', 'Mahawela', '', '2022-06-16', '2022-06-16 16:02:04', 0, 0, 0, 0, 0, 0, 'Exp Officer', 81, 'DSM/ADM/12/05', 0, '', '', '', '', '', '', '', '', '', '', NULL, 127, 'Matale', '', NULL, ''),
(95, '111111111V', 'නිවසේ අරක්ෂිතව තැනු ගබඩාවේ', '1', 'සති දෙකකට වරක්', 'ව්‍යාපාරික නොවන', 'Kandy road, Matale', '79', '2', 'Dambulla', '', '2022-06-17', '2022-06-16 16:06:54', 0, 0, 0, 0, 0, 0, 'Exp Officer', 82, 'DSM/ADM/12/05', 0, '', '', '', '', '', '', '', '', '', '', NULL, 0, 'Matale', '', NULL, ''),
(96, '762740222V', 'නිවසේ අරක්ෂිතව තැනු ගබඩාවේ', '6', 'සතියකට වරක්', 'ව්‍යාපාරික', 'රොස්ලන්ඩ් වත්ත', '181', '4', 'Matale', '', '2022-06-19', '2022-06-19 17:21:31', 0, 0, 0, 0, 0, 0, 'Exp Officer', 83, 'DSM/ADM/12/03', 0, '', '', '', '', '', '', '', '', '', '', NULL, 0, 'Matale', '', NULL, '');

-- --------------------------------------------------------

--
-- Table structure for table `policereport`
--

CREATE TABLE `policereport` (
  `id` int(11) NOT NULL,
  `perid` int(11) DEFAULT NULL,
  `poldiv` varchar(10) CHARACTER SET utf8 COLLATE utf8_bin NOT NULL,
  `polst` varchar(20) CHARACTER SET utf8 COLLATE utf8_bin NOT NULL,
  `pdate` date NOT NULL,
  `stdate` timestamp NOT NULL DEFAULT current_timestamp() ON UPDATE current_timestamp(),
  `img` varchar(100) NOT NULL,
  `aplicant_id` int(11) NOT NULL,
  `edate` date DEFAULT NULL,
  `district` varchar(50) NOT NULL
) ENGINE=InnoDB DEFAULT CHARSET=utf8mb4;

--
-- Dumping data for table `policereport`
--

INSERT INTO `policereport` (`id`, `perid`, `poldiv`, `polst`, `pdate`, `stdate`, `img`, `aplicant_id`, `edate`, `district`) VALUES
(47, 92, 'Wilgamuwa', 'නිර්දේශ කරමි', '2022-06-08', '2022-06-08 07:08:44', 'YDQlRift5qDocument 30 (2).pdf', 80, '2022-06-09', 'Matale'),
(49, 93, 'Wilgamuwa', 'නිර්දේශ කරමි', '2022-06-07', '2022-06-14 08:26:13', 'zgmfu18pBZcargills-food-city.jpg', 80, '2022-06-24', 'Matale'),
(50, 94, 'Mahawela', 'නිර්දේශ කරමි', '2022-06-16', '2022-06-16 16:04:43', 'oSE5rpiA1D20210824_164134.pdf', 81, '2022-08-19', 'Matale'),
(51, 0, '', 'නිර්දේශ කරමි', '2022-06-16', '2022-06-16 16:08:09', '0wCHuSAeEWDiagram.pdf', 82, '2022-08-27', 'Matale'),
(52, 96, 'Mahawela', 'නිර්දේශ කරමි', '2022-06-19', '2022-06-19 17:28:27', 'Xpz57NwyPnpermision Request.pdf', 0, '2022-09-16', 'Matale');

-- --------------------------------------------------------

--
-- Table structure for table `police_div`
--

CREATE TABLE `police_div` (
  `pno` int(3) DEFAULT NULL,
  `police_div` varchar(32) DEFAULT NULL,
  `district` int(2) DEFAULT NULL
) ENGINE=InnoDB DEFAULT CHARSET=utf8;

--
-- Dumping data for table `police_div`
--

INSERT INTO `police_div` (`pno`, `police_div`, `district`) VALUES
(1, 'Bambalapitiya', 5),
(2, 'City Traffic', 5),
(3, 'Dam Street', 5),
(4, 'Dematagoda', 5),
(5, 'Grandpass', 5),
(6, 'Kahathuduwa', 5),
(7, 'Keselwatta', 5),
(8, 'Kirulapone', 5),
(9, 'Kollupitiya', 5),
(10, 'Kotahena', 5),
(11, 'Maligawatte', 5),
(12, 'Maradana', 5),
(13, 'Mattakkuliya', 5),
(14, 'Mt. Lavinia', 5),
(15, 'Narahenpita', 5),
(16, 'Nawagamuwa', 5),
(17, 'Slave Island', 5),
(19, 'Jaffna', 9),
(20, 'Kayts', 9),
(21, 'Chavakachcheri ', 9),
(22, 'Chunnakam', 9),
(23, 'Manipay', 9),
(24, 'Kopay', 9),
(25, 'Kodikamam', 9),
(26, 'Vaddukoddai', 9),
(27, 'Delft', 9),
(28, 'Kilinochchi', 13),
(30, 'Poonakary', 13),
(31, 'Palai', 13),
(32, 'Mulankavil', 13),
(33, 'Naachchikkuda', 13),
(34, 'Tharmapuram', 13),
(35, 'Ramanathapuram', 13),
(36, 'Akkarayankulam', 13),
(37, 'Mannar', 15),
(38, 'Silawathura', 15),
(39, 'Iluppakadawai', 15),
(40, 'Wedithalathiu', 15),
(41, 'Thalaimannar', 15),
(42, 'Murunkan', 15),
(43, 'Madu', 15),
(44, 'Wankala', 15),
(45, 'Pesale', 15),
(46, 'Mankulam', 19),
(47, ' Mullativu', 19),
(48, ' Pudukuduiruppu', 19),
(49, ' Muliyaweli', 19),
(50, ' Oddusudan', 19),
(51, ' Welioya', 19),
(52, ' Mallavi', 19),
(53, 'Kanagarayankulam', 25),
(54, 'Vavuniya', 25),
(55, 'Irattaperiyakulam', 25),
(56, 'Nedumkenrni', 25),
(57, 'Chettikulam', 25),
(58, 'Omantha', 25),
(59, 'Puliyankulam', 25),
(60, 'Parayanakulam', 25),
(61, 'Ulukkulam', 25),
(62, 'Ma-Maduwa', 25),
(63, 'Puwarasamkulam', 25),
(64, 'Echchanmkulam', 25),
(65, 'Bogaswewa', 25),
(66, 'Trincomalee', 24),
(68, 'Chinabay', 24),
(69, 'Kuchchaweli', 24),
(70, 'Uppuweli', 24),
(71, 'Pulmudai', 24),
(72, 'Sripura', 24),
(73, 'Nilawely', 24),
(74, 'Mutur', 24),
(75, 'Sampoor', 24),
(76, 'Kinniya', 24),
(77, 'Kantale', 24),
(78, 'Agbopura', 24),
(79, 'Thambalagamuva', 24),
(80, 'Serunuwara', 24),
(81, 'Suriyapura', 24),
(82, 'Wan Ela', 24),
(83, 'Morawewa', 24),
(84, 'Gomarankadawala', 24),
(85, 'Chilaw', 22),
(86, 'Madampe', 22),
(87, 'Marawila', 22),
(88, 'Koswatta', 22),
(89, 'Wennappuwa', 22),
(90, 'Dankotuwa', 22),
(91, 'Arachchikattuwa', 22),
(92, 'Chilaw', 22),
(93, 'Madampe', 22),
(94, 'Marawila', 22),
(95, 'Koswatta', 22),
(96, 'Wennappuwa', 22),
(97, 'Dankotuwa', 22),
(98, 'Arachchikattuwa', 22),
(99, 'Kurunegala', 14),
(100, 'Polgahawela', 14),
(101, 'Alawwa', 14),
(102, 'Pothuhera', 14),
(103, 'Wariyapola', 14),
(104, 'Weerambugedara', 14),
(105, 'Wellawa', 14),
(106, 'Gokarella', 14),
(107, 'Mawathagama', 14),
(108, 'Rideegama', 14),
(109, 'Kumbukgatey', 14),
(110, 'Kuliyapitiya', 14),
(111, 'Narammala', 14),
(112, 'Pannala', 14),
(113, 'Giriulla', 14),
(114, 'Hettipola', 14),
(115, 'Katupotha', 14),
(116, 'Dummalasooriya', 14),
(117, 'Dummalasooriya', 14),
(118, 'Nikaweratiya', 14),
(119, 'Kobeigane', 14),
(120, 'Kotawehera', 14),
(121, 'Rasnayakapura', 14),
(122, 'Maho', 14),
(123, 'Ambanpola', 14),
(124, 'Maho', 14),
(125, 'Polpithigama', 14),
(126, 'Galgamuwa', 14),
(127, 'Meegalewa', 14),
(128, 'Giribawa', 14),
(129, 'Matale', 16),
(130, 'Rattota', 16),
(131, 'Mahawela', 16),
(132, 'Yatawatta', 16),
(133, 'Laggala', 16),
(134, 'Naula', 16),
(135, 'Wilgamuwa', 16),
(136, 'Dambulla', 16),
(137, 'Galewela', 16),
(138, 'Sigiriya', 16),
(139, 'Anuradapura', 2),
(140, 'Hidogama', 2),
(141, 'Udamaluwa', 2),
(142, 'Mihintale', 2),
(143, 'Kekirawa', 2),
(144, 'Thirappone', 2),
(145, 'Eppawala', 2),
(146, 'Galnewa', 2),
(147, 'Galkiriyagama', 2),
(148, 'Kebithigollawa', 2),
(149, 'Medawachchiya', 2),
(150, 'Padaviya', 2),
(151, 'Thambuttegama', 2),
(152, 'Rajanganaya', 2),
(153, 'Nochchiyagama', 2),
(154, 'Thalawa', 2),
(155, 'Horowpathana', 2),
(156, 'Kahatagasdigiliya', 2),
(157, 'Thanthirimalaya', 2),
(158, 'Mahawilachchiya', 2),
(159, 'Galenbidunuwewa', 2),
(160, 'Ipalogama', 2),
(161, 'Parasangaswewa', 2),
(162, 'Moragoda', 2),
(163, 'Kaduruwela', 21),
(164, 'Hingurakgoda', 21),
(165, 'Aralaganvila', 21),
(166, 'Welikanda', 21),
(167, 'Habarana', 21),
(168, 'Bakamuna', 21),
(169, 'Medirigiriya', 21),
(170, 'Pulasthigama', 21),
(171, 'Minneriya', 21),
(172, 'Batticaloa', 4),
(173, 'Vavunathive', 4),
(174, 'Kaththankudi', 4),
(175, 'Eravur', 4),
(176, 'Karadiyanaru', 4),
(177, 'Aiththamalai', 4),
(178, 'Valachchanai', 4),
(179, 'Kalkudah', 4),
(180, 'Wakarai', 4),
(181, 'Kalawanchikudy', 4),
(182, 'Vellavali', 4),
(183, 'Kokkadicholai', 4),
(184, 'Gampaha            ', 7),
(185, 'Minuwangoda           ', 7),
(186, 'Kiridiwela                   ', 7),
(187, 'Dompe', 7),
(188, 'Weeragula', 7),
(189, 'Ganemulla', 7),
(190, 'Welivariya', 7),
(191, 'Nittambuwa', 7),
(192, 'Meerigama', 7),
(193, 'Weeyangoda', 7),
(194, 'Peliyagoda', 7),
(195, 'Kadana', 7),
(196, 'Ja-Ela', 7),
(197, 'Ragama', 7),
(198, 'Negambo', 7),
(199, 'Divulapitiya', 7),
(200, 'Pamunugama', 7),
(201, 'Kotadeniyawa', 7),
(202, 'Katunayaka', 7),
(203, 'Seeduwa', 7),
(204, 'Kochchikade', 7),
(205, 'Raddolugama', 7),
(206, 'Biyagama', 7),
(207, 'Meegahawatta', 7),
(208, 'Sapugaskanda', 7),
(209, 'Mahara', 7),
(210, 'Ekala', 7),
(211, 'Welisara', 7),
(212, 'Kiribathgoda', 7),
(213, 'Kadawatha', 7),
(214, 'Pugoda', 7),
(215, 'Kelaniya', 7),
(216, 'Negombo', 7),
(217, 'Bulathkohupitiya', 12),
(218, 'Aranayake', 12),
(219, 'Mawenella', 12),
(220, 'Rambukkana', 12),
(221, 'Warakapola', 12),
(222, 'Pindeniya', 12),
(223, 'Yatiyanthota', 12),
(224, 'Deraniyagala', 12),
(225, 'Kithulgala', 12),
(226, 'Hemmathagama', 12),
(227, 'Alawathugoda', 11),
(228, 'Ankumbura', 11),
(229, 'Balangoda', 11),
(230, 'Dalada Maligawa', 11),
(231, 'Daulagala', 11),
(232, 'Galagedara', 11),
(233, 'Hanguranketha', 11),
(234, 'Hasalaka', 11),
(235, 'Hatharaliyadda', 11),
(236, 'Kadugannawa', 11),
(237, 'Kandy', 11),
(238, 'Katugasthota', 11),
(239, 'Menikhinna', 11),
(240, 'Panwila', 11),
(241, 'Peradeniya', 11),
(242, 'Rangala', 11),
(243, 'Teldeniya', 11),
(244, 'Thalatuoya', 11),
(245, 'Udadumbara', 11),
(246, 'Wattegama', 11),
(247, 'Badulla', 3),
(248, 'Passara', 3),
(249, 'Madolseema', 3),
(250, 'Lunugala', 3),
(251, 'Mahiyangane', 3),
(252, 'Giradurukotte', 3),
(253, 'Kandaketiya', 3),
(254, 'Haliela', 3),
(255, 'Redeemaliyadda / (Kanugolla)', 3),
(256, 'Bandarawela', 3),
(257, 'Ella', 3),
(258, 'Welimada', 3),
(259, 'Uvaparanagama', 3),
(260, 'Etempitiya', 3),
(261, 'Haputale', 3),
(262, 'Diyathalawa', 3),
(263, 'Koslanda', 3),
(264, 'HQI/Ampara', 1),
(265, 'Damana', 1),
(266, 'Inginiyagala', 1),
(268, 'Uhana', 1),
(269, 'Bakkiella', 1),
(270, 'Mangalagama', 1),
(271, 'Mahaoya', 1),
(272, 'Mahaoya ', 1),
(273, 'Dehiaththakandiya', 1),
(274, 'Padiyathalawa', 1),
(275, 'Kalmuna', 1),
(276, 'HQI/Kalmuna', 1),
(277, 'Sammanthura', 1),
(278, 'Chawalakade', 1),
(279, 'Akkaraipatthuwa/Pottuvil', 1),
(280, 'Akkaraipatthuwa', 1),
(281, 'Thirukkovil ', 1),
(282, 'Pottuvil', 1),
(283, 'Panama', 1),
(284, 'Nuwara Eliya', 20),
(285, 'Nanuoya', 20),
(286, 'Kandapola', 20),
(287, 'Thalawakale', 20),
(288, 'Agarapathana', 20),
(289, 'Lindula', 20),
(290, 'Dimbulapathana', 20),
(291, 'Dayagama', 20),
(292, 'OIC Division', 20),
(293, 'Ginigathhena', 20),
(294, 'Norton Bridge', 20),
(295, 'Watawala', 20),
(296, 'Hatton', 20),
(297, 'Maskeliya', 20),
(298, 'Bogawanthalawa', 20),
(299, 'Nallathanniya', 20),
(300, 'Norwood', 20),
(301, 'Kothmale Police', 20),
(302, 'Punduloya Police', 20),
(303, 'Hanguranketha ', 20),
(304, 'Mathurata', 20),
(305, 'Mandaramnuwara ', 20),
(306, 'Name/Location', 20),
(307, 'Walapane', 20),
(308, 'Ragala', 20),
(309, 'Udapussellawa', 20),
(310, 'Mathurata', 20),
(311, 'Teripaha', 20),
(312, 'Kalutara South', 10),
(313, 'Kalutara North', 10),
(314, 'Payagala', 10),
(315, 'Dodangoda', 10),
(316, 'Aluthgama', 10),
(317, 'Welipanna', 10),
(318, 'Beruwala', 10),
(319, 'Mathugama', 10),
(320, 'Bulathsinhala', 10),
(321, 'Thebuwana', 10),
(322, 'Baduraliya', 10),
(323, 'Meegahathenna', 10),
(324, 'Thiniyawala', 10),
(325, 'Ratnapura', 23),
(326, 'Wewalwatta', 23),
(327, 'Balangoda', 23),
(328, 'Opanayaka', 23),
(329, 'Kaltota', 23),
(330, 'Weligepola', 23),
(331, 'Kahawatta', 23),
(332, 'Rakwana', 23),
(333, 'Godakawela', 23),
(334, 'Ayagama', 23),
(335, 'Kalawana', 23),
(336, 'Nivithigala', 23),
(337, 'Kuruwita', 23),
(338, 'Ehaliyagoda', 23),
(339, 'Kiriella', 23),
(340, 'Embilipitiya', 23),
(341, 'Kuttigala', 23),
(342, 'Kolonna', 23),
(343, 'Panamure', 23),
(344, 'Udawalawa', 23),
(345, 'Pinnawala', 23),
(346, 'Siripagama', 23),
(347, 'Pelmadulla', 23),
(348, 'Monaragala', 18),
(349, 'Siyambalanduwa', 18),
(350, 'Dambagalla', 18),
(351, 'Athimale', 18),
(352, 'Bibila', 18),
(353, 'Medagama', 18),
(354, 'Buttala', 18),
(355, 'Badalkumbura', 18),
(356, 'Gonaganara', 18),
(357, 'wellawaya', 18),
(358, 'Sewanagala', 18),
(359, 'Thanamalwila', 18),
(360, 'Hambegamuwa', 18),
(361, 'Mahakalugolla', 18),
(362, 'Kudaoya', 18),
(363, 'Okkampitiya', 18),
(364, 'Karandugala', 18),
(365, '14 Miles (Govindapura)', 18),
(366, 'Galle ', 6),
(367, 'Elpitiya', 6),
(368, 'Kosgoda  ', 6),
(369, 'Ambalangoda', 6),
(370, 'Ahangama', 6),
(371, 'Ahungalla', 6),
(372, 'Hikkaduwa', 6),
(373, 'Habaraduwa', 6),
(374, 'Baddegama', 6),
(375, 'Akmeemana', 6),
(376, 'Karandeniya', 6),
(377, 'Hiniduma', 6),
(378, 'Udugama', 6),
(379, 'Wanduramba', 6),
(380, 'Yakkalamulla', 6),
(381, 'Poddala', 6),
(382, 'Rathgama', 6),
(383, 'Ahangama  ', 6),
(384, 'Benthota', 6),
(385, 'Neluwa', 6),
(386, 'Nagoda ', 6),
(387, 'Matara', 17),
(388, 'Gandara', 17),
(389, 'Dikwella', 17),
(390, 'Thihagoda', 17),
(391, 'Kamburupitiya', 17),
(392, 'Hakmana', 17),
(393, 'Morawaka', 17),
(394, 'Urubokka', 17),
(395, 'Mawarala', 17),
(396, 'Deniyaya', 17),
(397, 'Weligama', 17),
(398, 'Akuressa', 17),
(399, 'Kananke', 17),
(400, 'Pitabeddara', 17),
(401, 'Kotawila', 17),
(402, 'Kosmodara', 17),
(403, 'Malimbada', 17),
(404, 'Rotumba', 17),
(405, 'Deyyandara', 17),
(406, 'Hambantota', 8),
(407, 'Katuwana', 8),
(408, 'Angunukolapalassa', 8),
(409, 'Hungama', 8),
(410, 'Ambalantota', 8),
(411, 'Sooriyawewa', 8),
(412, 'Lunugamwehera', 8),
(413, 'Tissamaharama', 8),
(414, 'Weeraketiya', 8),
(415, 'Tangalle', 8),
(416, 'Special Task Force - Sooriyawewa', 8);

-- --------------------------------------------------------

--
-- Table structure for table `polonnaruwa`
--

CREATE TABLE `polonnaruwa` (
  `gncode` int(3) NOT NULL,
  `gnname` varchar(20) DEFAULT NULL,
  `divsec` int(1) DEFAULT NULL
) ENGINE=InnoDB DEFAULT CHARSET=utf8;

--
-- Dumping data for table `polonnaruwa`
--

INSERT INTO `polonnaruwa` (`gncode`, `gnname`, `divsec`) VALUES
(1, 'සිංහගම', 1),
(2, 'ගල්ඔය', 1),
(3, 'රොටවැව', 1),
(4, 'රත්මලේ', 1),
(5, 'පලුවද්දන', 1),
(6, 'යෝධඇල', 1),
(7, 'යටියල්පතාන', 1),
(8, 'රන්කොත්ගම', 1),
(9, 'සිරිකෙත', 1),
(10, 'කුමාරගම', 1),
(11, 'සාමපුර', 1),
(12, 'කිඹුලාවල', 1),
(13, 'උල්පත්වැව', 1),
(14, 'මිනිහිරිගම', 1),
(15, 'මොරගස්වැව', 1),
(16, 'මහසෙන්ගම', 1),
(17, 'බත්ගම්පත්තුව', 1),
(18, 'සමගිපුර', 1),
(19, 'මින්නේරිය', 1),
(20, 'පාසියාවැව', 1),
(21, 'අක්කර 70', 1),
(22, 'ආර්. බී. 01', 1),
(23, 'පුලතිසිගම', 1),
(24, 'උල්කටුපොත', 1),
(25, 'බෝපුර', 1),
(26, 'ජයපුර', 1),
(27, 'හිඟුරක බංඩාරගම', 1),
(28, 'හිගුරක', 1),
(29, 'හතමුණ', 1),
(30, 'හිඟුරක්ගොඩ', 1),
(31, 'බුබුල', 1),
(32, 'රජඇල', 1),
(33, 'රජඇල ගම', 1),
(34, 'මුවන්පැලැස්ස', 1),
(35, 'සී.පී. පුර', 1),
(36, 'ගිරිතලේ', 1),
(37, 'ගිරිතලේ පුරන්ගම', 1),
(38, 'ගිරිතලේ කොලනි', 1),
(39, 'හේන්කොළ වෙල', 1),
(40, 'ජයන්තිපුර', 1),
(41, 'උණගලා වෙහෙර බටහිර', 1),
(42, 'උණගලා වෙහෙර නැගෙනහිර', 1),
(43, 'චන්දන පොකුණ', 1),
(44, 'නාගපොකුණ', 1),
(45, 'යාය 12 පෙදෙස', 1),
(46, 'චේතියගිරිගම', 1),
(47, 'වීරගම', 1),
(48, 'යාය 05 පෙදෙස', 1),
(49, 'විජයරාජවැව', 1),
(50, 'අග්බෝපුර', 1),
(51, 'කටුකැලියාව', 1),
(52, 'සුදුකකන්ද-නිකවැව', 1),
(53, 'තඹලවැව', 1),
(54, 'වෙඩිකච්චිය', 2),
(55, 'ජයතුගම', 2),
(56, 'එකමුතුගම', 2),
(57, 'මීගස්වැව', 2),
(58, 'පල්ලියාගොඩැල්ල', 2),
(59, 'වඩිගවැව', 2),
(60, 'සෙනරත්පුර', 2),
(61, 'ඇටඹඔය', 2),
(62, 'කවුඩුළු වැව', 2),
(63, 'මැණික් හොරොව්ව', 2),
(64, 'බිසෝ බණ්ඩාර', 2),
(65, 'තිස්සපුර', 2),
(66, 'අභයපුරගම', 2),
(67, 'නව නගරය', 2),
(68, 'දිග්ගල්පුර', 2),
(69, 'වේදේහපුර', 2),
(70, 'බිසෝබණ්ඩාරගම', 2),
(71, 'අඔගස්වැව', 2),
(72, 'ජයගම්පුර', 2),
(73, 'නාගරපුර', 2),
(74, 'කුමුදුපුර', 2),
(75, 'දම්සෝපුර', 2),
(76, 'අළුත්වැව', 2),
(77, 'තලාකොලවැව', 2),
(78, 'ඉහලගම', 2),
(79, 'විජයපුර', 2),
(80, 'බිසෝඋයන', 2),
(81, 'දියසෙන්පුර', 2),
(82, 'ගජබාපුර', 2),
(83, 'කවුඩුළුගම', 2),
(84, 'මණ්ඩලගිරිය', 2),
(85, 'මැදිරිගිරිය', 2),
(86, 'විහාරගම', 2),
(87, 'දිවුලන්කඩවල', 2),
(88, 'නෙළුම්පොකුණ', 2),
(89, 'තිස්ස අමුණ', 2),
(90, 'කුසුම් පොකුණ', 2),
(91, 'විජයරාජපුර', 2),
(92, 'පැරකුම්පුර', 2),
(93, 'කහඹිලියාව', 2),
(94, 'අක්බාර්පුර', 2),
(95, 'සනසුන්ගම', 2),
(96, 'වෙහෙරගල', 2),
(97, 'මහසෙන්පුර', 2),
(98, 'යුධගනාව', 2),
(99, 'වැලිඇල', 3),
(100, 'මහ කිරිමැටිය', 3),
(101, 'බුද්ධයාය', 3),
(102, 'සුන්ගාවිල', 3),
(103, 'ජයබිම', 3),
(104, 'ජයපුර', 3),
(105, 'නෙළුම්පුර', 3),
(106, 'පටුනුගම', 3),
(107, 'මුණිසිරිගම', 3),
(108, 'පන්සල්ගොඩැල්ල', 3),
(109, 'ගල් අමුණ', 3),
(110, 'හිඟුරක්දමන', 3),
(111, 'ගැමුණූපුර', 3),
(112, 'සේනානායකපුර', 3),
(113, 'දෙබරැල්ල', 3),
(114, 'සෝමපුර', 3),
(115, 'අභයපුර', 3),
(116, 'සන්ගබෝධිගම', 3),
(117, 'පුලස්තිගම', 3),
(118, 'කෑගලුගම', 3),
(119, 'තල්පොත', 3),
(120, 'බෞද්ධාර්ථගම', 3),
(121, 'ලංකාපුර', 3),
(122, 'රිෆායිපුර', 3),
(123, 'අල් හිලාල්පුර', 3),
(124, 'තඹාල', 3),
(125, 'ඕනෙගම මුස්ලිම්ගම', 3),
(126, 'වීරපුර', 3),
(127, 'සිංහපුර', 4),
(128, 'කන්දකඩුව', 4),
(129, 'කටුවන්විල බටහිර', 4),
(130, 'කටුවන්විල නැගෙහිර', 4),
(131, 'කුඩාපොකුණ', 4),
(132, 'මුතුවැල්ල', 4),
(133, 'මහින්දාගම', 4),
(134, 'මගුල්පොකුණ', 4),
(135, 'රුහුණුකෙත', 4),
(136, 'මල්විල', 4),
(137, 'සේනපුර', 4),
(138, 'මුතුගල', 4),
(139, 'අලංචිපොතාන', 4),
(140, 'මදුරංගල', 4),
(141, 'මල්ලින්ද', 4),
(142, 'සඳුන්පිටිය', 4),
(143, 'සූසිරිගම', 4),
(144, 'මොණරතැන්න', 4),
(145, 'වැලිකන්ද', 4),
(146, 'කඩවතමඩුව', 4),
(147, 'බෝඅත්ත', 4),
(148, 'මැණික්වෙල', 4),
(149, 'සෙවනපිටිය', 4),
(150, 'මහවැව', 4),
(151, 'කරපොල', 4),
(152, 'ගිනිදමන', 4),
(153, 'බොරවැව', 4),
(154, 'නෙළුම්වැව', 4),
(155, 'රිදීපොකුණ', 4),
(156, 'අලුත්වැව', 4),
(157, 'මනම්පිටිය', 5),
(158, 'මනම්පිටිය නැගෙනහිර', 5),
(159, 'දළුකාන', 5),
(160, 'කුඩාවැව', 5),
(161, 'මැදගම', 5),
(162, 'ජයපුර', 5),
(163, 'විජයබාපුර', 5),
(164, 'වෙහෙරගම', 5),
(165, 'මිල්ලාන', 5),
(166, 'දිඹුලාගල', 5),
(167, 'යක්කුරේ', 5),
(168, 'දමනෙවැව', 5),
(169, 'පිහිටිවැව', 5),
(170, 'පහළ යක්උරේ', 5),
(171, 'මගුල්දමන', 5),
(172, 'පැලටියාව', 5),
(173, 'මහඋල්පත', 5),
(174, 'බෝගස්වැව', 5),
(175, 'රත්මල්තැන්න', 5),
(176, 'යාය 05 අරලගංවිල', 5),
(177, 'ගොමතියාය', 5),
(178, 'අරුණපුර', 5),
(179, 'අරලගංල', 5),
(180, 'අරලගංවිල බටහිර', 5),
(181, 'වීරාන', 5),
(182, 'බිම්පොකුණ', 5),
(183, 'පහල ඇල්‍‍‍‍ලේවැව', 5),
(184, 'කළුකැලේ', 5),
(185, 'නවගහඇල', 5),
(186, 'නුවරගල', 5),
(187, 'බඳනාගල', 5),
(188, 'ඇල්ලේවැව', 5),
(189, 'ඉහළ ඇල්ලේ වැව', 5),
(190, 'මහදමන', 5),
(191, 'පිඹුරත්වැව බටහිර', 5),
(192, 'දිවුල්දමන', 5),
(193, 'නිදන්වල', 5),
(194, 'ඉහළවැව', 5),
(195, 'පිඹුරත්තෑව නැගෙනහිර', 5),
(196, 'අලුත්ඔය', 5),
(197, 'වෙහෙ‍රගල', 5),
(198, 'වරාපිටිය', 5),
(199, 'ගල් එළිය', 5),
(200, 'වීරලන්ද', 5),
(201, 'සඳගලතැන්න', 5),
(202, 'උල්පත්වැව', 5),
(203, 'අලවාකුඹුර', 5),
(204, 'කන්දෙගම', 5),
(205, 'කනිච්චගල', 5),
(206, 'කැකුලුවෙල', 5),
(207, 'මල්දෙනිය', 5),
(208, 'මීවත්පුර', 5),
(209, 'රන්කෙත්ගම', 5),
(210, 'මුදුන්ගම', 5),
(211, 'සිරිපුර', 5),
(212, 'සැලසුම්ගම', 5),
(213, 'ශාන්තිපුර', 6),
(214, 'සිංහ පුර', 6),
(215, 'විජයබාහු පුර', 6),
(216, 'උනගලාවෙහෙර දකුණ', 6),
(217, 'ලක්ෂ උයන', 6),
(218, 'සේවාගම', 6),
(219, 'වීවත්තැන්න', 6),
(220, 'මොණරතැන්න', 6),
(221, 'දමන ගැමුණුපුර', 6),
(222, 'කාලිංග ඇල', 6),
(223, 'ඕනෑගම', 6),
(224, 'සිංහරාජපුර', 6),
(225, 'පුදූර්', 6),
(226, 'මැදම්‍ළුව', 6),
(227, 'විජයරාජ පුර', 6),
(228, 'පලුගස්දමන 03 ඇල', 6),
(229, 'පලුගස්දමන 02 ඇල', 6),
(230, 'පලුගස්දමන 01 ඇල', 6),
(231, 'පලුගස්දමන දකුණ', 6),
(232, 'පලුගස්දමන උතුර', 6),
(233, 'නිශ්ශංකමුල්ලපුර', 6),
(234, 'ඇතුමල්පිටිය', 6),
(235, 'නිකවැව', 6),
(236, 'කඩවලවැව', 6),
(237, 'සමුද්‍රගම', 6),
(238, 'සිරිසන්ගබෝ පෙදෙස', 6),
(239, 'බැදිවැව', 6),
(240, 'ගල්තඹරාව', 6),
(241, 'කුරුප්පු හන්දිය', 6),
(242, 'මහසෙන් පෙදෙස', 6),
(243, 'කදුරුවෙල බටහිර', 6),
(244, 'කදුරුවෙල නැගෙනහිර', 6),
(245, 'දිවුලාන', 6),
(246, 'ගල්ලෑල්ල', 6),
(247, 'මනික්කම්පට්ටිය', 6),
(248, 'ගල්ලෑල්ල බටහිර', 6),
(249, 'නෙළුම්විල', 6),
(250, 'කදුරුවෙල දකුණ', 6),
(251, 'පැරකුම් පෙදෙස', 6),
(252, 'වීර පෙදෙස', 6),
(253, 'පුලතිසි පෙදෙස', 6),
(254, 'පොලොන්නරුව නගරය', 6),
(255, 'තෝපාවැව', 6),
(256, 'සිංහ උදාගම', 6),
(257, 'පොත්ගුල් පෙදෙස', 6),
(258, 'උඩවෙල', 6),
(259, 'ගනන්ගොල්ල', 6),
(260, 'නිශ්ශංකමල්ල පෙදෙස', 6),
(261, 'මහවැලි පෙදෙස', 6),
(262, 'කොටලිය', 6),
(263, 'අලුත් වැව නැගෙනහිර', 6),
(264, 'අලුත් වැව බටහිර', 6),
(265, 'පරාක්‍රමසමුද්‍රය', 6),
(266, 'අඔන්ගග', 6),
(267, 'කලහගල', 6),
(268, 'ඉහකුළුවැව', 7),
(269, 'කටුකැලියාව', 7),
(270, 'දියබෙදුම', 7),
(271, 'කොඳුරුවාව', 7),
(272, 'අත්තනකඩවල බටහිර', 7),
(273, 'රදවිගේඔය', 7),
(274, 'මඩුදමන', 7),
(275, 'අත්තනකඩවල උතුර', 7),
(276, 'අත්තනකඩවල දකුණ', 7),
(277, 'ඉකිරිවැව', 7),
(278, 'කහටගහපිටිය', 7),
(279, 'නිකපිටිය', 7),
(280, 'සරුබිම', 7),
(281, 'සෑගල', 7),
(282, 'කෝට්ටපිටිය දකුණ', 7),
(283, 'සොමියල්ස්', 7),
(284, 'ගඟේයාය', 7),
(285, 'කෝට්ටපිටිය උතුර', 7),
(286, 'දමනයාය', 7),
(287, 'ඇලහැර', 7),
(288, 'හීරටිය', 7),
(289, 'බකමූණ', 7),
(290, 'සිරිකඳුයාය', 7),
(291, 'අත්තරගල්ලෑව', 7),
(292, 'මළුවේයාය', 7),
(293, 'ඔරුබැඳි සියඔලාව', 7),
(294, 'කුමාර ඇල්ල', 7),
(295, 'කිරිඔය', 7);

-- --------------------------------------------------------

--
-- Table structure for table `product`
--

CREATE TABLE `product` (
  `pid` int(11) NOT NULL,
  `quarryid` int(11) DEFAULT NULL,
  `six_four` varchar(15) NOT NULL,
  `six_nine` varchar(10) NOT NULL,
  `two` varchar(10) NOT NULL,
  `one_and_half` varchar(10) NOT NULL,
  `one` varchar(10) NOT NULL,
  `three_quarter` varchar(10) NOT NULL,
  `half` varchar(10) NOT NULL,
  `stone_cube` varchar(10) NOT NULL,
  `aplicant_id` int(10) NOT NULL,
  `district` varchar(50) NOT NULL
) ENGINE=InnoDB DEFAULT CHARSET=utf8mb4;

--
-- Dumping data for table `product`
--

INSERT INTO `product` (`pid`, `quarryid`, `six_four`, `six_nine`, `two`, `one_and_half`, `one`, `three_quarter`, `half`, `stone_cube`, `aplicant_id`, `district`) VALUES
(39, 126, '', '', '', '', '', '', '', '', 92, 'Matale'),
(40, 127, '', '', '', '', '', '', '', '', 94, 'Matale'),
(41, 128, '', '', '', '', '', '', '', '', 96, 'Matale');

-- --------------------------------------------------------

--
-- Table structure for table `puttalam`
--

CREATE TABLE `puttalam` (
  `gncode` int(3) NOT NULL,
  `gnname` varchar(22) DEFAULT NULL,
  `divsec` int(2) DEFAULT NULL
) ENGINE=InnoDB DEFAULT CHARSET=utf8;

--
-- Dumping data for table `puttalam`
--

INSERT INTO `puttalam` (`gncode`, `gnname`, `divsec`) VALUES
(1, 'ඩච්බේ', 1),
(2, 'පල්ලියවත්ත', 1),
(3, 'ආනවාසල', 1),
(4, 'සින්නකුඩිරිප්පුව', 1),
(5, 'වන්නි මුන්දලම', 1),
(6, 'මන්ඩලකුඩාව', 1),
(7, 'පෙරියකුඩිරිප්පුව', 1),
(8, 'පුදුකුඩිරිප්පුව', 1),
(9, 'කන්දකුලිය කුඩාව', 1),
(10, 'කූරිඤ්ඤන්පිටිය උතුර', 1),
(11, 'කූරිඤ්ඤන්පිටිය දකුණ', 1),
(12, 'කන්දකුලිය', 1),
(13, 'පල්ලිවාසල්තුරේ', 1),
(14, 'මුසල්පිටිය', 1),
(15, 'මුදලප්පාලිය', 1),
(16, 'තලවිල නැගෙනහිර', 1),
(17, 'තලවිල බටහිර', 1),
(18, 'පාලකුඩාව', 1),
(19, 'තිගලි', 1),
(20, 'එත්තාල', 1),
(21, 'ආන්ඩන්කන්නිය', 1),
(22, 'ආලංකුඩාව', 1),
(23, 'නොරොච්චෝල', 1),
(24, 'පනියඩිය', 1),
(25, 'නාරක්කල්ලිය', 1),
(26, 'මාම්පුරිය', 1),
(27, 'නාවක්කාඩුව', 1),
(28, 'නිර්මලපුර', 1),
(29, 'දළුව', 1),
(30, 'තේතාපොල', 1),
(31, 'කරඹ', 1),
(32, 'පුක්කුලම', 2),
(33, 'රාල්මඩුව', 2),
(34, 'පරණ එළුවන්කුලම', 2),
(35, 'අළුත් එළුවන්කුලම', 2),
(36, 'සේරක්කුලිය', 2),
(37, 'කරතිව් උතුර', 2),
(38, 'කරතිව් දකුණ', 2),
(39, 'මංගලපුර', 2),
(40, 'බණ්ඩාරනායකපුර', 2),
(41, 'වනාතවිල්ලුව උතුර', 2),
(42, 'වනාතවිල්ලුව දකුණ', 2),
(43, 'විජයපුර බටහිර', 2),
(44, 'විජයපුර නැගෙනහිර', 2),
(45, 'කරඩිපුවල්', 2),
(46, 'සමගිපුර', 2),
(47, 'වට්ටකන්ඩල්', 2),
(48, 'මයිලන්කුලම', 2),
(49, 'පහල පුලියන්කුලම', 3),
(50, 'මුණමල්ගස්වැව', 3),
(51, 'සාලියවැව ඒ', 3),
(52, 'රණවරාපිටිය', 3),
(53, 'සාලියවැව - C', 3),
(54, 'සාලියවැව - B', 3),
(55, 'පළුගස්සේගම', 3),
(56, 'ඉහල පුලියන්කුලම', 3),
(57, 'තම්බපණ්ණිය', 3),
(58, 'මැදගම', 3),
(59, 'අලුත්ගම', 3),
(60, 'වීරපුර', 3),
(61, 'දංගස්වැව', 3),
(62, 'ඉපලෝගම', 3),
(63, 'කුඹුක්වැව', 3),
(64, 'රඹාවැව', 3),
(65, 'පහරිය', 3),
(66, 'මුරුක්කුවටවන', 3),
(67, 'තබ්බෝව දකුණ', 3),
(68, 'තබ්බෝව උතුර', 3),
(69, 'තේවනුවර', 3),
(70, 'පාවට්ටාමඩුව', 3),
(71, 'කරුවලගස්වැව', 3),
(72, 'කුඩාමැදවච්චිය', 3),
(73, 'පලීගම', 3),
(74, 'එගොඩපිටිය', 3),
(75, 'මහමැද්දාව', 4),
(76, 'මොරගහවැව', 4),
(77, 'මහඅන්දරවැව', 4),
(78, 'කිරිමැටියාව', 4),
(79, 'මියැල්ලෑව', 4),
(80, 'තම්මැන්නාවැටිය', 4),
(81, 'සමෘද්ධිගම', 4),
(82, 'අමුණුවැව', 4),
(83, 'කුරුළුවැව', 4),
(84, 'තරණගහවැව', 4),
(85, 'කැලේවැව', 4),
(86, 'වෙලේවැව උතුර', 4),
(87, 'මුල්ලේගම', 4),
(88, 'වෙලේවැව දකුණ', 4),
(89, 'ගෙදරවැව', 4),
(90, 'රඹකනයාගම', 4),
(91, 'ඉඟිනිමිටිය නැගෙනහිර', 4),
(92, 'ඉඟිනිමිටිය බටහිර', 4),
(93, 'කෝන්කඩවල', 4),
(94, 'මනල්තීවු', 5),
(95, 'සිරම්බිඅඩිය', 5),
(96, 'සෙල්ල කන්දල්', 5),
(97, 'නෙළුම්වැව', 5),
(98, 'මරික්කාර් වීදිය', 5),
(99, 'මුල්ලිපුරම්', 5),
(100, 'පුදුකුඩියිරිප්පුව', 5),
(101, 'පුත්තලම නැගෙනහිර', 5),
(102, 'සේනකුඩිරිප්පුව', 5),
(103, 'තිල්අඩිය', 5),
(104, 'පුත්තලම දකුණ', 5),
(105, 'පරණ ජුම්මා පල්ලි', 5),
(106, 'පුත්තලම උතුර', 5),
(107, 'පෙරියපල්ලි කුඩිරිප්පුව', 5),
(108, 'රත්මල්යාය', 5),
(109, 'තම්මැන්නාගම', 5),
(110, 'කල්අඩිය', 5),
(111, 'බෝධිරාජපුර', 5),
(112, 'අට්ටවිල්ලුව', 5),
(113, 'පාලාවිය', 5),
(114, 'පොත්තුවිල්ලුව', 5),
(115, 'මධ්‍යම අට්ටවිල්ලුව', 5),
(116, 'පුලදිවයල්', 6),
(117, 'වීරුතෝඩයි', 6),
(118, 'වීරපුර', 6),
(119, 'වේළුසුමනපුර', 6),
(120, 'මදුරන්කුලිය', 6),
(121, 'කනමුල්ල උතුර', 6),
(122, 'කඩයාමොට්ටෙ', 6),
(123, 'නල්ලන්දළුව', 6),
(124, 'පාලසෝල', 6),
(125, 'මුක්කුතොඩුවාව', 6),
(126, 'කන්දතොඩුවාව', 6),
(127, 'කනමුල්ල දකුණ', 6),
(128, 'පුබුදුගම', 6),
(129, 'සමීරගම', 6),
(130, 'පල්ලිවාසල්පාඩුව', 6),
(131, 'පෙරුක්කුවටාන', 6),
(132, 'කොත්තන්තීවු', 6),
(133, 'මංගලඑළිය', 6),
(134, 'නවදන්කුලම', 6),
(135, 'මුන්දලම', 6),
(136, 'කුඩිරිප්පුව', 6),
(137, 'කට්ටකාඩුව', 6),
(138, 'සින්නපාඩුව', 6),
(139, 'පූනපිටිය', 6),
(140, 'ආඩිමුනේ', 6),
(141, 'උඩප්පුව', 6),
(142, 'උඩප්පුව', 6),
(143, 'පුලිච්චාකුලම', 6),
(144, 'කරතන්විල්ලුව', 6),
(145, 'තාරකුඩිවිල්ලුව', 6),
(146, 'අඟුණවිල', 6),
(147, 'කිවුල 04-2', 7),
(148, 'දංගහවෙල', 7),
(149, 'කිවුල 04-1', 7),
(150, 'කිවුල තරුණ ව්‍යාපාරය', 7),
(151, 'කිවුල 01', 7),
(152, 'කිවුල ගොඩ ගොවි ජනපදය', 7),
(153, 'රත්මල්ගස්වැව', 7),
(154, 'දංගස්වැව', 7),
(155, 'කවයන්කුලම', 7),
(156, 'ජයරාජපුරය', 7),
(157, 'කරුවලබැද්ද', 7),
(158, 'මහකුඹුක්කඩවල', 7),
(159, 'සෙමුබුකුලිය', 7),
(160, 'වල්පාලුව', 7),
(161, 'කාකුපාඩියාව', 7),
(162, 'පුනවිටිය', 7),
(163, 'ගරායක්ගම', 7),
(164, 'දළුවේගම', 7),
(165, 'මොහොරිය', 7),
(166, 'බරණන්කට්ටුව', 7),
(167, 'කරුන්ගාලිචෝලේ', 7),
(168, 'මහසෙම්බුකුලිය', 7),
(169, 'බටහිර ගල්කුලිය', 7),
(170, 'නැගෙනහිර ගල්කුලිය', 7),
(171, 'ආඩිගම', 7),
(172, 'කොට්ටුකච්චිය ජනපදය 2', 8),
(173, 'කොට්ටුකච්චිය ජනපදය 1', 8),
(174, 'මැල්ලන්කුලම', 8),
(175, 'කොට්ටුකච්චිය', 8),
(176, 'පාලියාගම', 8),
(177, 'ඌරියාව', 8),
(178, 'කොයිලඩිගම', 8),
(179, '7 ගම්මානය', 8),
(180, 'මහ උස්වැව දකුණ', 8),
(181, 'මහ උස්වැව උතුර', 8),
(182, 'අලංකුලම', 8),
(183, 'මැරුංගොඩ', 8),
(184, 'ලබුගල', 8),
(185, 'කරබෑව', 8),
(186, 'තල්ගස්වැව', 8),
(187, 'පෙරියකුලම', 8),
(188, 'ප‍රමාකන්දගම', 8),
(189, 'තෝනිගල', 8),
(190, 'වඩත්ත', 8),
(191, 'විහාරගම', 8),
(192, 'සියඹලාගස්හේන', 8),
(193, 'තට්ටෑව', 8),
(194, 'තම්මැන්නාගම', 8),
(195, 'බමන්නේගම', 8),
(196, 'කොතලකෙමියාව', 8),
(197, 'ගල්ලෑව', 8),
(198, 'තලාකොළවැව', 8),
(199, 'ආනමඩුව', 8),
(200, 'පෙරමාකුත්තුව', 8),
(201, 'දිවුල්වැව', 8),
(202, 'වඩිගමංගාව', 8),
(203, 'ධර්මපාලය', 8),
(204, 'උප්පලවත්ත', 8),
(205, 'සංගට්ටිකුලම', 8),
(206, 'මුදලක්කුලිය', 8),
(207, 'දේවාල හන්දිය', 9),
(208, 'නැගෙනහිර විල්පත', 9),
(209, 'සියඹලාගස්වැව', 9),
(210, 'නාගවිල', 9),
(211, 'පෙරියමඩුව', 9),
(212, 'කම්මන්අළුව', 9),
(213, 'බටහිර විල්පත', 9),
(214, 'තාමරක්කුලම', 9),
(215, 'සේරුකැලේ', 9),
(216, 'කටුපොත', 9),
(217, 'මදවක්කුලම', 9),
(218, 'වැටිය', 9),
(219, 'නන්දිමිත්‍රපුර', 9),
(220, 'වෙන්දකඩුව', 9),
(221, 'පල්ලම', 9),
(222, 'වතුපොල', 9),
(223, 'පුලියන්කුලම', 9),
(224, 'තම්මන', 9),
(225, 'බත්තලුඔය', 10),
(226, 'මහමාඑලිය', 10),
(227, 'බුරුතකැලේ', 10),
(228, 'විජයකටුපොත ඇලෙන් මෙගොඩ', 10),
(229, 'පහල අත්තන්ගනය', 10),
(230, 'විජයකටුපොත ඇලෙන් එගොඩ', 10),
(231, 'ආනවිලුන්දාව', 10),
(232, 'සුරුවිල', 10),
(233, 'ඉලක්කට්ටුව', 10),
(234, 'පාන්කුලාව', 10),
(235, 'ඉහල අත්තන්ගනය', 10),
(236, 'අඹකැලේ', 10),
(237, 'වැලිපැලැස්ස', 10),
(238, 'නල්ලදරන්කට්ටුව', 10),
(239, 'කරුක්කුපනේ', 10),
(240, 'වෛරන්කට්ටුව', 10),
(241, 'සෙංගල්ඔය', 10),
(242, 'බටහිර ආරච්චිකට්ටුව', 10),
(243, 'නැගෙනහිර ආරච්චිකට්ටුව', 10),
(244, 'බණ්ඩාරහේන', 10),
(245, 'අඩිප්පල', 10),
(246, 'අන්දනන් කට්ටුව', 10),
(247, 'කුමාරකට්‍ටුව', 10),
(248, 'එලිවිටිය', 10),
(249, 'දිගන්වැව', 10),
(250, 'රාජකදළුව', 10),
(251, 'කුසල', 10),
(252, 'කෝට්ටපිටිය', 10),
(253, 'බංගදෙනිය', 10),
(254, 'වීරකුමන්දලුව', 10),
(255, 'කරුක්කුලිය', 10),
(256, 'මුක්කන්දළුව', 10),
(257, 'දෙමටපිටිය', 10),
(258, 'කුරුසපාඩුව', 11),
(259, 'දැදුරුඔය', 11),
(260, 'බටහිර මානුවන්ගම', 11),
(261, 'නැගෙනහිර මානුවන්ගම', 11),
(262, 'උතුරු නරියාගම', 11),
(263, 'පරප්පන්මුල්ල', 11),
(264, 'වීරපඪීයාන', 11),
(265, 'මහවිලත්තව', 11),
(266, 'කනත්තව', 11),
(267, 'දකුණු නරියාගම', 11),
(268, 'ඌර් උඩයන්දළුව', 11),
(269, 'තිස්සෝගම', 11),
(270, 'තිඹිල්ල', 11),
(271, 'වට්ටක්කල්ලිය', 11),
(272, 'දකුණු වෙරළබඩ', 11),
(273, 'උතුරු වෙරළබඩ', 11),
(274, 'එගොඩවත්ත', 11),
(275, 'අළුත්වත්ත', 11),
(276, 'අළුත්වත්ත', 11),
(277, 'ඉච්චම්පිටිය', 11),
(278, 'මුන්නේශ්වරම්', 11),
(279, 'තිත්තකඩේ', 11),
(280, 'මුගුණුවටවන', 11),
(281, 'කොක්කාවිල', 11),
(282, 'පුලියන්කඩවර', 11),
(283, 'පුංචි විලත්තව', 11),
(284, 'බටහිර කරවිටාගාර', 11),
(285, 'නැගෙනහිර කරවිටාගාර', 11),
(286, 'දඹකැලේ', 11),
(287, 'වීරකැලේවත්ත', 11),
(288, 'කරවිට', 11),
(289, 'නැගෙනහිර මුංගන්දළුව', 11),
(290, 'බටහිර මුංගන්දළුව', 11),
(291, 'ඉලිප්පදෙනිය', 11),
(292, 'සවරාන', 11),
(293, 'මයික්කුලම', 11),
(294, 'නැගෙනහිර පිටිපන', 11),
(295, 'මැල්පුර', 11),
(296, 'උතුරු පිටිපන', 11),
(297, 'දකුණු පිටිපන', 11),
(298, 'වෙරළබඩ', 11),
(299, 'වැලිහේන', 11),
(300, 'මැරවල', 11),
(301, 'ඉනිගොඩවෙල', 11),
(302, 'ඉහල ඕළිදළුව', 11),
(303, 'මරදන්කුලම', 11),
(304, 'ඕලිදළුව', 11),
(305, 'අඹකඳවිල', 11),
(306, 'කාක්කපල්ලිය', 11),
(307, 'අතුවන', 12),
(308, 'මහගම උතුර', 12),
(309, 'මහගම දකුණ', 12),
(310, 'කෝන්ගස්යාය', 12),
(311, 'පොන්නන්කන්නිය', 12),
(312, 'මනක්කුලම', 12),
(313, 'දෙමටපිටිය', 12),
(314, 'තඹගල්ල බටහිර', 12),
(315, 'තඹගල්ල', 12),
(316, 'තඹගල්ලවත්ත', 12),
(317, 'මැදගම', 12),
(318, 'පනිරෙණ්ඩාව', 12),
(319, 'රත්මල් අගාර', 12),
(320, 'රත්නගිරිය', 12),
(321, 'නාන්කඩවර', 12),
(322, 'කුඩාබිංගිරිය', 12),
(323, 'ඉඳිගස්විල', 12),
(324, 'වාලහේන', 12),
(325, 'පම්බල', 12),
(326, 'පම්බල දකුණ', 12),
(327, 'හරින්ද්‍රගම', 12),
(328, 'සෙම්බුකට්ටිය', 12),
(329, 'ඌරලිය', 12),
(330, 'හීන් අගාර', 12),
(331, 'කච්චකඩුව', 12),
(332, 'ගල්මුරුව උතුර', 12),
(333, 'කුඩිරිප්පුව', 12),
(334, 'කරුක්කුවටවන', 12),
(335, 'එරුන්විල', 12),
(336, 'කරුක්කුව', 12),
(337, 'ගලහිටියාව', 12),
(338, 'මරක්කලගම', 12),
(339, 'ඉරට්ටකුලම උතුර', 12),
(340, 'ඉරට්ටකුලම දකුණ', 12),
(341, 'එගොඩයාගම', 12),
(342, 'පට්ටියගම', 12),
(343, 'ඉහලගම', 12),
(344, 'ඌරලියාගාර', 12),
(345, 'මැල්ලවගාර', 12),
(346, 'සුදුවැල්ල', 12),
(347, 'පොතුවිල', 12),
(348, 'පල්ලකැලේ', 12),
(349, 'ගල්මුරුව දකුණ', 12),
(350, 'හේනෙපොළ', 12),
(351, 'මුගුණුවටවන', 12),
(352, 'පුකුලම', 12),
(353, 'නෙළුම්පොකුණ', 12),
(354, 'මහබද්දේගම', 12),
(355, 'තනිවැල්ලගම', 12),
(356, 'බටහිර ඉරණවිල', 13),
(357, 'නැගෙනහිර ඉරණවිල', 13),
(358, 'උතුරු තොඩුවාව', 13),
(359, 'මැද තොඩුවාව', 13),
(360, 'දකුණු තොඩුවාව', 13),
(361, 'මට්ටකොටුව', 13),
(362, 'පහල මහවැව', 13),
(363, 'අඩප්පරගම', 13),
(364, 'ඉහල කුඩාවැව', 13),
(365, 'පුරුදුවැල්ල', 13),
(366, 'ගල්අමුණ', 13),
(367, 'මැද‍ගොඩ', 13),
(368, 'හැවන', 13),
(369, 'යටකලාන', 13),
(370, 'මුට්ටිබැඳිවිල', 13),
(371, 'ඉහල වලහපිටිය', 13),
(372, 'මැද වලහපිටිය', 13),
(373, 'පහල කුඩාවැව', 13),
(374, 'මාලිගාවත්ත', 13),
(375, 'මැද මහවැව', 13),
(376, 'වී හේන', 13),
(377, 'මට්ටකොටවැල්ල', 13),
(378, 'බරුදැල්පොල', 13),
(379, 'ඉහල මහවැව', 13),
(380, 'පහල කොස්වාඩිය', 13),
(381, 'මැද කොස්වාඩිය', 13),
(382, 'ඉහල කොස්වාඩිය', 13),
(383, 'පහල වලහපිටිය', 13),
(384, 'පනන්ගොඩ', 13),
(385, 'සාගරගම', 13),
(386, 'එගොඩගොඩ', 13),
(387, 'පුහුල්හේන', 13),
(388, 'නැගෙනහිර හාල්පන්විල', 13),
(389, 'මැද හත්තිනිය', 13),
(390, 'බටහිර හාල්පන්විල', 13),
(391, 'තල්විල', 13),
(392, 'මෝදරවැල්ල', 13),
(393, 'පහල හත්තිනිය', 13),
(394, 'මාරවිල උතුර', 13),
(395, 'ඉහල හත්තිනිය', 13),
(396, 'මරද උතුර', 13),
(397, 'මරද දකුණ', 13),
(398, 'හොරගොල්ල උතුර', 13),
(399, 'හොරගොල්ල දකුණ', 13),
(400, 'මාරවිල නගරය', 13),
(401, 'මාරවිල දකුණ', 13),
(402, 'මාරවිල වැල්ල', 13),
(403, 'පහළ නාත්තන්ඩිය', 14),
(404, 'මයිලාව', 14),
(405, 'පිලාකටුමුල්ල', 14),
(406, 'දුක්කන්නාව', 14),
(407, 'මානිංගල', 14),
(408, 'සන්දනන්ගම', 14),
(409, 'ඉහළ තබ්බෝව', 14),
(410, 'මැද තබ්බෝව', 14),
(411, 'පහළ තබ්බෝව', 14),
(412, 'නැගෙනහිර වීරහේන', 14),
(413, 'ඉහළ නාත්තන්ඩිය', 14),
(414, 'මැද නාත්තන්ඩිය', 14),
(415, 'බටහිර වීරහේන', 14),
(416, 'මුදුකටුව උතුර', 14),
(417, 'මුදුකටුව දකුණ', 14),
(418, 'මුදුකටුව නැගෙනහිර', 14),
(419, 'පහළ මාවිල', 14),
(420, 'මැද මාවිල', 14),
(421, 'ඉහළ මාවිල', 14),
(422, 'පහළ කොට්‍ටාරමුල්ල', 14),
(423, 'පළුවැල්ගාල උතුර', 14),
(424, 'කච්චිරාව', 14),
(425, 'පළුවැල්ගාල දකුණ', 14),
(426, 'නාරවිල', 14),
(427, 'කුද්දෙටියාව', 14),
(428, 'යක්දෙස්සාව', 14),
(429, 'කොස්වත්ත උතුර', 14),
(430, 'මීගහවෙල', 14),
(431, 'කොස්වත්ත දකුණ', 14),
(432, 'මොරකැලේ දකුණ', 14),
(433, 'මැද කොට්‍ටාරමුල්ල', 14),
(434, 'මොරකැලේ උතුර', 14),
(435, 'ඉහළ කොට්‍ටාරමුල්ල', 14),
(436, 'නැගෙනහිර තුම්මෝදර', 14),
(437, 'බටහිර තුම්මෝදර', 14),
(438, 'නාකැලේ', 14),
(439, 'ඉහළ කටුනේරිය', 14),
(440, 'බුළුගහවැව', 14),
(441, 'නැබඩගහයාය', 14),
(442, 'ලංසිගම', 14),
(443, 'උතුරු පහළ කටුනේරිය', 14),
(444, 'මැද පහළ කටුනේරිය', 14),
(445, 'දකුණු පහළ කටුනේරිය', 14),
(446, 'මැද කටුනේරිය', 14),
(447, 'මීගහවැව', 14),
(448, 'දෙමටපිටිය', 14),
(449, 'ධම්මිකගම', 14),
(450, 'බටහිර කොලින්ජාඩිය', 15),
(451, 'උතුරු කොළින්ජාඩිය', 15),
(452, 'උදාසිරිගම', 15),
(453, 'උතුරු සිරිගම්පල', 15),
(454, 'නැගෙනහිර ලුණුවිල', 15),
(455, 'දකුණ සිරිගම්පල', 15),
(456, 'මැද ලුණුවිල', 15),
(457, 'බටහිර ලුණුවිල', 15),
(458, 'උතුර වෙන්නප්පුව', 15),
(459, 'නැගෙනහිර කොළින්ජාඩිය', 15),
(460, 'දකුණු කොළින්ජාඩිය', 15),
(461, 'බටහිර උල්හිටියාව', 15),
(462, 'උතුරු උල්හිටියාව', 15),
(463, 'මැද උල්හිටියාව', 15),
(464, 'බටහිර වෙන්නප්පුව', 15),
(465, 'මැද වෙන්නප්පුව', 15),
(466, 'නැගෙනහිර වෙන්නප්පුව', 15),
(467, 'දකුණු ලුණුවිල', 15),
(468, 'උතුරු බණ්ඩිරිප්පුව', 15),
(469, 'බටහිර බණ්ඩිරිප්පුව', 15),
(470, 'දකුණු වෙන්නප්පුව', 15),
(471, 'දකුණු උල්හිටියාව', 15),
(472, 'කඩවත', 15),
(473, 'බටහිර දුම්මලදෙනිය', 15),
(474, 'මැද දුම්මලදෙනිය', 15),
(475, 'උතුරු දුම්මලදෙනිය', 15),
(476, 'නැගෙනහිර බණ්ඩිරිප්පුව', 15),
(477, 'නැගෙනහිර දුම්මලදෙනිය', 15),
(478, 'දකුණ දුම්මලදෙනිය', 15),
(479, 'වෙල්ලමංකරය', 15),
(480, 'මැද නයිනමඩම', 15),
(481, 'හණතොටුපල', 15),
(482, 'බටහිර බොරලැස්ස', 15),
(483, 'උතුර බොරලැස්ස', 15),
(484, 'නැගෙනහිර බොරලැස්ස', 15),
(485, 'දකුණ බොරලැස්ස', 15),
(486, 'නයිනමඩම බටහිර', 15),
(487, 'නැගෙනහිර නයිනමඩම', 15),
(488, 'උතුරු මිරිස්සන්කොටුව', 15),
(489, 'දකුණ මිරිස්සන්කොටුව', 15),
(490, 'බෝලවත්ත', 15),
(491, 'රංගම්මුල්ල', 15),
(492, 'කම්මල', 15),
(493, 'නැගෙනහිර අංගම්පිටිය', 15),
(494, 'බටහිර අංගම්පිටිය', 15),
(495, 'අළුත්තොට', 15),
(496, 'සින්දාත්‍රිය', 15),
(497, 'උතුරු වයික්කාල', 15),
(498, 'දකුණ වයික්කාල', 15),
(499, 'බෝලාන', 15),
(500, 'තඹරවිල', 15),
(501, 'තෝප්පුතොට', 15),
(502, 'බෝතලේගම', 16),
(503, 'නැගෙනහිර කිරිමැටියාන', 16),
(504, 'තුලාවල', 16),
(505, 'හුන්දිරාපොල', 16),
(506, 'පොතුවටවන', 16),
(507, 'ලීහිරියාගම', 16),
(508, 'නැගෙනහිර කහටවිල', 16),
(509, 'බටහිර කහටවිල', 16),
(510, 'මැද කිරිමැටියාන', 16),
(511, 'උතුරු කිරිමැටියාන', 16),
(512, 'බටහිර කිරිමැටියාන', 16),
(513, 'දකුණු කිරිමැටියාන', 16),
(514, 'පන්සල් හන්දිය', 16),
(515, 'උතුරු හාල්දඩුවන', 16),
(516, 'මැල්ලව', 16),
(517, 'ඉහල බුජ්ජම්පොල', 16),
(518, 'පහල බුජ්ජම්පොල', 16),
(519, 'බටහිර හාල්දඩුවන', 16),
(520, 'මැද හාල්දඩුවන', 16),
(521, 'නැගෙනහිර කටුකෙන්ද', 16),
(522, 'මැද කටුකෙන්ද', 16),
(523, 'උතුරු ගෝනවිල', 16),
(524, 'මැද ගෝනවිල', 16),
(525, 'බටහිර කටුකෙන්ද', 16),
(526, 'බටහිර දංකොටුව', 16),
(527, 'උතුරු දංකොටුව', 16),
(528, 'ඉහල දුම්මලකොටුව', 16),
(529, 'දකුණු හාල්දඩුවන', 16),
(530, 'පහල මොහොට්ටිමුල්ල', 16),
(531, 'ඉහල මොහොට්ටිමුල්ල', 16),
(532, 'සෙන්දිරියාමුල්ල', 16),
(533, 'සිංගක්කුලිය', 16),
(534, 'කලුවච්චමුල්ල', 16),
(535, 'මොටෑමුල්ල', 16),
(536, 'උතුර ඇටියාවල', 16),
(537, 'පහල දුම්මලකොටුව', 16),
(538, 'නැගෙනහිර දංකොටුව', 16),
(539, 'දකුණු දන්කොටුව', 16),
(540, 'දකුණු ගෝනවිල', 16),
(541, 'ගොඩැල්ල', 16),
(542, 'මෝරුක්කුලිය', 16),
(543, 'මැටිකොටුව', 16),
(544, 'තාමරකුලිය', 16),
(545, 'දකුණු ඇටියාවල', 16),
(546, 'ජංකුරාවෙල', 16),
(547, 'යෝගියාන', 16),
(548, 'දික්වෙල', 16);

-- --------------------------------------------------------

--
-- Table structure for table `quarry`
--

CREATE TABLE `quarry` (
  `quarryid` int(11) NOT NULL,
  `quarryna` varchar(25) CHARACTER SET utf8 COLLATE utf8_bin NOT NULL,
  `quarryvillage` varchar(25) CHARACTER SET utf8 COLLATE utf8_bin NOT NULL,
  `quarryGND` varchar(25) CHARACTER SET utf8 COLLATE utf8_bin NOT NULL,
  `quarrypolice` varchar(25) CHARACTER SET utf8 COLLATE utf8_bin NOT NULL,
  `qyarryroad` varchar(25) CHARACTER SET utf8 COLLATE utf8_bin NOT NULL,
  `starea` varchar(25) CHARACTER SET utf8 COLLATE utf8_bin NOT NULL,
  `height` decimal(11,0) DEFAULT NULL,
  `nature` varchar(11) CHARACTER SET utf8 COLLATE utf8_bin DEFAULT NULL,
  `drillmethod` varchar(30) CHARACTER SET utf8 COLLATE utf8_bin DEFAULT NULL,
  `totemp` int(11) DEFAULT NULL,
  `borano` int(11) DEFAULT NULL,
  `stexpno` int(11) DEFAULT NULL,
  `fillerno` int(11) DEFAULT NULL,
  `epf` varchar(11) CHARACTER SET utf8 COLLATE utf8_bin DEFAULT NULL,
  `fileno` varchar(15) CHARACTER SET utf8 COLLATE utf8_bin NOT NULL,
  `inch3` int(11) DEFAULT NULL,
  `inch5` int(11) DEFAULT NULL,
  `inch8` int(11) DEFAULT NULL,
  `inch10` int(11) DEFAULT NULL,
  `storelocation` varchar(100) CHARACTER SET utf8 COLLATE utf8_bin NOT NULL,
  `storesize` varchar(100) NOT NULL,
  `storestatus` varchar(15) CHARACTER SET utf8 COLLATE utf8_bin NOT NULL,
  `storesecurity` varchar(30) CHARACTER SET utf8 COLLATE utf8_bin NOT NULL,
  `storekeeper` varchar(30) CHARACTER SET utf8 COLLATE utf8_bin NOT NULL,
  `exptranport` varchar(100) CHARACTER SET utf8 COLLATE utf8_bin NOT NULL,
  `contractna` varchar(150) CHARACTER SET utf8 COLLATE utf8_bin NOT NULL,
  `youvehical` varchar(11) CHARACTER SET utf8 COLLATE utf8_bin DEFAULT NULL,
  `vehino` varchar(30) CHARACTER SET utf8 COLLATE utf8_bin NOT NULL,
  `tax` varchar(11) CHARACTER SET utf8 COLLATE utf8_bin DEFAULT NULL,
  `taxfileno` varchar(20) CHARACTER SET utf8 COLLATE utf8_bin NOT NULL,
  `welldia` int(11) DEFAULT NULL,
  `welldepth` int(11) DEFAULT NULL,
  `lastdepth` int(11) DEFAULT NULL,
  `sizeofstone` varchar(25) CHARACTER SET utf8 COLLATE utf8_bin NOT NULL,
  `appdate` date NOT NULL,
  `stdate` timestamp NOT NULL DEFAULT current_timestamp() ON UPDATE current_timestamp(),
  `aplicant_id` int(11) NOT NULL,
  `district` varchar(50) NOT NULL
) ENGINE=InnoDB DEFAULT CHARSET=utf8mb4;

--
-- Dumping data for table `quarry`
--

INSERT INTO `quarry` (`quarryid`, `quarryna`, `quarryvillage`, `quarryGND`, `quarrypolice`, `qyarryroad`, `starea`, `height`, `nature`, `drillmethod`, `totemp`, `borano`, `stexpno`, `fillerno`, `epf`, `fileno`, `inch3`, `inch5`, `inch8`, `inch10`, `storelocation`, `storesize`, `storestatus`, `storesecurity`, `storekeeper`, `exptranport`, `contractna`, `youvehical`, `vehino`, `tax`, `taxfileno`, `welldia`, `welldepth`, `lastdepth`, `sizeofstone`, `appdate`, `stdate`, `aplicant_id`, `district`) VALUES
(126, 'මධුශංක කළුගල්වල', '', '', '', 'මාරක පාර', '8', '80', 'වැලි ගල', '‍යන්ත්‍ර මගින්', 7, 2, 2, 2, 'නැත', '', 0, 0, 20, 0, 'පදිංචි නිවසේ', '5 x 6 x5', 'කොන්ක්‍රීට්', 'බලපත්‍ර ලාභියාගේ විල්ගමුව පොලී', 'විල්ගමුව පොලීසිය භාරයේ', 'අයිතිකරු විසින් ලොරි රථයකින්', '', 'ඔව්', '', 'නැත', '', 0, 0, 0, '', '2022-04-22', '2022-06-08 03:57:24', 92, 'Matale'),
(127, 'මහවෙල වත්ත', '', '', '', 'ගලේවෙල පාර', '', '0', '', '', 0, 0, 0, 0, '', '', 0, 0, 0, 0, 'නිවස', '10,8,5', 'කොන්ක්‍රීට්', 'බලපත්‍ර ලාභියාගේ', 'බලපත්‍ර ලාභියාගේ', 'පුද්ගලික වාහයයකින්', '', '', '', '', '', 0, 0, 0, '', '2022-06-16', '2022-06-16 16:02:53', 94, 'Matale'),
(128, 'අරබේපොල', '', '', '', 'කුරියම්පොල පාර', '4', '0', '', '', 6, 4, 0, 2, 'ඔව්', '', 0, 0, 0, 0, 'නිවස', ' 8 x 8 x 8', 'කොන්ක්‍රීට්', 'බලපත්‍ර ලාභියාගේ', 'බලපත්‍ර ලාභියාගේ', 'පුද්ගලික වාහයයකින්', '', '', '', '', '', 0, 0, 0, '', '2022-06-20', '2022-06-19 17:24:35', 96, 'Matale');

-- --------------------------------------------------------

--
-- Table structure for table `quarryexp`
--

CREATE TABLE `quarryexp` (
  `uid` int(11) NOT NULL,
  `quarryid` int(11) DEFAULT NULL,
  `expna` varchar(50) CHARACTER SET utf8 COLLATE utf8_bin NOT NULL,
  `inch3` decimal(6,2) DEFAULT NULL,
  `inch5` decimal(6,2) DEFAULT NULL,
  `inch8` decimal(6,2) DEFAULT NULL,
  `inch10` decimal(6,2) DEFAULT NULL,
  `stdate` timestamp NOT NULL DEFAULT current_timestamp() ON UPDATE current_timestamp(),
  `aplicant_id` int(11) NOT NULL,
  `district` varchar(50) NOT NULL
) ENGINE=InnoDB DEFAULT CHARSET=utf8mb4;

--
-- Dumping data for table `quarryexp`
--

INSERT INTO `quarryexp` (`uid`, `quarryid`, `expna`, `inch3`, `inch5`, `inch8`, `inch10`, `stdate`, `aplicant_id`, `district`) VALUES
(359, 126, 'ගල් වෙඩි බෙහෙත් (කිලෝ ග්‍රෑම්)', '0.00', '0.00', '0.00', '0.00', '2022-06-08 03:57:24', 92, 'Matale'),
(360, 126, 'සේවා නූල් (මීටර්)', '0.00', '0.00', '3.00', '0.00', '2022-06-08 03:57:24', 92, 'Matale'),
(361, 126, 'වෝටර් ජෙල් (කිලෝ ග්‍රෑම්)', '0.00', '0.00', '1.00', '0.00', '2022-06-08 03:57:24', 92, 'Matale'),
(362, 126, 'සාමාන්‍ය ඩෙටොනේටර් (අංක)', '0.00', '0.00', '1.00', '0.00', '2022-06-08 03:57:24', 92, 'Matale'),
(363, 126, 'ඇමෝනියම් නයිට්‍රේට් (කිලෝ ග්‍රෑම්)', '0.00', '0.00', '1.00', '0.00', '2022-06-08 03:57:24', 92, 'Matale'),
(364, 126, 'විදුලි ඩෙටොනේටර් (අංක)', '0.00', '0.00', '0.00', '0.00', '2022-06-08 03:57:24', 92, 'Matale'),
(365, 127, 'ගල් වෙඩි බෙහෙත් (කිලෝ ග්‍රෑම්)', '0.00', '0.00', '0.00', '0.00', '2022-06-16 16:02:53', 94, 'Matale'),
(366, 127, 'සේවා නූල් (මීටර්)', '0.00', '0.00', '0.00', '0.00', '2022-06-16 16:02:53', 94, 'Matale'),
(367, 127, 'වෝටර් ජෙල් (කිලෝ ග්‍රෑම්)', '0.00', '0.00', '0.00', '0.00', '2022-06-16 16:02:53', 94, 'Matale'),
(368, 127, 'සාමාන්‍ය ඩෙටොනේටර් (අංක)', '0.00', '0.00', '0.00', '0.00', '2022-06-16 16:02:53', 94, 'Matale'),
(369, 127, 'ඇමෝනියම් නයිට්‍රේට් (කිලෝ ග්‍රෑම්)', '0.00', '0.00', '0.00', '0.00', '2022-06-16 16:02:53', 94, 'Matale'),
(370, 127, 'විදුලි ඩෙටොනේටර් (අංක)', '0.00', '0.00', '0.00', '0.00', '2022-06-16 16:02:53', 94, 'Matale'),
(371, 128, 'ගල් වෙඩි බෙහෙත් (කිලෝ ග්‍රෑම්)', '0.00', '0.00', '0.00', '0.00', '2022-06-19 17:24:35', 96, 'Matale'),
(372, 128, 'සේවා නූල් (මීටර්)', '0.00', '0.00', '0.00', '0.00', '2022-06-19 17:24:35', 96, 'Matale'),
(373, 128, 'වෝටර් ජෙල් (කිලෝ ග්‍රෑම්)', '0.00', '0.00', '0.00', '0.00', '2022-06-19 17:24:35', 96, 'Matale'),
(374, 128, 'සාමාන්‍ය ඩෙටොනේටර් (අංක)', '0.00', '0.00', '0.00', '0.00', '2022-06-19 17:24:35', 96, 'Matale'),
(375, 128, 'ඇමෝනියම් නයිට්‍රේට් (කිලෝ ග්‍රෑම්)', '0.00', '0.00', '0.00', '0.00', '2022-06-19 17:24:35', 96, 'Matale'),
(376, 128, 'විදුලි ඩෙටොනේටර් (අංක)', '0.00', '0.00', '0.00', '0.00', '2022-06-19 17:24:35', 96, 'Matale');

-- --------------------------------------------------------

--
-- Table structure for table `ratnapura`
--

CREATE TABLE `ratnapura` (
  `gncode` int(3) NOT NULL,
  `gnname` varchar(27) DEFAULT NULL,
  `divsec` int(2) DEFAULT NULL
) ENGINE=InnoDB DEFAULT CHARSET=utf8;

--
-- Dumping data for table `ratnapura`
--

INSERT INTO `ratnapura` (`gncode`, `gnname`, `divsec`) VALUES
(1, 'දිවුරුම්පිටිය', 1),
(2, 'හේවායින්න', 1),
(3, 'කලටුවාව නැගෙනහිර', 1),
(4, 'ගැටහැත්ත', 1),
(5, 'වලවිට', 1),
(6, 'මීන්නාන', 1),
(7, 'බෝපැත්ත දිද්ද', 1),
(8, 'තොරණකඩ', 1),
(9, 'ගනේගොඩ', 1),
(10, 'ඉද්දමල්ගොඩ', 1),
(11, 'හුලද්දුව', 1),
(12, 'කලටුවාව බටහිර', 1),
(13, 'උඩුවක', 1),
(14, 'නාපාවල', 1),
(15, 'පැල්පිටිය', 1),
(16, 'උඩුමත්ත', 1),
(17, 'විලේගොඩ', 1),
(18, 'විලේගොඩ නැගෙනහිර', 1),
(19, 'ඇහැලියගොඩවත්ත', 1),
(20, 'අස්ගගුල උතුර', 1),
(21, 'කැන්දගමුව ඉහලගම', 1),
(22, 'මොරගල', 1),
(23, 'බුළුගහපිටිය', 1),
(24, 'යකුදාගොඩ', 1),
(25, 'කැන්දන්ගමුව', 1),
(26, 'අස්ගගුල දකුණ', 1),
(27, 'මාහර', 1),
(28, 'මාහිංගොඩ', 1),
(29, 'නාකන්දල', 1),
(30, 'වියලගොඩ', 1),
(31, 'කැන්දන්ගමුවපහලගම', 1),
(32, 'පලිගල', 1),
(33, 'මියනකොලතැන්න', 1),
(34, 'මිටිපොල', 1),
(35, 'මාපොට', 1),
(36, 'කරඳන උතුර', 1),
(37, 'කිරිපෝරුව', 1),
(38, 'නැදුරණ', 1),
(39, 'ඇරැපොළ', 1),
(40, 'සිරිසමන්පුර', 1),
(41, 'නුගදණ්ඩ', 1),
(42, 'කරඳන බටහිර', 1),
(43, 'කරඳන දකුණ', 1),
(44, 'හිඳුරන්ගල', 1),
(45, 'අමුහේන් කන්ද', 2),
(46, 'පත්බේරිය බටහිර', 2),
(47, 'පත්බේරිය', 2),
(48, 'මෙනේරිපිටිය', 2),
(49, 'පරකඩුව', 2),
(50, 'බෝධිමලුව', 2),
(51, 'තලාවිටිය', 2),
(52, 'පොහොරබාව', 2),
(53, 'පුස්සැල්ල', 2),
(54, 'දෙවිපහල', 2),
(55, 'ඇඳිරියන්වල', 2),
(56, 'එරත්න', 2),
(57, 'අඩවිකන්ද', 2),
(58, 'ලස්සකන්ද', 2),
(59, 'සුදුගල', 2),
(60, 'එක්නැලිගොඩ උතුර', 2),
(61, 'කීරගල', 2),
(62, 'කඳන්ගොඩ', 2),
(63, 'මිල්ලවිටිය', 2),
(64, 'මියනදෙනිය', 2),
(65, 'ඕවිටිගම', 2),
(66, 'තෙප්පනාව', 2),
(67, 'තෙප්පනාව ඉහලගම', 2),
(68, 'පහල කුරුවිට', 2),
(69, 'කඳන්ගොඩ දකුණ', 2),
(70, 'වතුයාය', 2),
(71, 'උඩකඩ', 2),
(72, 'එක්නැලිගොඩ', 2),
(73, 'දෙල්ගමුව', 2),
(74, 'කුරුවිට', 2),
(75, 'වලඳුර', 2),
(76, 'නඩුකාරදෙනිය', 2),
(77, 'කාහේන්ගම', 2),
(78, 'පාතගම', 2),
(79, 'තෙප්පනාව පහලගම', 2),
(80, 'කිතුල්පෙ', 2),
(81, 'කාහේන්ගම බටහිර', 2),
(82, 'කොස්ගොඩ', 2),
(83, 'ගාලුකාගම', 2),
(84, 'එල්ලාවල', 3),
(85, 'දෙහෙරගොඩ', 3),
(86, 'කනුග්ගල්ල', 3),
(87, 'එල්ලාවල පහලගම', 3),
(88, 'මුදුන්කොටුව', 3),
(89, 'අකුරණ', 3),
(90, 'කිරිඇල්ල', 3),
(91, 'හන්දුන්කන්ද', 3),
(92, 'එපිටවල', 3),
(93, 'මුණසිංහපුර', 3),
(94, 'යටිපවිව', 3),
(95, 'ඇල්ලගාව', 3),
(96, 'ඉඩන්ගොඩ', 3),
(97, 'මාටුවාගල', 3),
(98, 'දොඩම්පෙ බටහිර', 3),
(99, 'දොඩම්පෙ', 3),
(100, 'හොලීපිටිය', 3),
(101, 'ගිලීමලේ උතුර', 4),
(102, 'කැටවල', 4),
(103, 'ගුරුළුවාන', 4),
(104, 'සිරිපාගම', 4),
(105, 'ශ්‍රී පලාබද්දල', 4),
(106, 'මාපලාන', 4),
(107, 'කුඩාව', 4),
(108, 'දෙහෙනකන්ද', 4),
(109, 'බඹරබොටුව', 4),
(110, 'අළුපොල', 4),
(111, 'බලකොටුන්න', 4),
(112, 'හපුගස්තැන්න', 4),
(113, 'රත්ගම', 4),
(114, 'ගිලීමලේ දකුණ', 4),
(115, 'පාගොඩ', 4),
(116, 'ඇඹුල්දෙණිය', 4),
(117, 'මලංගම', 4),
(118, 'අමුතාගොඩ', 4),
(119, 'කහංගම', 4),
(120, 'කැටලියන්පල්ල', 4),
(121, 'නව නගරය', 4),
(122, 'ඇල්ලෙගෙදර', 4),
(123, 'මල්වල', 4),
(124, 'දුරේක්කන්ද', 4),
(125, 'ගලබඩ', 4),
(126, 'ගල්ලෑල්ල', 4),
(127, 'අමුණුතැන්න', 4),
(128, '‍කෙම්පනා වත්ත', 4),
(129, 'ගුරුබැවිලාගම', 4),
(130, 'බටේවෙල', 4),
(131, 'හෙට්ටිකන්ද', 4),
(132, 'බානගොඩ', 4),
(133, 'හීන්බැරැණ්ඩුව', 4),
(134, 'එගොඩ මල්වල', 4),
(135, 'මිහිටිය', 4),
(136, 'කොස්පැලවින්න', 4),
(137, 'වෙරළුප', 4),
(138, 'දේවාලයගාව', 4),
(139, 'මුවගම', 4),
(140, 'ර/නගරය බටහිර', 4),
(141, 'ර/නගරය උතුර', 4),
(142, 'මිහිඳුගම', 4),
(143, 'මහවල', 4),
(144, 'ගොඩිගමුව', 4),
(145, 'රත්නපුර නගරය', 4),
(146, 'මුද්දුව නැගෙනහිර', 4),
(147, 'සමගිපුර', 4),
(148, 'ඇත්ඔය', 4),
(149, 'මුද්දුව', 4),
(150, 'බටුගෙද‍ර', 4),
(151, 'අංගම්මන', 4),
(152, 'තිරිවානකැටිය', 4),
(153, 'කොලඳගල', 4),
(154, 'රාවනාකන්ද', 5),
(155, 'ගල්ලෙනකන්ද', 5),
(156, 'කට්ටඩිකන්ද', 5),
(157, 'උතුරු වලේබොඩ', 5),
(158, 'බෙල්ලන්කන්ද', 5),
(159, 'බොල්තුඹේ', 5),
(160, 'පින්නවල', 5),
(161, 'උඩගම', 5),
(162, 'මද්දේගම', 5),
(163, 'පිඩලිගන්නාවෙල', 5),
(164, 'ඉහලගලගම', 5),
(165, 'විහාරවෙල', 5),
(166, 'කුඹුරුතැනිවල', 5),
(167, 'බෙලිහුල්ඔය', 5),
(168, 'යක්දෙහිවල', 5),
(169, 'මුත්තෙටිටුවෙගම', 5),
(170, 'පුවක්ගහවෙල', 5),
(171, 'බුදුන්වෙල', 5),
(172, 'හල්පෙ', 5),
(173, 'නිත්තමලුව', 5),
(174, 'කුඹල්ගම', 5),
(175, 'කිංචිගුණේ', 5),
(176, 'කරගස්තලාව', 5),
(177, 'සිලෝගම', 5),
(178, 'ඉඹුල්පෙ', 5),
(179, 'පස්සරමුල්ල', 5),
(180, 'අලකොලඇල්ල', 5),
(181, 'අටවක්වෙල', 5),
(182, 'කනතිරියන්වෙල', 5),
(183, 'පල්ලෙවෙල', 5),
(184, 'ගුරුබැවිල', 5),
(185, 'පන්දෙනිය', 5),
(186, 'පාගල්ඕවිට', 5),
(187, 'මද්දෙතලාව', 5),
(188, 'අමුවතුගොඩ', 5),
(189, 'මැදගෙදරගොඩ', 5),
(190, 'අලුත්නුවර', 5),
(191, 'තොටපල්ල', 5),
(192, 'උළුපිටිය', 5),
(193, 'මාමල්ගහ', 5),
(194, 'වෙලන්හින්න', 5),
(195, 'අමුපිටිය', 5),
(196, 'නළුවෙල', 5),
(197, 'වෑගපිටිය', 5),
(198, 'මොරහැල', 5),
(199, 'ඕලුගංතොට', 5),
(200, 'රත්මලවින්න', 5),
(201, 'කරදියමුල්ල', 5),
(202, 'හතරබා‍‍ගේ', 5),
(203, 'තුංකිඳ', 5),
(204, 'එගොඩ වලේබොඩ', 6),
(205, 'වෙලේකුඹුර', 6),
(206, 'විජිනත් කුඹුර', 6),
(207, 'බුලත්ගම', 6),
(208, 'තුඹගොඩ', 6),
(209, 'කිරිඳිගල', 6),
(210, 'යහලවෙල', 6),
(211, 'බටුගම්මන', 6),
(212, 'අල්දොර', 6),
(213, 'වටවල', 6),
(214, 'මුල්ගම', 6),
(215, 'රජවක', 6),
(216, 'බෝවත්ත', 6),
(217, 'විකිළිය', 6),
(218, 'තොටුපලතැන්න', 6),
(219, 'කිරිමැටිතැන්න', 6),
(220, 'දෙහිගස්තලාව', 6),
(221, 'බලංගොඩ නගරය', 6),
(222, 'බලංගොඩ', 6),
(223, 'ජාසිංකන්ද', 6),
(224, 'මැද්දෙකන්ද', 6),
(225, 'ඇල්ලවත්ත', 6),
(226, 'පොල්වතුගොඩ', 6),
(227, 'දුරකන්ද', 6),
(228, 'රාස්සගල', 6),
(229, 'අම්පිටියාවත්ත', 6),
(230, 'මස්සැන්න', 6),
(231, 'පෙට්ටිගල', 6),
(232, 'පල්ලෙකන්ද', 6),
(233, 'ඇල්ලෙපොල', 6),
(234, 'තලංගම', 6),
(235, 'කුමාරගම', 6),
(236, 'දාමහන', 6),
(237, 'ගොඩකුඹුර', 6),
(238, 'ඉඹුලමුර', 6),
(239, 'මහවෙලතැන්න', 6),
(240, '‍තෙලඳිරිය', 6),
(241, 'මාවෙල', 6),
(242, 'වෙළ‍‍‍ගේ', 6),
(243, 'ගවරත්හේන', 6),
(244, 'හොරකැටිය', 6),
(245, 'පොල්වත්තහේන', 7),
(246, 'මැටිහක්වල', 7),
(247, 'මල්මීකන්ද', 7),
(248, 'මීගහවෙල', 7),
(249, 'කැන්දකැටිය', 7),
(250, 'පැලැන්දකන්ද', 7),
(251, 'මාදොල', 7),
(252, 'උඩවෙල', 7),
(253, 'ඕපනායක', 7),
(254, 'උතුරු හුණුවල', 7),
(255, 'හල්ලින්න', 7),
(256, 'දකුණු හුණුවල', 7),
(257, 'දන්දෙනිය', 7),
(258, 'වල්ලකැටිය', 7),
(259, 'අකරැල්ල', 7),
(260, 'හත්තැල්ල', 7),
(261, 'හත්තැල්ල එගොඩ', 7),
(262, 'බටදුර', 7),
(263, 'ලියනගොඩ', 7),
(264, 'ගල්කන්ද', 7),
(265, 'ගෝණකුඹුර', 8),
(266, 'බෝපැත්ත', 8),
(267, 'බැරැණ්ඩුව', 8),
(268, 'නාරංගොඩ', 8),
(269, 'කුට්ටාපිටිය', 8),
(270, 'ගනේගම', 8),
(271, 'ගොඩගම', 8),
(272, 'දොඹගස්වින්න', 8),
(273, 'සන්නස්ගම', 8),
(274, 'දිප්පිටිගල', 8),
(275, 'ලෙල්ලෝපිටිය', 8),
(276, 'වැලිමළුව', 8),
(277, 'ගල්ලින්න', 8),
(278, 'මාවුදැල්ල', 8),
(279, 'මාරපන', 8),
(280, 'පහල හකමුව', 8),
(281, 'ඉහල හකමුව', 8),
(282, 'පොත්තකන්ද', 8),
(283, 'නිරල්ගම', 8),
(284, 'අලුපොත', 8),
(285, 'දේවාලේගම', 8),
(286, 'දෙනවක පාතකඩ', 8),
(287, 'රිල්හේන', 8),
(288, 'පහල බෝපිටිය', 8),
(289, 'පැල්මඩුල්ල නගරය', 8),
(290, 'උඩතුල', 8),
(291, 'වාරිගම', 8),
(292, 'දෙනවන උඩකඩ', 8),
(293, 'පැල්මඩුල්ල ගම', 8),
(294, 'ඉහල බෝපිටිය', 8),
(295, 'හල්පාවල', 8),
(296, 'කපුහේන්තොට', 8),
(297, 'පනාවැන්න', 8),
(298, 'බොරාල', 8),
(299, 'මොරතොට', 8),
(300, 'කට්ටංගෙ', 8),
(301, 'පොරෝණුව', 8),
(302, 'කහවත්ත', 9),
(303, 'දම්බුළුවන', 9),
(304, 'රද්දැල්ල', 9),
(305, 'හල්දොල', 9),
(306, 'කරංගොඩ', 9),
(307, 'සමන්ගම', 9),
(308, 'කෙහෙල්ඕවිටිගම', 9),
(309, 'වේරගම', 9),
(310, 'දෙල්ලබඩ', 9),
(311, 'ඇලපාත', 9),
(312, 'පල්ලෙගෙදර', 9),
(313, 'කොටාමුල්ල', 9),
(314, 'අමුවල', 9),
(315, 'ගඟුල්විටිය', 9),
(316, 'නිරිඇල්ල', 9),
(317, 'පලාවෙල', 9),
(318, 'බටකඩ', 9),
(319, 'දිගාන', 9),
(320, 'මගුරුගොඩ', 9),
(321, 'හංගමුව', 9),
(322, 'දුම්බර', 10),
(323, 'කැටේපොල', 10),
(324, 'දෙතබඩකන්ද', 10),
(325, 'මඩබද්දර', 10),
(326, 'පහල ගලතුර', 10),
(327, 'ගලතුර', 10),
(328, 'සිංහලගොඩ', 10),
(329, 'ගංගොඩකන්ද', 10),
(330, 'දුම්බර මානාන', 10),
(331, 'ගවරගිරිය', 10),
(332, 'පිටකන්ද', 10),
(333, 'පල්ලෙකඩ', 10),
(334, 'ඇල්ලහේන', 10),
(335, 'විතානගම', 10),
(336, 'අයගම', 10),
(337, 'උඩුගල උතුර', 10),
(338, 'කොළඹෑව', 10),
(339, 'උඩුගල', 10),
(340, 'පරගල', 10),
(341, 'පිඹුර', 10),
(342, 'නිකගොඩ', 10),
(343, 'කොඩිප්පිලි කන්ද', 11),
(344, 'ජාතුවංගොඩ', 11),
(345, 'මීපාගම', 11),
(346, 'කුකුලේගම උතුර', 11),
(347, 'සමන්පුර', 11),
(348, 'කලවාන බටහිර', 11),
(349, 'තපස්සර කන්ද', 11),
(350, 'කොස්වත්ත', 11),
(351, 'කුකුලේගම දකුණ', 11),
(352, 'පිටිගල කන්ද', 11),
(353, 'වැවගම', 11),
(354, 'දවුගලගම', 11),
(355, 'වෙම්බියගොඩ', 11),
(356, 'කලවාන නැගෙනහිර', 11),
(357, 'වේවැල්කඳුර', 11),
(358, 'හඟරංගල', 11),
(359, 'වතුරාව', 11),
(360, 'දෙල්ගොඩ නැගෙනහිර', 11),
(361, 'දෙල්ගොඩ බටහිර', 11),
(362, 'වැද්දාගල බටහිර', 11),
(363, 'වැද්දාගල නැගෙනහිර', 11),
(364, 'කුඩුමිරිය', 11),
(365, 'තණබෙල', 11),
(366, 'රඹුක', 11),
(367, 'දොලේකන්ද', 11),
(368, 'කත්ලාන', 11),
(369, 'ගඟලගමුව', 11),
(370, 'පනාපොල', 11),
(371, 'කුඩව', 11),
(372, 'හපුගොඩ', 11),
(373, 'පොතුපිටිය උතුර', 11),
(374, 'පොතුපිටිය දකුණ', 11),
(375, 'ඉළුඹකන්ද', 11),
(376, 'පාතකඩ', 12),
(377, 'නොරගල්ල', 12),
(378, 'දොඹගම්මන', 12),
(379, 'එරබද්ද', 12),
(380, 'කිරිබත්ගල', 12),
(381, 'වන්නියවත්ත', 12),
(382, 'වටාපොත', 12),
(383, 'තුත්තිරිපිටිය', 12),
(384, 'නිවිතිගල', 12),
(385, 'යක්දෙහිවත්ත', 12),
(386, 'වතුපිටිය', 12),
(387, 'හොරංගල', 12),
(388, 'පහල කරවිට', 12),
(389, 'උඩ කරවිට', 12),
(390, 'පිංකන්ද', 12),
(391, 'හල්කඳලිය', 12),
(392, 'සිදුරුපිටිය', 12),
(393, 'දොලොස්වල', 12),
(394, 'කොළඹගම', 12),
(395, 'දොලොස්වල කන්ද', 12),
(396, 'පෑබොටුව', 12),
(397, 'හොරණෑකාර කන්ද', 12),
(398, 'දෙල්වල', 12),
(399, 'පනහැටගල', 12),
(400, 'යායින්න', 13),
(401, 'බටහිර නුගවෙල', 13),
(402, 'නැගෙනහිර නුගවෙල', 13),
(403, 'වැල්ලදුර', 13),
(404, 'බුංගිරිය', 13),
(405, 'උඩහවුපෙ', 13),
(406, 'යටාගර', 13),
(407, 'මඩලගම ජනපදය', 13),
(408, 'උතුරු පනාපිටිය', 13),
(409, 'නාඹුළුව', 13),
(410, 'අටකළන්පන්න', 13),
(411, 'පහමුණුපන්න', 13),
(412, 'කලල්ඇල්ල', 13),
(413, 'දකුණු පනාපිටිය', 13),
(414, 'ගබ්බෙල', 13),
(415, 'ඇන්දාන', 13),
(416, 'මඩලගම', 13),
(417, 'බටහිර මියනවිට', 13),
(418, 'නැගෙනහිර මියනවිට', 13),
(419, 'කිරණෝදාගම', 13),
(420, 'පන්නිල', 13),
(421, 'කොටකෙතන', 14),
(422, 'දිඹුල්වල', 14),
(423, 'හපුරුදෙනිය', 14),
(424, 'පනාවල', 14),
(425, 'බුළුවාන', 14),
(426, 'මාකඳුර', 14),
(427, 'ඇමිටියගොඩ', 14),
(428, 'රිදීවිට', 14),
(429, 'මාරගල', 14),
(430, 'හිරමඩගම', 14),
(431, 'මාදම්පෙ උතුර', 14),
(432, 'කව්ඩුවාව', 14),
(433, 'මාදම්පෙ දකුණ', 14),
(434, 'හොරමුල', 14),
(435, 'වෙරළුගහමුල', 14),
(436, 'අල්පිටිය', 14),
(437, 'ගලහිටිය', 14),
(438, 'කෝම්පිටිය', 14),
(439, 'මල්වත්ත', 14),
(440, 'වේරහැර බටහිර', 14),
(441, 'වේරහැර නැගෙනහිර', 14),
(442, 'ගොඩකවෙල', 14),
(443, 'වරායාය', 14),
(444, 'නියංගම', 14),
(445, 'බඹරගස්තැන්න', 14),
(446, 'බලවින්න උතුර', 14),
(447, 'බලවින්න බටහිර', 14),
(448, 'කපුහේන්තැන්න', 14),
(449, 'මාවතලන්ද', 14),
(450, 'මැද්දෙගම', 14),
(451, 'මස්ඉඹුල', 14),
(452, 'රක්වාන නගරය', 14),
(453, 'කොට්ටල', 14),
(454, 'රක්වාන දකුණ', 14),
(455, 'රක්වාන උතුර', 14),
(456, 'යහලවෙල', 14),
(457, 'බිබිලේගම බටහිර', 14),
(458, 'බිබිලේගම නැගෙනහිර', 14),
(459, 'තඹගමුව බටහිර', 14),
(460, 'දඹවින්න', 14),
(461, 'බලවින්න නැගෙනහිර', 14),
(462, 'තඹගමුව නැගෙනහිර', 14),
(463, 'මහගම බටහිර', 14),
(464, 'මහගම නැගෙනහිර', 14),
(465, 'පරගහමඩිත්ත', 15),
(466, 'ඉළුක්කුඹුර', 15),
(467, 'පනාන', 15),
(468, 'ගල්ගොඩගම', 15),
(469, 'කෝන්ගස්තැන්න', 15),
(470, 'බෝපිටිගොඩ', 15),
(471, 'ගංගොඩගම', 15),
(472, 'මැදගංඔය', 15),
(473, 'උඩරංවල', 15),
(474, 'වැලිගෙපොල', 15),
(475, 'උඩගංගොඩ', 15),
(476, 'බෙලිමාලියද්ද', 15),
(477, 'හඳගිරිය', 15),
(478, 'හඳගිරිගොඩ', 15),
(479, 'පලුගහවෙල', 15),
(480, 'ඌරාවල', 15),
(481, 'කොට්ටිඹුල්වල', 15),
(482, 'තලගස්කන්ද', 15),
(483, 'රංවල', 15),
(484, 'අම්මඩුව', 15),
(485, 'එලමල්පෙ', 15),
(486, 'තැන්නහේන', 15),
(487, 'කලටුව කන්ද', 15),
(488, 'බදුල්ලේගම', 15),
(489, 'හටංගල', 15),
(490, 'බඹරගල', 15),
(491, 'පුස්සතො‍ට', 15),
(492, 'මඩවලලන්ද', 15),
(493, 'ගල්පාය', 15),
(494, 'මුත්තෙට්ටුපොල', 15),
(495, 'පල්ලෙබැද්ද', 16),
(496, 'තිත්තවැල්පත', 16),
(497, 'පනහඩුව', 16),
(498, 'උඩවල‍ව', 16),
(499, 'තිඹොල්කැටිය', 16),
(500, 'කොළඹගෙආර', 16),
(501, 'සංඛපාල', 16),
(502, 'මිරිස්වැල්පත', 16),
(503, 'ආඳළුව', 16),
(504, 'මඩුවන්වෙල', 16),
(505, 'උඩවලවෙ යාය 2', 16),
(506, 'රත්කැරැව්ව', 16),
(507, 'ග‍ඟේයාය', 16),
(508, 'කැටගල්ආර', 16),
(509, 'නින්දගම්පැලැස්ස', 16),
(510, 'රංචමඩම', 16),
(511, 'පනාමුර', 16),
(512, 'කෝන්කටුව', 16),
(513, 'ඇඹිලිපිටිය උඩගම', 16),
(514, 'හිඟුරආර', 16),
(515, 'කළගෙඩිආර', 16),
(516, 'මොරකැටිය', 16),
(517, 'ඇඹිලිපිටිය පල්ලෙගම', 16),
(518, 'ඇඹිලිපිටිය නව නගරය', 16),
(519, 'යෝධගම', 16),
(520, 'මොදරවාන', 16),
(521, 'සුදුගල', 16),
(522, 'වලල්ගොඩ', 16),
(523, 'ජදුර', 16),
(524, 'දියපොට', 16),
(525, 'මුල්ඇඩියාවල', 16),
(526, 'තෝරකොළයාය', 16),
(527, 'කුඹුගොඩආර', 16),
(528, 'හිඟුර', 16),
(529, 'හල්මිල්ලකැටිය', 16),
(530, 'තුංකම', 16),
(531, 'හාගල', 16),
(532, 'කුට්ටිගල', 16),
(533, 'ජුලංගැටේ', 16),
(534, 'පදලංගල', 16),
(535, 'බුලුතොට', 17),
(536, 'රංහොට්කන්ද', 17),
(537, 'යක්මඩිත්ත', 17),
(538, 'හෙලඋඩකන්ද', 17),
(539, 'හේනැග්ගොඩ', 17),
(540, 'කඹුරුගමුව', 17),
(541, 'දඹේමඩ', 17),
(542, 'වෙලේවතුගොඩ', 17),
(543, 'ඇරැපෝරුව', 17),
(544, 'විජේරිය', 17),
(545, 'පොද්දන', 17),
(546, 'ඉත්තකන්ද', 17),
(547, 'බුත්කන්ද', 17),
(548, 'කොලොන්න', 17),
(549, 'මඩුවන්වෙල පැරණිගම', 17),
(550, 'නන්දනගම', 17),
(551, 'අඹගහයාය', 17),
(552, 'කෑල්ල', 17),
(553, 'බොරළුවගෙඅයින', 17),
(554, 'උල්ලිඳුවාව', 17),
(555, 'පුපුලකැටිය', 17),
(556, 'හබ්බෙලිආර', 17),
(557, 'වලකඩ', 17),
(558, 'කෝප්පකන්ද', 17),
(559, 'දාපනේ', 17),
(560, 'දොරපනේ', 17),
(561, '‍මොරවාඩිය', 17),
(562, 'ඕමල්පේ', 17),
(563, 'කැම්පනේ', 17),
(564, 'කල්තොට', 18),
(565, 'මැද​බැද්ද', 18),
(566, 'තන්ජන්තැන්න', 18),
(567, 'නෙළුයාය', 18),
(568, 'කූරගල', 18),
(569, 'උග්ගල් කල්තොට වම් ඉවුර වම', 18),
(570, 'උග්ගල් කල්තොට වම් ඉවුර දකුණ', 18),
(571, 'දියවින්න', 18),
(572, 'වැලිපතයාය', 18),
(573, 'මොලමුරේ', 18),
(574, 'කළුපේඩිගම', 18),
(575, 'කෝන්ගහමංකඩ', 18);

-- --------------------------------------------------------

--
-- Table structure for table `trincomalee`
--

CREATE TABLE `trincomalee` (
  `gncode` int(3) NOT NULL,
  `gnname` varchar(25) DEFAULT NULL,
  `divsec` int(2) DEFAULT NULL
) ENGINE=InnoDB DEFAULT CHARSET=utf8;

--
-- Dumping data for table `trincomalee`
--

INSERT INTO `trincomalee` (`gncode`, `gnname`, `divsec`) VALUES
(1, 'සේවාජනපදය', 1),
(2, 'ගැමුණුපුර', 1),
(3, 'කාවන්තිස්සපුර', 1),
(4, 'ලස්සනගම', 1),
(5, 'සිංහපුර', 1),
(6, 'පරණමැදවච්චිය', 1),
(7, 'සමන්පුර', 1),
(8, 'ශ්‍රී තිස්සපුර', 1),
(9, 'ශ්‍රි පුර', 1),
(10, 'ජයන්තිවැව', 1),
(11, 'තෙන්නමරවාඩි', 2),
(12, 'පුල්ලමුඩෙයි 03', 2),
(13, 'පුල්ලමුඩෙයි 02', 2),
(14, 'පුල්ලමුඩෙයි 01', 2),
(15, 'පුල්ලමුඩෙයි 04', 2),
(16, 'තිරියායි', 2),
(17, 'සෙන්තූර්', 2),
(18, 'කට්ටු කුලම්', 2),
(19, 'කල්ලම්පත්තයි', 2),
(20, 'කුච්චවෙලි', 2),
(21, 'ඉරණයික්කේණී', 2),
(22, 'වීරංචෝලයි', 2),
(23, 'ජයා නගර්', 2),
(24, 'කාසිම් නගර්', 2),
(25, 'කුඹුරුපිටිය දකුණ', 2),
(26, 'කුඹුරුපිටිය උතුර', 2),
(27, 'කුඹුරුපිටිය නැගෙනහිර', 2),
(28, 'නිලාවෙලී', 2),
(29, 'ඉරක්කණ්ඩි', 2),
(30, 'ගෝපාල පුරම්', 2),
(31, 'වේලුර්', 2),
(32, 'ඉක්බාල් නගරය', 2),
(33, 'පෙරියකුලම්', 2),
(34, 'වාලයියුත්තු', 2),
(35, 'ගෝමරන්කඩවල', 3),
(36, 'කළ්‍යාණපුර', 3),
(37, 'ගල්කඩවල', 3),
(38, 'පඹුරුගස්වැව', 3),
(39, 'කන්දමලාව', 3),
(40, 'මැදවච්චිය', 3),
(41, 'කිවුලකඩවෙල', 3),
(42, 'පුලිකන්ඩිකුලම', 3),
(43, 'මයිලවැව', 3),
(44, 'බක්මීගම', 3),
(45, 'පැණිකැටියාව', 4),
(46, 'මහතුල්වැව', 4),
(47, 'මහදිවුල්වැව 11 පියවර', 4),
(48, 'නොච්චිකුලම', 4),
(49, 'මොරවැව දකුණ', 4),
(50, 'මොරවැව උතුර', 4),
(51, 'අව්වෙයිනගර්', 4),
(52, 'නාමල් වත්ත', 4),
(53, 'කිතුල් උල්තුව', 4),
(54, 'මොරවැව පාන්කුළම', 4),
(55, 'විල්ගම', 5),
(56, 'වෙල්වෙරි', 5),
(57, 'කින්නියා', 5),
(58, 'ඉල්ලපයිකුලම්', 5),
(59, 'සම්පල්තීවු', 5),
(60, 'සල්ලි', 5),
(61, 'උප්පුවේලි', 5),
(62, 'පුලියන්කුලම්', 5),
(63, 'වරෝතයනගර්', 5),
(64, 'පීලිඅඩි', 5),
(65, 'මන්ගයියුතු', 5),
(66, 'අන්දම්කුලම්', 5),
(67, 'සිංහපුර', 5),
(68, 'කෝවිලඩි', 5),
(69, 'පලියුත්තු', 5),
(70, 'අභයපුර', 5),
(71, 'අන්පුවලිපුරම්', 5),
(72, 'මිහිඳුපුර', 5),
(73, 'සෙල්වනායගපුරම්', 5),
(74, 'ජින්නානගර්', 5),
(75, 'මුරුගපුරි', 5),
(76, 'තිරික්කඩලෝර්', 5),
(77, 'පට්ටනතේරු', 5),
(78, 'පෙරුන්තේරු', 5),
(79, 'සිවපුරි', 5),
(80, 'ලිංගනගර්', 5),
(81, 'මුඩ්කෝවි', 5),
(82, 'පූම්බුහාර්', 5),
(83, 'සුමේධංකරපුර', 5),
(84, 'මුත්තුනගර්', 5),
(85, 'කප්පල්තුරායි', 5),
(86, 'කාවට්ටිකුඩා', 5),
(87, 'නච්චිකුඩා', 5),
(88, 'වෙල්ලෙයිමනල්', 5),
(89, 'චයිනාබේ', 5),
(90, 'ඕර්ස් හිල්', 5),
(91, 'තිලායිනගරය', 5),
(92, 'අරසඩි', 5),
(93, 'මනායාවේලි', 5),
(94, 'සොනාගවඩි', 5),
(95, 'අරුණගිරිනගර්', 5),
(96, 'විලුන්දි', 5),
(97, 'ගල්මැටියාව උතුර', 6),
(98, 'පාලම්පටාරු', 6),
(99, 'පුදුකුඩියිරුප්පු', 6),
(100, 'පොට්කේණි', 6),
(101, 'මීරා නගර්', 6),
(102, 'සිරාජ්නගර්', 6),
(103, 'කෝවිල්කුඩියිරුප්පු', 6),
(104, 'තඹලගමුව', 6),
(105, 'මොල්ලිපොතාන උතුර', 6),
(106, 'ගල්මැටියාව දකුණ', 6),
(107, 'මොල්ලිපොතාන', 6),
(108, 'මොල්ලිපොතාන නැගෙනහිර', 6),
(109, 'වෙන්ඩ්‍රාසන්පුර ඒකක 16', 7),
(110, 'ගංතලාව යුනිට් 12', 7),
(111, 'ගංතලාව, ඒකක 11', 7),
(112, 'වාන් ඇල නැගෙනහිර', 7),
(113, 'වාන්ඇල බටහිර', 7),
(114, 'පන්සල් ගොඩැල්ල', 7),
(115, 'සූරියපුර', 7),
(116, 'ජයන්තිපුර', 7),
(117, 'රජ ඇල ඒකක 04', 7),
(118, 'රජ ඇල ඒකක 05', 7),
(119, 'වෙන්ඩ්‍රාසන්පුර ඒකක 15', 7),
(120, 'වෙන්ඩ්‍රාසන්පුර යුනිට් 14', 7),
(121, 'භාතියගම', 7),
(122, 'රජ ඇල ඒකක 03', 7),
(123, 'පේරාරු, ඒකක 02', 7),
(124, 'පේරාරු නැගෙනහිර', 7),
(125, 'පේරාරු බටහිර', 7),
(126, 'කන්තලේ නගරය දකුණ', 7),
(127, 'කන්තලේ නගරය', 7),
(128, 'අග්බෝපුර', 7),
(129, 'බටුකච්චිය', 7),
(130, 'රජවැව', 7),
(131, 'සීනිපුර', 7),
(132, 'මූනච්චේනයි', 8),
(133, 'මනියරසම්කුලම්', 8),
(134, 'මාංචෝලයි', 8),
(135, 'මාලින්තුරායි', 8),
(136, 'මජිඩ් නගර්', 8),
(137, 'මහරූෆ් ග්‍රාමය', 8),
(138, 'මහරූප් නගරය', 8),
(139, 'ආයිලියඩි', 8),
(140, 'අන්නල් නගර්', 8),
(141, 'ආලන්කේණි', 8),
(142, 'එහුතාර් නගර්', 8),
(143, 'ඊච්චන්තිවු', 8),
(144, 'කුට්ටික්කරච්', 8),
(145, 'කුරිංචාක්කේණි', 8),
(146, 'මාංචෝලච්චේනයි', 8),
(147, 'නඩුවුට්රු', 8),
(148, 'නඩුත්තීවු', 8),
(149, 'පෙරිය කින්නියා', 8),
(150, 'පෙරියාරුමූනයි', 8),
(151, 'පූවරසන්තීවු', 8),
(152, 'කින්නියා', 8),
(153, 'ඉඩිමන්', 8),
(154, 'ෆයිසල් නගරය', 8),
(155, 'කච්චකොඩිතීවු', 8),
(156, 'කට්ටයාරු', 8),
(157, 'කාකමූනයි', 8),
(158, 'රහුමානියා නගර්', 8),
(159, 'සම්මාවච්චතීවු', 8),
(160, 'සින්නක් කින්නියා', 8),
(161, 'සූරංකල්', 8),
(162, 'උප්පාරු', 8),
(163, 'සම්පූර් බටහිර', 9),
(164, 'කූනිතීවු', 9),
(165, 'නවරෙත්තිනපුරම්', 9),
(166, 'සම්පූර් නැගෙනහිර', 9),
(167, 'කඩට්කරෛචේනයි', 9),
(168, 'කඩ්ඩෛපරිච්චේන උතුර', 9),
(169, 'තක්වානගර්', 9),
(170, 'මුත්තූර් නැගෙනහිර', 9),
(171, 'නදූතීවු', 9),
(172, 'තාහානගර්', 9),
(173, 'මුත්තූර් මධ්‍යම', 9),
(174, 'මුත්තූර් බටහිර', 9),
(175, 'රාල්කුලි', 9),
(176, 'ෂාෆි නගර්', 9),
(177, 'පෙරියපාලම්', 9),
(178, 'ජායානගර්', 9),
(179, 'ආලීම් නගර්', 9),
(180, 'ආනෛච්චේනයි', 9),
(181, 'නෙයිතල් නගර්', 9),
(182, 'පාලනගර්', 9),
(183, 'කට්ටයිපරිච්චාන් දකුණ', 9),
(184, 'පල්ලිකුඩියරුප්පු', 9),
(185, 'චේනයූර්', 9),
(186, 'පට්ටාලිපුරම්', 9),
(187, 'නල්ලූර්', 9),
(188, 'ඉක්බල් නගරය', 9),
(189, 'අල්ලෛයිනගර් නැගෙනහිර', 9),
(190, 'අල්ලෛ නගර් බටහිර', 9),
(191, 'තොප්පූර්', 9),
(192, 'පාලතොප්පූර්', 9),
(193, 'ජින්නා නගර්', 9),
(194, 'ඉරුතයපුරම්', 9),
(195, 'පෙරියවේලි', 9),
(196, 'මල්ලිහෛතීවු', 9),
(197, 'පට්ටිතිඩල්', 9),
(198, 'පාලත්තඩිචෙන්නායි', 9),
(199, 'ජින්නානගර්', 9),
(200, 'ආසාත් නගර්', 9),
(201, 'බාරතිපුරම්', 9),
(202, 'කිළිවෙඩ්ඩි', 9),
(203, 'මෙන්ගමම්', 9),
(204, 'කන්ගුවේලී', 9),
(205, 'නීලපොල', 10),
(206, 'සමගිපුර', 10),
(207, 'සිවපුරම්', 10),
(208, 'දෙහිවත්ත', 10),
(209, 'තංගනගර්', 10),
(210, 'කාවන්තිස්සපුර', 10),
(211, 'සේරුවිල', 10),
(212, 'නාවක්කේණිකාඩු', 10),
(213, 'සුමේධංකරපුර', 10),
(214, 'මහින්දපුර', 10),
(215, 'සේරුනුවර', 10),
(216, 'මහවැලිගම', 10),
(217, 'ලිංගපුරම්', 10),
(218, 'අරියමන්කණි', 10),
(219, 'සිරිමංගලපුර', 10),
(220, 'සෝමපුර', 10),
(221, 'ඉලංගෛතුරෛ', 11),
(222, 'ඉලංගෛතුරෛමුගත්තුවාරම්', 11),
(223, 'කරුක්කාමුනෛ', 11),
(224, 'පූනගර්', 11),
(225, 'පුමරතඩිච්චේනෛ', 11),
(226, 'ඊච්චිලම්පත්තු', 11),
(227, 'වෙරුහල්', 11),
(228, 'ආනෛතීවු', 11),
(229, 'වෙරුගල් මුගත්තුවාරම්', 11),
(230, 'උප්පූරල්', 11);

-- --------------------------------------------------------

--
-- Table structure for table `users`
--

CREATE TABLE `users` (
  `id` int(11) NOT NULL,
  `fname` varchar(255) DEFAULT NULL,
  `lname` varchar(255) DEFAULT NULL,
  `email` varchar(255) DEFAULT NULL,
  `password` varchar(300) DEFAULT NULL,
  `contactno` varchar(11) DEFAULT NULL,
  `role` varchar(50) NOT NULL,
  `file_name` varchar(500) NOT NULL,
  `uploaded_on` date DEFAULT NULL,
  `district` varchar(500) NOT NULL,
  `nic` varchar(20) DEFAULT NULL
) ENGINE=InnoDB DEFAULT CHARSET=latin1;

--
-- Dumping data for table `users`
--

INSERT INTO `users` (`id`, `fname`, `lname`, `email`, `password`, `contactno`, `role`, `file_name`, `uploaded_on`, `district`, `nic`) VALUES
(70, 'Wimal', 'Dissanayake', 'wimaldmw@gmail.com', '202cb962ac59075b964b07152d234b70', '0710553989', 'admin', 'hiBksnPrScwimal copy.jpg', '2021-11-18', 'admin', '701404246V'),
(106, 'Ajith', 'Jayathilake', 'ajithkaluthara@gmail.com', '202cb962ac59075b964b07152d234b70', '0716819471', 'dadmin', '', '2022-06-15', 'Matale', '123V'),
(107, 'Ajith', 'Jayathilake', 'ajithkaluthara@gmail.com', '202cb962ac59075b964b07152d234b70', '0716819471', 'expc', '', '2022-04-07', 'Matale', '671580516V'),
(108, 'Prasad', 'Pathirana', 'nalindaprasad@yahoo.com', '202cb962ac59075b964b07152d234b70', '0718378808', 'dadmin', '', '2021-11-18', 'Colombo', '123456789V'),
(109, 'Chamara ', 'Jayakody', 'chamarahiran@gmail.com', '202cb962ac59075b964b07152d234b70', '0714022650', 'dadmin', '', '2021-11-18', 'Gampaha', '111111111V'),
(110, 'Thusitha ', 'Hapuarachchi', 'hapuarachchi622@gmail.com', '202cb962ac59075b964b07152d234b70', '0777755068', 'dadmin', '', '2021-11-18', 'Kalutara', '222222222V'),
(111, 'Priyantha', 'Jayasena', 'exprdphjk@gmail.com', '202cb962ac59075b964b07152d234b70', '0776219371', 'dadmin', '', '2021-11-18', 'Ratnapura', '444444444V'),
(112, 'Prasad', 'Pathirana', 'nalindaprasad@yahoo.com', '202cb962ac59075b964b07152d234b70', '0718378808', 'expc', '', '2021-11-18', 'Colombo', '197931402820'),
(113, 'Chamara ', 'Jayakody', 'chamarahiran@gmail.com', '202cb962ac59075b964b07152d234b70', '0714022650', 'expc', '', '2021-11-18', 'Gampaha', '793082851V'),
(114, 'Thusitha ', 'Hapuarachchi', 'hapuarachchi622@gmail.com', '202cb962ac59075b964b07152d234b70', '0777755068', 'expc', '', '2021-11-18', 'Kalutara', '710932832V'),
(115, 'Priyantha', 'Jayasena', 'exprdphjk@gmail.com', '202cb962ac59075b964b07152d234b70', '0776219371', 'expc', '', '2021-11-18', 'Ratnapura', '197024702563'),
(116, 'wimal', 'Perera', 'wimaldmw@gmail.com', '202cb962ac59075b964b07152d234b70', '0710553989', 'dadmin', 'WkXunYILjGcapturing-daily-life-blogger-real-260nw-1746981395.jpg', '2021-11-18', 'Matale', '555555555V'),
(117, 'Nuwan', 'Senanayake', 'wimald@hotmail.com', '202cb962ac59075b964b07152d234b70', '0710553989', 'expc', '', '2021-11-18', 'Matale', '666666666V'),
(118, 'Sudarshani', 'Silva', 'wimal519@gmail.com', '202cb962ac59075b964b07152d234b70', '0710553989', 'clerk', '', '2021-11-18', 'Matale', '777777777V'),
(119, 'Erandi', 'Dharmarathna', 'erandidharmarathna@gmail.com', '202cb962ac59075b964b07152d234b70', '0702040092', 'clerk', '', '2022-04-07', 'Matale', '866091587V'),
(120, 'S.', 'Perera', 'wimaldmw@gmail.com', '202cb962ac59075b964b07152d234b70', '0710553989', 'ga', '', '2021-11-18', 'Matale', '616161611V'),
(122, 'Maheshika', 'Dissanayake ', 'mdissanayake1988@gmail', '202cb962ac59075b964b07152d234b70', '0714253308', 'clerk', '', '2021-11-19', 'Kurunegala', '888461604v'),
(123, 'GA', 'KITHSIRI', 'kithsiriga@gmail.com', '202cb962ac59075b964b07152d234b70', '0714459091', 'ga', '', '2021-11-22', 'Kurunegala', '663272829v'),
(124, 'ayesha', 'muthukuda', 'chamindaroshan059@gmail.com', '2d1191f7113ea21a6a67ed8f51b34508', '0779753676', 'clerk', '', '2021-11-22', 'Kalutara', '857913647v'),
(125, 'Charunie', 'Wathsala', 'wathsalacharunie19@gmail.com', '202cb962ac59075b964b07152d234b70', '0710345320', 'clerk', '', '2021-11-22', 'Colombo', '947012207V'),
(126, 'Dinuka', 'Chathuranga', 'jayasingheararachchi5@gmail.com', '202cb962ac59075b964b07152d234b70', '0713849702', 'clerk', '', '2021-11-22', 'Colombo', '843493220V');

-- --------------------------------------------------------

--
-- Table structure for table `vavuniya`
--

CREATE TABLE `vavuniya` (
  `gncode` int(3) NOT NULL,
  `gnname` varchar(26) DEFAULT NULL,
  `divsec` int(1) DEFAULT NULL
) ENGINE=InnoDB DEFAULT CHARSET=utf8;

--
-- Dumping data for table `vavuniya`
--

INSERT INTO `vavuniya` (`gncode`, `gnname`, `divsec`) VALUES
(1, 'උන්ජල්කට්ටි', 1),
(2, 'විඩියයිතකල්ලු', 1),
(3, 'මරුතොඩෛ', 1),
(4, 'පට්ටිකුඩිඉරුප්පු', 1),
(5, 'කත්කුලමී', 1),
(6, 'නෙඩුනකෙර්නි දකුණ', 1),
(7, 'නෙදුන්කෙර්නි උතුර', 1),
(8, 'ඔලුමඩු', 1),
(9, 'මාමඩු', 1),
(10, 'කුලවිසුද්දන්', 1),
(11, 'මාරයිලුපයි', 1),
(12, 'පරන්තන්', 1),
(13, 'අනර්ද පුලියන්කුලම්', 1),
(14, 'සින්නාඩම්පන්', 1),
(15, 'නයිනමඩු', 1),
(16, 'පුලියන්කුලමී දකුණ', 1),
(17, 'පුලියන්කුලමී උතුර', 1),
(18, 'කනකරායන්කුලමී දකුණ', 1),
(19, 'කනකරායන්කුලමී උතුර', 1),
(20, 'මාන්නකුලමී', 1),
(21, 'පෙරියඋළුක්කුලම', 2),
(22, 'පූමඩුව', 2),
(23, 'රංකෙත්ගම', 2),
(24, 'මරදම්මඩුව', 2),
(25, 'යාය 7', 2),
(26, 'අවරන්තුලාව', 2),
(27, 'අක්කර 20, 40, 60', 2),
(28, 'අක්කර 400', 2),
(29, 'මඩුකන්ද', 2),
(30, 'ඊරපෙරියකුලම්', 2),
(31, 'අලගල්ල', 2),
(32, 'අවුසදපිටිය', 2),
(33, 'කළුකුන්නම්මඩුව', 2),
(34, 'නෙඩුන්කුලම', 2),
(35, 'මහමයිලන්කුලම', 2),
(36, 'මාමඩුව', 2),
(37, 'මහකච්චකොඩිය', 2),
(38, 'පුදුබුලාන්කුලම', 2),
(39, 'පිරප්පම්මඩුව', 2),
(40, 'අග්බෝපුර', 2),
(41, 'පාලමෝට්ටෛ', 3),
(42, 'මරුතමඩු', 3),
(43, 'පන්රික්කෙය්දකුළම්', 3),
(44, 'ආරුමුගත්තාන්පුදුක්කුළම්', 3),
(45, 'සේමමඩු', 3),
(46, 'මාලිගෛ', 3),
(47, 'මහිලංකුළම්', 3),
(48, 'මරුදංකුළම්', 3),
(49, 'ඉලමරුදංකුළම්', 3),
(50, 'කල්ලික්කුළම්', 3),
(51, 'නොච්චිමෝඩ්ඩෛ', 3),
(52, 'පරනාඩ්ඩකල්', 3),
(53, 'පුතුක්කුළම්', 3),
(54, 'මරක්කාරම්පලෛ', 3),
(55, 'තාණ්ඩික්කුළම්', 3),
(56, 'මහාරම්බෛක්කුළම්', 3),
(57, 'කාත්තාර්සින්නක්කුළම්', 3),
(58, 'නෙලුක්කුළම්', 3),
(59, 'පට්ටාණිච්චෝර් පුලියන්කුලම්', 3),
(60, 'වවුනියා නගරය', 3),
(61, 'ඕමන්තෛ', 3),
(62, 'සාළම්බයික්කුළම්', 3),
(63, 'සාස්ත්‍රිකුළාංකුළම්', 3),
(64, 'ඊච්චංකුළම්', 3),
(65, 'කල්මඩු', 3),
(66, 'පුවරසංකුළම්', 3),
(67, 'සෙක්කඩිප්පුලවු', 3),
(68, 'පම්බෛමඩු', 3),
(69, 'රාජේන්ද්‍රන්කුළම්', 3),
(70, 'කූමාංකුළම්', 3),
(71, 'කෝවිල්කුළම්', 3),
(72, 'වෙලික්කුළම්', 3),
(73, 'මූන්රුමුරිප්පු', 3),
(74, 'කන්දපුරම්', 3),
(75, 'තෝණික්කල්', 3),
(76, 'සමලංකුළම්', 3),
(77, 'ආසිකුළම්', 3),
(78, 'රම්බෛක්කුළම්', 3),
(79, 'වෛරවපුලියංකුළම්', 3),
(80, 'පන්ඩාරිකුළම්', 3),
(81, 'වවුනියා නගරය උතුර', 3),
(82, 'වේලන්කුළම්', 3),
(83, 'ආඬියාපුලියන්කුලම්', 4),
(84, 'පෙරියතාම්පනයි', 4),
(85, 'පෙරියකඩ්ඩු', 4),
(86, 'කන්නාඩ්ඩි', 4),
(87, 'පිරමනාලන්කුලම්', 4),
(88, 'සූඩුවෙන්දපුලවු', 4),
(89, 'කුරුක්කල්පුදුක්කුලම්', 4),
(90, 'කන්දසාමි නගර්', 4),
(91, 'පාවක්කුලම් යුනිට් 05 & 06', 4),
(92, 'පාවට්කුලම් යුනිට් - 04', 4),
(93, 'පාවට්කුලම් ඒකක 02', 4),
(94, 'මුදලියාර්කුලම්', 4),
(95, 'සින්නසිප්පිකුලම්', 4),
(96, 'නේරියකුලම්', 4),
(97, 'පෙරියපුලියාලන්කුලම්', 4),
(98, 'සෙට්ටිකුලම', 4),
(99, 'මුහත්තාන්කුලම්', 4),
(100, 'පාවට්කුලම් යුනිට් 09 & 10', 4),
(101, 'ක්‍රිස්තවක්කුලම්', 4),
(102, 'කන්ගන්කුලම්', 4);

--
-- Indexes for dumped tables
--

--
-- Indexes for table `agent`
--
ALTER TABLE `agent`
  ADD PRIMARY KEY (`agid`);

--
-- Indexes for table `ampara`
--
ALTER TABLE `ampara`
  ADD PRIMARY KEY (`gncode`);

--
-- Indexes for table `anuradhapura`
--
ALTER TABLE `anuradhapura`
  ADD PRIMARY KEY (`gncode`);

--
-- Indexes for table `applicant`
--
ALTER TABLE `applicant`
  ADD PRIMARY KEY (`id`);

--
-- Indexes for table `badulla`
--
ALTER TABLE `badulla`
  ADD PRIMARY KEY (`gncode`);

--
-- Indexes for table `batticaloa`
--
ALTER TABLE `batticaloa`
  ADD PRIMARY KEY (`gncode`);

--
-- Indexes for table `colombo`
--
ALTER TABLE `colombo`
  ADD PRIMARY KEY (`gncode`);

--
-- Indexes for table `divreport`
--
ALTER TABLE `divreport`
  ADD PRIMARY KEY (`id`);

--
-- Indexes for table `divsec`
--
ALTER TABLE `divsec`
  ADD PRIMARY KEY (`indexno`);

--
-- Indexes for table `envpermit`
--
ALTER TABLE `envpermit`
  ADD PRIMARY KEY (`id`);

--
-- Indexes for table `excavate_permit`
--
ALTER TABLE `excavate_permit`
  ADD PRIMARY KEY (`id`);

--
-- Indexes for table `expitem`
--
ALTER TABLE `expitem`
  ADD PRIMARY KEY (`id`);

--
-- Indexes for table `explosive`
--
ALTER TABLE `explosive`
  ADD PRIMARY KEY (`expid`);

--
-- Indexes for table `galle`
--
ALTER TABLE `galle`
  ADD PRIMARY KEY (`gncode`);

--
-- Indexes for table `gampaha`
--
ALTER TABLE `gampaha`
  ADD PRIMARY KEY (`gncode`);

--
-- Indexes for table `hambantota`
--
ALTER TABLE `hambantota`
  ADD PRIMARY KEY (`gncode`);

--
-- Indexes for table `ins_report`
--
ALTER TABLE `ins_report`
  ADD PRIMARY KEY (`id`);

--
-- Indexes for table `jaffna`
--
ALTER TABLE `jaffna`
  ADD PRIMARY KEY (`gncode`);

--
-- Indexes for table `kalutara`
--
ALTER TABLE `kalutara`
  ADD PRIMARY KEY (`gncode`);

--
-- Indexes for table `kandy`
--
ALTER TABLE `kandy`
  ADD PRIMARY KEY (`gncode`);

--
-- Indexes for table `kegalle`
--
ALTER TABLE `kegalle`
  ADD PRIMARY KEY (`gncode`);

--
-- Indexes for table `kilinochchi`
--
ALTER TABLE `kilinochchi`
  ADD PRIMARY KEY (`gncode`);

--
-- Indexes for table `kurunegala`
--
ALTER TABLE `kurunegala`
  ADD PRIMARY KEY (`gncode`);

--
-- Indexes for table `mannar`
--
ALTER TABLE `mannar`
  ADD PRIMARY KEY (`gncode`);

--
-- Indexes for table `matale`
--
ALTER TABLE `matale`
  ADD PRIMARY KEY (`gncode`);

--
-- Indexes for table `matara`
--
ALTER TABLE `matara`
  ADD PRIMARY KEY (`gncode`);

--
-- Indexes for table `merchantpermit`
--
ALTER TABLE `merchantpermit`
  ADD PRIMARY KEY (`id`);

--
-- Indexes for table `monaragala`
--
ALTER TABLE `monaragala`
  ADD PRIMARY KEY (`gncode`);

--
-- Indexes for table `mullaitivu`
--
ALTER TABLE `mullaitivu`
  ADD PRIMARY KEY (`gncode`);

--
-- Indexes for table `nuwaraeliya`
--
ALTER TABLE `nuwaraeliya`
  ADD PRIMARY KEY (`gncode`);

--
-- Indexes for table `oldpermit`
--
ALTER TABLE `oldpermit`
  ADD PRIMARY KEY (`id`);

--
-- Indexes for table `permit`
--
ALTER TABLE `permit`
  ADD PRIMARY KEY (`perid`);

--
-- Indexes for table `policereport`
--
ALTER TABLE `policereport`
  ADD PRIMARY KEY (`id`);

--
-- Indexes for table `polonnaruwa`
--
ALTER TABLE `polonnaruwa`
  ADD PRIMARY KEY (`gncode`);

--
-- Indexes for table `product`
--
ALTER TABLE `product`
  ADD PRIMARY KEY (`pid`);

--
-- Indexes for table `puttalam`
--
ALTER TABLE `puttalam`
  ADD PRIMARY KEY (`gncode`);

--
-- Indexes for table `quarry`
--
ALTER TABLE `quarry`
  ADD PRIMARY KEY (`quarryid`);

--
-- Indexes for table `quarryexp`
--
ALTER TABLE `quarryexp`
  ADD PRIMARY KEY (`uid`);

--
-- Indexes for table `ratnapura`
--
ALTER TABLE `ratnapura`
  ADD PRIMARY KEY (`gncode`);

--
-- Indexes for table `trincomalee`
--
ALTER TABLE `trincomalee`
  ADD PRIMARY KEY (`gncode`);

--
-- Indexes for table `users`
--
ALTER TABLE `users`
  ADD PRIMARY KEY (`id`);

--
-- Indexes for table `vavuniya`
--
ALTER TABLE `vavuniya`
  ADD PRIMARY KEY (`gncode`);

--
-- AUTO_INCREMENT for dumped tables
--

--
-- AUTO_INCREMENT for table `agent`
--
ALTER TABLE `agent`
  MODIFY `agid` int(11) NOT NULL AUTO_INCREMENT, AUTO_INCREMENT=87;

--
-- AUTO_INCREMENT for table `applicant`
--
ALTER TABLE `applicant`
  MODIFY `id` int(11) NOT NULL AUTO_INCREMENT, AUTO_INCREMENT=84;

--
-- AUTO_INCREMENT for table `divreport`
--
ALTER TABLE `divreport`
  MODIFY `id` int(11) NOT NULL AUTO_INCREMENT, AUTO_INCREMENT=52;

--
-- AUTO_INCREMENT for table `envpermit`
--
ALTER TABLE `envpermit`
  MODIFY `id` int(11) NOT NULL AUTO_INCREMENT, AUTO_INCREMENT=45;

--
-- AUTO_INCREMENT for table `excavate_permit`
--
ALTER TABLE `excavate_permit`
  MODIFY `id` int(11) NOT NULL AUTO_INCREMENT, AUTO_INCREMENT=48;

--
-- AUTO_INCREMENT for table `expitem`
--
ALTER TABLE `expitem`
  MODIFY `id` int(11) NOT NULL AUTO_INCREMENT, AUTO_INCREMENT=7;

--
-- AUTO_INCREMENT for table `explosive`
--
ALTER TABLE `explosive`
  MODIFY `expid` int(11) NOT NULL AUTO_INCREMENT, AUTO_INCREMENT=463;

--
-- AUTO_INCREMENT for table `ins_report`
--
ALTER TABLE `ins_report`
  MODIFY `id` int(11) NOT NULL AUTO_INCREMENT, AUTO_INCREMENT=3;

--
-- AUTO_INCREMENT for table `merchantpermit`
--
ALTER TABLE `merchantpermit`
  MODIFY `id` int(11) NOT NULL AUTO_INCREMENT, AUTO_INCREMENT=43;

--
-- AUTO_INCREMENT for table `oldpermit`
--
ALTER TABLE `oldpermit`
  MODIFY `id` int(11) NOT NULL AUTO_INCREMENT, AUTO_INCREMENT=493;

--
-- AUTO_INCREMENT for table `permit`
--
ALTER TABLE `permit`
  MODIFY `perid` int(11) NOT NULL AUTO_INCREMENT, AUTO_INCREMENT=97;

--
-- AUTO_INCREMENT for table `policereport`
--
ALTER TABLE `policereport`
  MODIFY `id` int(11) NOT NULL AUTO_INCREMENT, AUTO_INCREMENT=53;

--
-- AUTO_INCREMENT for table `product`
--
ALTER TABLE `product`
  MODIFY `pid` int(11) NOT NULL AUTO_INCREMENT, AUTO_INCREMENT=42;

--
-- AUTO_INCREMENT for table `quarry`
--
ALTER TABLE `quarry`
  MODIFY `quarryid` int(11) NOT NULL AUTO_INCREMENT, AUTO_INCREMENT=129;

--
-- AUTO_INCREMENT for table `quarryexp`
--
ALTER TABLE `quarryexp`
  MODIFY `uid` int(11) NOT NULL AUTO_INCREMENT, AUTO_INCREMENT=377;

--
-- AUTO_INCREMENT for table `users`
--
ALTER TABLE `users`
  MODIFY `id` int(11) NOT NULL AUTO_INCREMENT, AUTO_INCREMENT=127;
COMMIT;

/*!40101 SET CHARACTER_SET_CLIENT=@OLD_CHARACTER_SET_CLIENT */;
/*!40101 SET CHARACTER_SET_RESULTS=@OLD_CHARACTER_SET_RESULTS */;
/*!40101 SET COLLATION_CONNECTION=@OLD_COLLATION_CONNECTION */;
